order_id,customer_id,order_date,status,region_code
1,167,2026-07-17 07:20:05,DELIVERED,NORTH
2,303,2025-09-04 07:59:04,SHIPPED,WEST
3,528,2025-11-10 15:30:12,PLACED,SOUTH
4,255,2026-01-06 08:55:11,DELIVERED,EAST
5,310,2025-09-30 02:43:32,SHIPPED,EAST
6,64,2026-01-17 06:48:34,SHIPPED,CENTRAL
7,319,2026-01-14 14:37:02,RETURNED,EAST
8,225,2025-12-30 13:59:24,DELIVERED,CENTRAL
9,563,2026-04-11 20:20:51,CANCELLED,SOUTH
10,84,2025-11-13 10:07:20,DELIVERED,CENTRAL
11,561,2025-11-06 01:09:29,DELIVERED,SOUTH
12,533,2026-05-26 16:50:48,DELIVERED,WEST
13,523,24-08-2025,PLACED,WEST
14,60,2026-06-11 02:56:28,SHIPPED,NORTH
15,4,2026-03-23 13:14:53,PLACED,EAST
16,555,2026-04-04 02:05:46,PLACED,WEST
17,,2025-09-13 07:13:51,DELIVERED,WEST
18,392,2026-08-03 09:34:42,DELIVERED,NORTH
19,553,2025-10-14 18:19:38,PLACED,CENTRAL
20,131,2025-09-17 07:04:56,PLACED,NORTH
21,475,2025-09-11 15:11:38,DELIVERED,SOUTH
22,355,2026-02-16 16:53:18,CANCELLED,NORTH
23,,2026-07-24 08:08:48,RETURNED,NORTH
24,69,09-10-2025,DELIVERED,NORTH
25,46,2025-12-17 11:39:40,SHIPPED,NORTH
26,297,2025-09-21 05:58:44,DELIVERED,CENTRAL
27,329,2026-03-20 14:09:01,RETURNED,CENTRAL
28,308,2025-12-28 04:44:42,DELIVERED,SOUTH
29,438,21-07-2025,SHIPPED,WEST
30,327,2026-03-10 03:51:11,SHIPPED,SOUTH
31,485,2025-09-26 08:09:13,CANCELLED,SOUTH
32,60,2026-03-01 11:57:48,DELIVERED,SOUTH
33,262,2025-12-11 01:47:44,RETURNED,EAST
34,196,2026-04-15 00:00:49,DELIVERED,NORTH
35,193,2025-09-29 16:26:54,DELIVERED,SOUTH
36,341,2026-05-03 19:41:27,SHIPPED,SOUTH
37,121,2026-05-26 03:01:35,RETURNED,CENTRAL
38,407,2025-08-04 01:08:05,DELIVERED,WEST
39,368,2025-08-19 13:04:20,CANCELLED,WEST
40,481,2026-06-20 03:19:49,SHIPPED,EAST
41,577,2025-09-22 05:46:58,PLACED,CENTRAL
42,594,2025-11-16 05:16:32,SHIPPED,SOUTH
43,252,2026-01-07 05:58:08,DELIVERED,EAST
44,501,2025-10-22 01:20:46,DELIVERED,SOUTH
45,361,2026-06-16 10:39:27,DELIVERED,CENTRAL
46,61,2026-02-03 23:54:14,PLACED,NORTH
47,423,2026-03-20 01:08:41,PLACED,SOUTH
48,,2026-03-03 09:12:49,DELIVERED,CENTRAL
49,500,2026-03-09 01:17:32,DELIVERED,NORTH
50,282,2026-02-27 10:37:29,DELIVERED,WEST
51,184,2025-11-24 21:30:22,PLACED,SOUTH
52,259,2026-06-09 16:10:58,DELIVERED,EAST
53,471,2026-03-11 10:45:12,SHIPPED,NORTH
54,33,2026-05-28 02:33:43,DELIVERED,NORTH
55,176,2026-04-15 11:54:12,DELIVERED,EAST
56,98,2025-11-04 22:24:01,SHIPPED,CENTRAL
57,48,2026-03-10 07:26:12,SHIPPED,CENTRAL
58,34,2025-08-12 19:43:26,PLACED,SOUTH
59,408,2025-09-01 06:38:36,DELIVERED,CENTRAL
60,399,2025-08-25 21:58:09,DELIVERED,SOUTH
61,81,2025-11-08 01:42:48,PLACED,WEST
62,78,2025-09-20 16:37:21,RETURNED,WEST
63,335,2026-04-10 12:46:25,RETURNED,WEST
64,567,2026-01-28 07:35:56,DELIVERED,WEST
65,303,2025-12-22 16:51:49,PLACED,SOUTH
66,158,2025-09-02 19:50:37,PLACED,NORTH
67,456,2025-12-09 01:08:46,PLACED,SOUTH
68,571,2025-09-21 18:20:07,PLACED,EAST
69,333,18-03-2026,DELIVERED,NORTH
70,573,2026-04-10 12:44:21,DELIVERED,SOUTH
71,174,2026-03-22 11:31:44,DELIVERED,NORTH
72,283,2026-08-09 17:25:34,PLACED,EAST
73,508,2026-02-14 18:02:13,PLACED,EAST
74,,2026-01-19 22:33:06,DELIVERED,EAST
75,441,2025-09-03 18:53:59,RETURNED,SOUTH
76,206,2025-11-11 17:01:52,DELIVERED,EAST
77,503,2026-01-04 15:48:28,SHIPPED,EAST
78,403,2025-07-31 12:09:58,SHIPPED,CENTRAL
79,564,2025-11-29 06:59:41,RETURNED,SOUTH
80,299,14-07-2025,CANCELLED,WEST
81,143,2025-09-02 07:11:46,DELIVERED,WEST
82,76,2026-05-28 16:35:12,DELIVERED,CENTRAL
83,429,2026-07-26 11:04:48,DELIVERED,CENTRAL
84,88,2026-01-26 04:28:19,DELIVERED,SOUTH
85,46,2026-01-22 01:07:06,DELIVERED,EAST
86,441,2026-04-07 01:49:23,SHIPPED,CENTRAL
87,590,2025-12-21 16:06:17,DELIVERED,CENTRAL
88,155,07-06-2026,PLACED,WEST
89,88,2026-01-19 13:36:22,PLACED,EAST
90,212,2025-08-11 23:58:11,PLACED,WEST
91,308,2025-07-22 12:14:23,PLACED,EAST
92,169,2026-05-07 06:33:30,DELIVERED,CENTRAL
93,574,2025-11-02 19:34:36,DELIVERED,SOUTH
94,443,2025-10-26 23:58:47,CANCELLED,WEST
95,399,2026-08-16 18:22:47,DELIVERED,NORTH
96,550,2025-09-14 19:49:04,DELIVERED,EAST
97,502,2026-01-07 03:47:43,DELIVERED,CENTRAL
98,117,2026-04-29 22:36:36,DELIVERED,EAST
99,87,2026-05-09 04:42:46,SHIPPED,NORTH
100,145,2026-02-12 16:48:46,PLACED,WEST
101,499,2025-08-24 01:49:47,DELIVERED,SOUTH
102,502,2025-08-24 11:16:46,CANCELLED,CENTRAL
103,368,2026-05-12 19:58:06,SHIPPED,WEST
104,518,2026-05-31 21:08:59,DELIVERED,WEST
105,85,2025-12-02 09:14:22,SHIPPED,NORTH
106,551,2026-05-31 14:46:22,DELIVERED,WEST
107,116,2025-07-26 18:16:00,DELIVERED,EAST
108,43,2026-04-20 15:12:35,SHIPPED,WEST
109,254,2026-02-11 08:48:01,DELIVERED,EAST
110,90,2026-08-05 17:20:26,DELIVERED,SOUTH
111,360,2025-08-19 19:22:41,DELIVERED,CENTRAL
112,212,2026-06-03 13:34:26,DELIVERED,CENTRAL
113,552,2026-05-03 10:23:23,SHIPPED,CENTRAL
114,527,2025-11-05 00:54:25,PLACED,WEST
115,284,2026-08-09 11:51:22,CANCELLED,SOUTH
116,330,2026-01-04 03:46:02,DELIVERED,WEST
117,276,2025-11-25 03:41:51,PLACED,NORTH
118,285,2026-05-29 06:56:36,DELIVERED,WEST
119,3,2025-12-30 22:34:11,PLACED,WEST
120,367,2026-08-07 09:01:54,DELIVERED,WEST
121,507,2026-05-13 00:53:26,SHIPPED,CENTRAL
122,497,2025-10-12 00:12:15,DELIVERED,NORTH
123,471,2026-05-26 21:45:05,SHIPPED,WEST
124,,2026-02-27 19:20:56,DELIVERED,SOUTH
125,310,2025-11-25 23:11:27,SHIPPED,EAST
126,381,2026-04-17 09:08:02,PLACED,EAST
127,240,2026-03-17 12:59:27,PLACED,SOUTH
128,136,2025-09-13 22:40:40,DELIVERED,NORTH
129,124,2025-09-03 08:49:27,PLACED,NORTH
130,92,2025-09-30 00:22:30,SHIPPED,EAST
131,137,2025-09-30 03:26:28,PLACED,CENTRAL
132,,2025-08-02 18:42:26,DELIVERED,SOUTH
133,454,2025-11-26 00:56:36,PLACED,NORTH
134,394,2025-10-29 11:07:43,DELIVERED,SOUTH
135,87,2026-02-08 08:48:48,DELIVERED,EAST
136,28,2025-11-15 07:08:56,SHIPPED,CENTRAL
137,194,2026-04-14 17:32:31,PLACED,SOUTH
138,116,2025-11-01 17:24:47,PLACED,NORTH
139,325,2025-10-24 00:42:12,DELIVERED,EAST
140,177,2026-06-14 14:48:42,DELIVERED,NORTH
141,15,04-08-2026,PLACED,WEST
142,514,2026-04-04 22:35:48,DELIVERED,CENTRAL
143,157,2025-08-16 23:07:32,DELIVERED,SOUTH
144,160,2026-07-26 01:02:50,DELIVERED,NORTH
145,448,2026-05-17 00:21:53,PLACED,NORTH
146,119,2026-07-08 15:24:37,SHIPPED,SOUTH
147,141,2026-08-06 19:03:58,RETURNED,CENTRAL
148,266,2026-06-18 04:31:23,DELIVERED,EAST
149,121,29-08-2025,CANCELLED,EAST
150,270,2026-06-17 19:19:41,PLACED,WEST
151,57,2025-10-17 01:02:11,DELIVERED,EAST
152,588,2026-04-17 15:13:00,DELIVERED,NORTH
153,,2026-06-02 22:29:37,DELIVERED,WEST
154,184,2026-05-07 10:30:57,DELIVERED,WEST
155,255,2026-04-03 17:30:32,SHIPPED,NORTH
156,123,2026-01-19 20:48:43,SHIPPED,CENTRAL
157,411,2026-02-23 15:42:30,SHIPPED,EAST
158,567,2025-10-24 13:44:41,SHIPPED,EAST
159,249,2025-12-21 02:45:59,DELIVERED,SOUTH
160,560,2026-01-05 01:12:40,PLACED,WEST
161,,2026-03-17 21:07:34,DELIVERED,NORTH
162,2,2026-06-23 08:38:31,DELIVERED,EAST
163,543,2025-08-16 02:54:21,RETURNED,SOUTH
164,96,2026-01-30 05:02:52,CANCELLED,WEST
165,382,2025-10-28 07:59:27,DELIVERED,CENTRAL
166,404,2026-07-15 14:08:35,DELIVERED,SOUTH
167,268,2025-12-03 06:12:32,DELIVERED,EAST
168,279,2026-07-21 02:14:21,PLACED,CENTRAL
169,109,2025-11-16 17:39:19,DELIVERED,CENTRAL
170,213,2025-07-11 06:48:42,CANCELLED,NORTH
171,312,2026-05-12 10:41:19,PLACED,EAST
172,255,2026-04-26 01:39:09,PLACED,EAST
173,179,2026-04-25 08:38:38,DELIVERED,CENTRAL
174,474,2026-01-07 14:29:59,PLACED,NORTH
175,228,2026-03-29 22:45:19,DELIVERED,NORTH
176,266,28-11-2025,RETURNED,SOUTH
177,455,2025-08-04 08:24:49,CANCELLED,EAST
178,473,2026-02-06 15:35:01,DELIVERED,WEST
179,392,2025-10-04 10:46:20,SHIPPED,SOUTH
180,457,27-12-2025,DELIVERED,SOUTH
181,511,2025-10-02 02:01:49,PLACED,EAST
182,430,2025-10-24 12:02:00,DELIVERED,CENTRAL
183,392,2026-06-02 21:10:55,DELIVERED,WEST
184,580,2025-11-20 20:59:14,SHIPPED,EAST
185,31,2026-02-23 20:31:51,PLACED,WEST
186,599,2026-02-19 04:37:01,PLACED,SOUTH
187,58,2026-01-18 05:42:04,DELIVERED,WEST
188,178,2025-11-23 05:47:10,CANCELLED,EAST
189,29,2026-04-06 05:28:02,DELIVERED,SOUTH
190,193,2025-07-29 10:47:38,RETURNED,CENTRAL
191,503,18-08-2025,DELIVERED,NORTH
192,1,2026-05-16 07:16:07,CANCELLED,EAST
193,332,2026-01-08 01:14:55,DELIVERED,SOUTH
194,539,2025-08-28 10:28:47,DELIVERED,WEST
195,345,2026-06-14 11:20:43,SHIPPED,WEST
196,499,2025-12-31 19:36:08,RETURNED,CENTRAL
197,229,2025-07-10 13:45:18,DELIVERED,EAST
198,2,2026-07-24 04:03:27,DELIVERED,CENTRAL
199,,2025-09-28 07:32:59,RETURNED,SOUTH
200,107,2026-04-08 14:47:34,DELIVERED,SOUTH
201,328,2025-08-31 11:19:55,PLACED,EAST
202,272,2026-03-24 08:29:20,DELIVERED,NORTH
203,50,2025-09-11 04:12:04,RETURNED,WEST
204,388,2026-07-14 03:52:31,CANCELLED,CENTRAL
205,231,26-10-2025,CANCELLED,EAST
206,,2026-03-26 04:03:36,SHIPPED,WEST
207,77,2025-10-17 07:47:39,PLACED,CENTRAL
208,495,2025-12-04 08:31:25,DELIVERED,CENTRAL
209,161,2026-07-02 17:20:39,RETURNED,WEST
210,554,2025-09-13 18:20:41,SHIPPED,NORTH
211,563,2025-12-14 01:02:00,DELIVERED,WEST
212,492,08-11-2025,SHIPPED,EAST
213,485,2026-04-12 21:45:56,DELIVERED,WEST
214,272,2025-10-10 21:36:29,SHIPPED,WEST
215,457,2026-03-26 12:34:34,SHIPPED,EAST
216,155,2026-04-14 14:09:57,PLACED,EAST
217,424,2025-07-10 17:38:59,DELIVERED,WEST
218,429,2026-01-14 20:43:52,RETURNED,CENTRAL
219,488,2025-08-31 18:47:55,CANCELLED,NORTH
220,530,2025-10-07 18:07:34,DELIVERED,NORTH
221,460,2026-04-05 05:04:58,RETURNED,SOUTH
222,434,2025-07-13 23:28:57,SHIPPED,SOUTH
223,265,2026-04-11 09:16:46,CANCELLED,NORTH
224,407,2026-05-29 10:33:15,DELIVERED,NORTH
225,536,2026-08-05 01:57:26,PLACED,CENTRAL
226,103,2025-12-24 07:32:17,PLACED,EAST
227,353,2025-08-31 13:49:09,DELIVERED,CENTRAL
228,39,2025-08-07 07:34:26,DELIVERED,WEST
229,,2025-12-08 19:04:18,SHIPPED,WEST
230,382,2026-04-25 07:02:39,SHIPPED,EAST
231,101,2025-08-19 19:28:48,SHIPPED,WEST
232,329,2025-11-11 05:22:16,DELIVERED,SOUTH
233,417,2026-06-23 16:50:29,CANCELLED,NORTH
234,163,2025-09-02 12:50:21,DELIVERED,CENTRAL
235,30,2026-05-12 04:17:02,SHIPPED,NORTH
236,468,2026-05-04 03:35:25,SHIPPED,EAST
237,518,2025-08-31 23:02:09,DELIVERED,SOUTH
238,457,2026-08-06 23:22:28,DELIVERED,EAST
239,265,2025-09-04 19:09:50,SHIPPED,WEST
240,,2026-02-05 02:24:53,SHIPPED,SOUTH
241,212,2025-07-13 15:46:25,PLACED,NORTH
242,136,2026-03-24 08:42:27,PLACED,EAST
243,313,2025-12-31 08:20:27,SHIPPED,WEST
244,471,2026-04-21 23:58:15,DELIVERED,CENTRAL
245,105,2026-03-15 16:28:20,RETURNED,EAST
246,290,2025-09-08 04:02:15,PLACED,EAST
247,284,2025-12-20 02:53:41,CANCELLED,EAST
248,530,2026-04-07 19:34:00,CANCELLED,CENTRAL
249,328,2026-06-15 09:16:42,DELIVERED,EAST
250,429,2025-08-13 14:05:57,DELIVERED,CENTRAL
251,352,2025-08-19 00:51:29,DELIVERED,WEST
252,368,2026-05-03 20:49:53,CANCELLED,CENTRAL
253,100,2026-02-28 11:00:33,DELIVERED,CENTRAL
254,188,2025-12-09 04:12:06,DELIVERED,SOUTH
255,315,2026-07-26 05:34:18,DELIVERED,CENTRAL
256,121,2025-11-11 16:18:23,DELIVERED,CENTRAL
257,200,2025-09-03 14:28:25,DELIVERED,EAST
258,155,2025-10-27 20:03:02,DELIVERED,CENTRAL
259,469,2025-08-12 14:56:51,SHIPPED,NORTH
260,182,14-02-2026,DELIVERED,SOUTH
261,173,2026-03-04 14:02:18,DELIVERED,NORTH
262,445,2026-03-07 14:01:48,RETURNED,WEST
263,,2026-05-14 08:34:18,RETURNED,EAST
264,544,2026-04-09 08:40:32,DELIVERED,SOUTH
265,353,2026-06-10 14:43:03,DELIVERED,EAST
266,47,2026-03-27 16:17:29,DELIVERED,CENTRAL
267,445,2025-11-06 14:18:20,SHIPPED,WEST
268,193,2026-01-31 01:19:02,CANCELLED,NORTH
269,135,27-01-2026,DELIVERED,NORTH
270,39,2026-05-02 01:09:13,DELIVERED,CENTRAL
271,,2025-11-04 04:20:28,DELIVERED,NORTH
272,,2025-07-31 21:15:27,PLACED,EAST
273,157,2026-06-30 09:27:49,PLACED,WEST
274,533,2026-07-22 20:09:54,PLACED,NORTH
275,121,2026-01-22 00:20:19,DELIVERED,CENTRAL
276,270,2025-08-23 21:23:39,DELIVERED,WEST
277,41,2026-01-23 20:53:51,DELIVERED,WEST
278,3,2026-03-02 04:21:03,PLACED,CENTRAL
279,153,2026-02-04 05:19:40,PLACED,NORTH
280,237,2026-07-31 22:42:02,SHIPPED,NORTH
281,179,2026-08-04 13:52:52,DELIVERED,EAST
282,119,2026-07-14 15:15:12,PLACED,SOUTH
283,175,2025-08-31 11:59:40,RETURNED,EAST
284,96,2026-06-15 17:21:35,PLACED,WEST
285,279,2026-02-20 01:51:38,DELIVERED,WEST
286,171,2025-12-01 19:29:02,PLACED,SOUTH
287,495,2026-04-06 09:10:12,SHIPPED,WEST
288,30,2026-05-07 22:24:07,DELIVERED,SOUTH
289,500,2026-07-22 18:05:28,PLACED,EAST
290,13,2026-05-10 22:55:27,DELIVERED,CENTRAL
291,230,2025-07-16 21:44:22,SHIPPED,CENTRAL
292,98,2025-08-06 00:17:38,DELIVERED,WEST
293,572,2025-10-21 23:45:02,PLACED,SOUTH
294,481,2025-07-26 01:20:17,PLACED,WEST
295,339,03-08-2025,SHIPPED,WEST
296,241,2026-05-18 10:31:21,DELIVERED,NORTH
297,458,2026-01-26 15:36:04,DELIVERED,NORTH
298,423,2026-03-15 21:07:45,CANCELLED,CENTRAL
299,312,2026-01-24 10:48:55,DELIVERED,WEST
300,373,2025-12-21 14:13:17,CANCELLED,EAST
301,485,2026-04-13 20:15:09,DELIVERED,NORTH
302,228,2026-08-21 18:22:47,RETURNED,EAST
303,383,07-02-2026,SHIPPED,SOUTH
304,420,2026-03-10 22:16:01,SHIPPED,WEST
305,196,2025-10-28 00:47:49,DELIVERED,CENTRAL
306,462,2025-11-09 20:40:42,DELIVERED,WEST
307,,2026-01-28 12:09:11,DELIVERED,CENTRAL
308,521,2025-09-28 15:53:42,DELIVERED,SOUTH
309,132,2026-05-25 20:40:12,DELIVERED,EAST
310,394,2026-02-07 10:14:25,DELIVERED,SOUTH
311,352,2025-12-11 19:47:16,PLACED,WEST
312,525,2026-03-18 03:27:06,CANCELLED,CENTRAL
313,206,2026-06-05 07:51:49,DELIVERED,SOUTH
314,183,2026-04-05 15:15:59,SHIPPED,NORTH
315,576,2025-08-05 10:50:26,DELIVERED,WEST
316,547,2026-04-12 14:30:01,CANCELLED,CENTRAL
317,391,2026-04-24 23:24:13,SHIPPED,SOUTH
318,257,10-06-2026,DELIVERED,SOUTH
319,34,2025-08-02 04:55:38,DELIVERED,CENTRAL
320,575,2025-08-13 09:35:19,DELIVERED,EAST
321,49,2025-12-29 03:02:27,RETURNED,EAST
322,56,2026-01-05 14:18:36,DELIVERED,WEST
323,377,2026-03-08 01:47:32,DELIVERED,SOUTH
324,182,09-11-2025,RETURNED,CENTRAL
325,42,2026-04-29 14:46:56,PLACED,CENTRAL
326,6,2026-04-29 04:57:22,SHIPPED,SOUTH
327,53,2025-08-26 12:58:41,CANCELLED,EAST
328,587,16-04-2026,DELIVERED,CENTRAL
329,189,2026-04-13 17:18:02,SHIPPED,CENTRAL
330,95,2025-09-13 02:16:54,DELIVERED,EAST
331,224,2026-07-22 04:27:16,DELIVERED,CENTRAL
332,10,2026-02-02 03:12:16,SHIPPED,CENTRAL
333,250,2026-05-15 22:42:05,SHIPPED,NORTH
334,554,21-04-2026,DELIVERED,EAST
335,521,14-09-2025,CANCELLED,SOUTH
336,85,2025-08-29 12:02:35,RETURNED,CENTRAL
337,68,2026-05-15 05:01:07,SHIPPED,WEST
338,211,2025-10-24 14:11:39,RETURNED,WEST
339,74,2026-06-25 20:20:15,DELIVERED,EAST
340,,2026-05-11 09:00:55,SHIPPED,NORTH
341,234,2025-07-21 21:57:39,DELIVERED,WEST
342,18,2026-05-25 11:37:57,PLACED,CENTRAL
343,600,2025-10-25 20:43:06,DELIVERED,CENTRAL
344,309,2025-08-04 13:33:04,RETURNED,WEST
345,32,2026-04-18 00:01:41,PLACED,WEST
346,559,2026-02-23 08:21:49,SHIPPED,EAST
347,12,2025-08-09 18:48:52,PLACED,NORTH
348,404,2026-01-06 07:38:24,SHIPPED,EAST
349,525,2025-11-29 17:17:24,DELIVERED,EAST
350,186,2026-01-23 21:09:29,PLACED,CENTRAL
351,563,2026-02-19 11:40:43,SHIPPED,SOUTH
352,499,2025-12-02 17:04:44,DELIVERED,SOUTH
353,72,2025-10-19 04:39:23,DELIVERED,CENTRAL
354,599,2025-08-20 00:00:51,CANCELLED,WEST
355,321,2026-02-22 06:21:51,DELIVERED,WEST
356,369,2026-04-22 03:15:29,CANCELLED,WEST
357,313,2025-10-08 15:08:06,DELIVERED,NORTH
358,144,2026-01-27 12:37:01,DELIVERED,NORTH
359,20,2025-07-27 17:18:18,CANCELLED,CENTRAL
360,218,2026-06-16 13:25:42,DELIVERED,CENTRAL
361,153,2025-10-15 00:23:14,DELIVERED,EAST
362,514,2026-01-12 20:52:34,DELIVERED,SOUTH
363,170,2025-12-08 18:12:47,SHIPPED,CENTRAL
364,150,2025-09-07 15:47:57,DELIVERED,SOUTH
365,238,2026-07-13 13:01:02,PLACED,SOUTH
366,370,2026-06-14 09:45:57,CANCELLED,NORTH
367,332,2026-02-13 22:36:05,DELIVERED,EAST
368,270,2026-07-06 17:39:13,DELIVERED,WEST
369,80,2026-04-29 05:01:43,RETURNED,CENTRAL
370,354,2025-12-23 03:35:26,DELIVERED,CENTRAL
371,451,14-11-2025,DELIVERED,SOUTH
372,162,2025-12-21 22:02:51,PLACED,SOUTH
373,339,2026-04-21 03:37:16,DELIVERED,SOUTH
374,421,25-10-2025,DELIVERED,SOUTH
375,525,2025-08-10 02:34:08,PLACED,EAST
376,530,2025-12-04 17:40:37,DELIVERED,NORTH
377,291,2026-01-24 20:13:49,DELIVERED,WEST
378,175,2026-07-01 23:41:52,PLACED,CENTRAL
379,187,2025-09-19 05:30:14,SHIPPED,EAST
380,71,2026-05-24 09:20:38,PLACED,SOUTH
381,517,2026-08-02 09:58:40,DELIVERED,SOUTH
382,40,2026-07-22 14:32:43,DELIVERED,NORTH
383,134,2025-08-06 13:31:23,PLACED,WEST
384,380,2026-01-10 05:34:01,DELIVERED,WEST
385,391,2025-10-29 22:43:31,RETURNED,CENTRAL
386,138,2026-06-09 09:48:42,RETURNED,NORTH
387,557,2025-11-16 17:45:57,DELIVERED,NORTH
388,121,2026-02-14 00:45:08,SHIPPED,EAST
389,110,2025-07-13 10:58:31,SHIPPED,CENTRAL
390,375,2025-09-27 15:55:03,DELIVERED,SOUTH
391,571,2026-02-18 06:27:07,DELIVERED,EAST
392,592,2025-11-07 11:45:18,DELIVERED,NORTH
393,458,2026-03-13 13:34:35,PLACED,CENTRAL
394,347,2026-01-09 18:29:11,DELIVERED,NORTH
395,6,2026-03-01 07:06:07,DELIVERED,CENTRAL
396,66,2026-01-21 09:50:44,DELIVERED,WEST
397,411,2026-05-11 20:14:35,DELIVERED,CENTRAL
398,180,2025-09-25 14:06:06,SHIPPED,CENTRAL
399,35,2026-07-01 09:28:59,DELIVERED,CENTRAL
400,37,2026-05-07 01:06:24,RETURNED,NORTH
401,410,2025-10-15 05:50:55,DELIVERED,CENTRAL
402,,2025-07-12 19:52:20,DELIVERED,CENTRAL
403,357,2025-12-19 11:00:31,SHIPPED,SOUTH
404,414,2025-10-10 10:43:50,DELIVERED,NORTH
405,516,2025-11-24 07:15:39,CANCELLED,EAST
406,589,2026-06-07 07:46:12,DELIVERED,WEST
407,348,2026-06-22 04:52:00,DELIVERED,CENTRAL
408,494,21-07-2026,DELIVERED,SOUTH
409,236,2025-07-10 21:12:57,DELIVERED,CENTRAL
410,,2026-03-27 05:50:12,PLACED,EAST
411,183,2026-06-11 01:17:22,CANCELLED,EAST
412,195,2026-04-23 21:22:00,DELIVERED,EAST
413,208,2025-08-20 09:55:26,DELIVERED,NORTH
414,81,2026-02-04 19:49:48,DELIVERED,CENTRAL
415,494,2025-10-12 11:47:52,CANCELLED,CENTRAL
416,503,2026-01-20 21:12:19,DELIVERED,WEST
417,591,2025-08-02 23:48:22,DELIVERED,CENTRAL
418,,2026-08-08 13:31:12,DELIVERED,WEST
419,531,2026-04-17 17:39:42,PLACED,SOUTH
420,104,2025-08-16 02:15:33,SHIPPED,CENTRAL
421,276,2026-07-09 15:11:30,DELIVERED,WEST
422,430,2026-06-30 03:31:51,CANCELLED,EAST
423,586,2026-01-31 20:23:42,SHIPPED,NORTH
424,242,2026-04-13 11:06:20,SHIPPED,SOUTH
425,10,2025-12-04 14:40:33,RETURNED,CENTRAL
426,324,2026-07-30 16:52:41,DELIVERED,CENTRAL
427,,2025-08-12 21:09:07,SHIPPED,EAST
428,99,2025-08-17 02:27:53,DELIVERED,CENTRAL
429,264,2025-09-01 02:31:30,DELIVERED,CENTRAL
430,590,2026-05-30 13:38:25,RETURNED,EAST
431,523,2025-08-08 21:33:31,CANCELLED,WEST
432,475,2026-02-19 20:32:56,SHIPPED,EAST
433,586,2025-12-29 07:46:46,PLACED,EAST
434,325,2026-07-26 14:46:26,DELIVERED,WEST
435,456,2025-10-11 22:32:59,DELIVERED,CENTRAL
436,424,2025-10-21 12:24:54,PLACED,SOUTH
437,82,2025-11-11 21:06:06,PLACED,WEST
438,27,2026-05-22 23:55:27,RETURNED,NORTH
439,160,2026-04-13 09:57:16,DELIVERED,SOUTH
440,291,2026-04-27 02:36:11,DELIVERED,SOUTH
441,,2025-11-13 02:02:17,SHIPPED,WEST
442,554,2025-10-25 20:29:01,PLACED,CENTRAL
443,468,2025-08-08 20:12:04,DELIVERED,CENTRAL
444,547,2025-09-28 11:17:36,DELIVERED,NORTH
445,375,2026-05-14 17:45:10,PLACED,CENTRAL
446,140,2026-02-26 12:49:37,PLACED,WEST
447,489,2025-09-09 18:20:50,DELIVERED,CENTRAL
448,8,2025-09-13 07:25:45,CANCELLED,WEST
449,168,2026-01-10 14:41:14,CANCELLED,SOUTH
450,433,2025-12-18 01:33:59,DELIVERED,CENTRAL
451,279,2026-02-07 05:49:15,CANCELLED,WEST
452,71,2026-07-26 18:43:35,DELIVERED,CENTRAL
453,504,30-09-2025,PLACED,CENTRAL
454,,2025-11-09 05:30:02,PLACED,WEST
455,239,23-10-2025,SHIPPED,WEST
456,511,2025-08-26 17:26:38,DELIVERED,EAST
457,150,2025-09-10 15:16:24,PLACED,WEST
458,257,2026-04-07 14:42:49,PLACED,SOUTH
459,454,2026-06-02 02:36:31,SHIPPED,NORTH
460,214,2026-04-11 21:26:11,SHIPPED,EAST
461,44,2025-07-26 06:06:41,PLACED,WEST
462,204,05-06-2026,DELIVERED,NORTH
463,445,2025-11-16 22:26:32,SHIPPED,NORTH
464,249,15-08-2025,DELIVERED,WEST
465,159,2025-10-16 11:11:39,SHIPPED,NORTH
466,347,2025-11-27 23:42:30,DELIVERED,NORTH
467,158,2026-01-29 08:36:21,PLACED,SOUTH
468,572,2026-04-04 02:30:51,CANCELLED,WEST
469,22,2025-10-21 04:35:35,PLACED,NORTH
470,449,2026-08-06 01:53:28,DELIVERED,CENTRAL
471,357,2025-07-22 14:20:28,CANCELLED,CENTRAL
472,568,2025-12-17 05:26:33,DELIVERED,EAST
473,465,2026-08-30 18:22:47,DELIVERED,NORTH
474,373,2026-05-02 03:22:55,DELIVERED,CENTRAL
475,195,2025-10-17 02:42:03,DELIVERED,CENTRAL
476,420,2026-01-09 00:36:38,DELIVERED,NORTH
477,,2026-05-24 05:09:21,PLACED,NORTH
478,102,2025-09-03 14:07:15,DELIVERED,WEST
479,263,2025-07-15 00:49:24,DELIVERED,NORTH
480,214,2026-06-03 16:26:12,CANCELLED,WEST
481,63,2026-08-02 20:55:28,CANCELLED,EAST
482,60,2025-08-30 23:57:47,PLACED,NORTH
483,80,2026-06-01 00:51:25,PLACED,SOUTH
484,195,2025-12-04 12:16:55,DELIVERED,SOUTH
485,572,2026-03-16 13:31:08,DELIVERED,EAST
486,438,2026-03-22 06:04:15,SHIPPED,WEST
487,162,2026-02-25 14:11:53,RETURNED,EAST
488,333,2025-10-20 15:49:00,DELIVERED,EAST
489,577,2026-05-27 17:09:17,DELIVERED,EAST
490,464,2025-07-18 22:14:46,DELIVERED,EAST
491,531,2025-08-04 19:14:47,PLACED,SOUTH
492,323,2026-07-02 04:57:58,DELIVERED,EAST
493,524,2026-01-01 15:57:50,SHIPPED,NORTH
494,160,2025-08-30 05:42:19,DELIVERED,SOUTH
495,308,2026-07-03 05:28:15,RETURNED,NORTH
496,495,2026-06-03 06:47:32,DELIVERED,CENTRAL
497,98,2025-11-18 10:05:34,DELIVERED,CENTRAL
498,58,2025-07-27 04:34:19,CANCELLED,WEST
499,124,2026-01-08 14:39:39,DELIVERED,CENTRAL
500,392,2025-09-14 17:43:55,SHIPPED,CENTRAL
501,515,2026-02-22 06:05:51,DELIVERED,WEST
502,590,2026-05-31 05:59:19,SHIPPED,WEST
503,345,2025-12-13 12:17:17,PLACED,WEST
504,409,2025-07-21 23:09:26,PLACED,SOUTH
505,203,2026-04-06 11:44:27,SHIPPED,CENTRAL
506,537,16-09-2025,DELIVERED,EAST
507,590,2025-10-03 05:13:07,DELIVERED,EAST
508,353,22-09-2025,SHIPPED,EAST
509,453,2025-10-28 23:27:01,RETURNED,SOUTH
510,383,2026-06-24 15:57:01,PLACED,NORTH
511,152,2025-07-24 00:11:56,PLACED,NORTH
512,483,2026-03-12 03:58:08,DELIVERED,SOUTH
513,265,2025-10-15 12:05:34,RETURNED,NORTH
514,540,2025-11-04 00:11:40,SHIPPED,CENTRAL
515,477,20-12-2025,DELIVERED,EAST
516,369,13-02-2026,CANCELLED,WEST
517,390,2025-08-03 10:05:40,RETURNED,WEST
518,545,2025-10-28 22:42:17,RETURNED,CENTRAL
519,23,2025-09-02 13:51:08,SHIPPED,WEST
520,161,2025-09-27 04:24:06,DELIVERED,EAST
521,514,25-06-2026,SHIPPED,WEST
522,31,2026-02-03 05:51:43,SHIPPED,EAST
523,141,2026-03-16 17:51:17,RETURNED,CENTRAL
524,233,2026-05-23 12:44:56,DELIVERED,EAST
525,338,2026-05-20 15:15:25,DELIVERED,CENTRAL
526,208,2026-08-05 13:48:32,DELIVERED,CENTRAL
527,441,2026-05-15 12:32:00,PLACED,CENTRAL
528,326,2025-11-29 07:41:13,DELIVERED,SOUTH
529,150,2026-02-10 15:22:48,CANCELLED,WEST
530,311,2026-01-17 23:27:07,CANCELLED,EAST
531,193,2026-07-06 05:35:37,DELIVERED,CENTRAL
532,581,2026-01-24 23:34:27,SHIPPED,NORTH
533,489,2025-12-10 21:28:54,DELIVERED,EAST
534,397,2025-09-19 09:58:45,SHIPPED,NORTH
535,16,2025-11-13 09:49:10,SHIPPED,SOUTH
536,68,2025-10-04 22:04:08,DELIVERED,CENTRAL
537,333,2026-06-29 13:04:44,DELIVERED,NORTH
538,390,2026-05-14 04:28:39,RETURNED,CENTRAL
539,538,2025-08-02 11:25:53,PLACED,NORTH
540,44,2026-08-06 10:00:11,DELIVERED,NORTH
541,529,2026-02-04 16:12:10,SHIPPED,WEST
542,312,2026-05-09 13:28:09,SHIPPED,EAST
543,56,2026-08-09 14:38:16,DELIVERED,WEST
544,513,2026-07-30 11:25:17,RETURNED,CENTRAL
545,424,18-08-2025,DELIVERED,SOUTH
546,93,2026-03-27 01:39:58,RETURNED,SOUTH
547,127,2025-10-23 16:57:29,DELIVERED,NORTH
548,394,2026-05-29 02:44:05,DELIVERED,SOUTH
549,390,2026-07-08 01:05:10,SHIPPED,SOUTH
550,149,2025-08-01 09:58:15,DELIVERED,EAST
551,457,2026-08-08 08:08:11,CANCELLED,SOUTH
552,,05-10-2025,DELIVERED,WEST
553,6,2026-06-10 01:33:12,SHIPPED,WEST
554,453,2026-05-21 15:24:23,SHIPPED,CENTRAL
555,571,2025-11-27 14:48:16,SHIPPED,NORTH
556,38,07-06-2026,DELIVERED,CENTRAL
557,90,2026-06-09 13:21:54,SHIPPED,EAST
558,587,2025-09-17 22:42:55,DELIVERED,CENTRAL
559,37,2026-03-01 14:57:57,DELIVERED,WEST
560,438,25-05-2026,DELIVERED,NORTH
561,282,2026-04-12 04:32:28,SHIPPED,SOUTH
562,112,2026-07-06 17:57:37,DELIVERED,NORTH
563,295,2025-07-21 11:02:57,SHIPPED,CENTRAL
564,363,2026-04-13 08:23:25,DELIVERED,WEST
565,185,2026-07-20 00:39:27,SHIPPED,SOUTH
566,,2026-02-18 04:33:05,PLACED,SOUTH
567,425,2026-02-17 23:49:43,DELIVERED,SOUTH
568,,2025-09-22 17:52:22,DELIVERED,EAST
569,564,05-08-2026,DELIVERED,EAST
570,583,23-06-2026,SHIPPED,EAST
571,491,2026-01-20 23:04:59,DELIVERED,WEST
572,472,2025-11-09 12:34:29,SHIPPED,WEST
573,58,2026-01-20 06:05:29,DELIVERED,EAST
574,20,2025-08-14 23:58:33,DELIVERED,EAST
575,153,10-10-2025,RETURNED,CENTRAL
576,585,2025-10-04 20:03:50,PLACED,EAST
577,323,2026-02-03 11:53:01,PLACED,SOUTH
578,310,2025-07-10 13:49:36,PLACED,NORTH
579,95,08-07-2026,DELIVERED,CENTRAL
580,349,2025-09-27 23:26:46,DELIVERED,EAST
581,101,2025-08-30 21:49:16,DELIVERED,SOUTH
582,38,2026-04-19 19:49:24,DELIVERED,NORTH
583,46,2026-07-08 15:31:29,PLACED,WEST
584,106,2026-06-09 04:28:25,SHIPPED,CENTRAL
585,215,2025-11-15 06:32:02,SHIPPED,EAST
586,121,2025-07-18 23:18:57,PLACED,CENTRAL
587,105,2026-02-27 06:52:15,SHIPPED,SOUTH
588,291,2026-07-08 00:45:02,SHIPPED,EAST
589,52,2026-05-12 12:52:59,DELIVERED,NORTH
590,89,2026-06-10 01:19:25,DELIVERED,CENTRAL
591,457,2026-06-15 15:59:17,CANCELLED,CENTRAL
592,477,2026-07-25 04:02:28,CANCELLED,WEST
593,318,2025-12-05 01:06:17,DELIVERED,SOUTH
594,148,2026-07-17 19:10:14,RETURNED,WEST
595,339,2025-12-13 17:57:10,DELIVERED,NORTH
596,116,2025-08-19 06:14:24,SHIPPED,EAST
597,131,2025-11-06 15:24:17,DELIVERED,NORTH
598,73,2025-09-02 06:24:28,DELIVERED,WEST
599,250,2025-09-10 14:12:55,DELIVERED,EAST
600,442,2026-07-20 11:25:40,DELIVERED,CENTRAL
601,178,19-05-2026,RETURNED,CENTRAL
602,118,2026-07-25 05:01:19,DELIVERED,WEST
603,416,2026-03-24 00:44:08,CANCELLED,WEST
604,63,2025-09-17 04:42:15,CANCELLED,NORTH
605,153,2026-07-28 09:43:02,DELIVERED,WEST
606,325,2026-04-10 13:56:57,DELIVERED,WEST
607,353,2026-07-12 15:02:48,DELIVERED,CENTRAL
608,131,17-05-2026,RETURNED,NORTH
609,,2025-10-06 14:05:34,PLACED,EAST
610,241,2026-02-28 05:05:21,DELIVERED,WEST
611,446,2025-09-17 15:36:32,DELIVERED,SOUTH
612,369,2025-11-08 15:24:40,RETURNED,SOUTH
613,74,2026-04-08 13:54:21,CANCELLED,WEST
614,140,2025-08-29 16:00:29,DELIVERED,WEST
615,436,2026-04-24 12:42:12,DELIVERED,WEST
616,232,2026-07-20 12:19:32,DELIVERED,SOUTH
617,276,2026-07-20 11:28:18,DELIVERED,NORTH
618,378,2025-12-12 04:02:40,DELIVERED,SOUTH
619,540,2026-08-07 12:07:14,DELIVERED,WEST
620,536,2026-07-26 23:56:20,DELIVERED,NORTH
621,553,2025-07-23 02:41:08,PLACED,EAST
622,12,2026-03-05 12:38:04,DELIVERED,EAST
623,302,09-07-2026,RETURNED,EAST
624,578,2026-07-27 22:13:17,DELIVERED,CENTRAL
625,299,2025-10-05 15:51:55,SHIPPED,NORTH
626,79,2026-02-18 22:59:59,PLACED,EAST
627,264,2026-07-15 17:28:51,SHIPPED,CENTRAL
628,458,2025-09-03 22:11:29,DELIVERED,SOUTH
629,541,2026-05-01 01:25:23,PLACED,SOUTH
630,158,2025-10-12 10:10:06,DELIVERED,WEST
631,451,2026-08-02 19:08:39,DELIVERED,EAST
632,271,2025-09-14 16:45:57,SHIPPED,WEST
633,488,2026-06-25 09:56:58,DELIVERED,WEST
634,400,2025-08-14 09:26:30,CANCELLED,NORTH
635,460,2026-04-16 16:09:45,DELIVERED,NORTH
636,545,2026-03-20 01:05:20,DELIVERED,EAST
637,274,2026-06-25 22:36:13,DELIVERED,WEST
638,248,2026-01-02 22:19:20,SHIPPED,EAST
639,185,23-10-2025,PLACED,NORTH
640,,2025-10-16 23:44:31,DELIVERED,SOUTH
641,258,06-08-2025,PLACED,CENTRAL
642,223,2025-10-19 19:17:25,DELIVERED,NORTH
643,134,2025-08-22 00:42:01,DELIVERED,SOUTH
644,189,2025-07-10 19:29:57,RETURNED,WEST
645,284,2025-12-09 22:17:02,DELIVERED,EAST
646,76,26-04-2026,DELIVERED,NORTH
647,272,28-07-2026,RETURNED,SOUTH
648,183,2026-06-25 02:39:29,DELIVERED,WEST
649,109,2026-01-21 07:12:02,PLACED,NORTH
650,257,07-12-2025,DELIVERED,NORTH
651,400,2026-02-11 05:40:30,RETURNED,CENTRAL
652,,2025-08-19 10:00:08,DELIVERED,WEST
653,72,15-01-2026,RETURNED,WEST
654,549,2026-06-17 00:04:46,DELIVERED,WEST
655,93,2026-03-24 17:43:04,SHIPPED,WEST
656,297,2026-04-08 01:12:23,PLACED,WEST
657,307,2025-09-12 15:07:09,DELIVERED,EAST
658,449,2025-08-08 10:55:06,SHIPPED,CENTRAL
659,399,2026-06-09 18:30:19,SHIPPED,CENTRAL
660,461,03-11-2025,SHIPPED,EAST
661,44,2025-11-13 08:17:40,DELIVERED,CENTRAL
662,550,2026-07-21 15:36:11,RETURNED,NORTH
663,501,2025-08-08 15:34:43,RETURNED,NORTH
664,134,2025-09-15 13:48:54,RETURNED,NORTH
665,175,05-12-2025,CANCELLED,NORTH
666,226,2026-04-25 18:38:22,SHIPPED,WEST
667,590,2026-02-11 15:22:39,RETURNED,SOUTH
668,178,2026-06-30 11:28:19,PLACED,WEST
669,379,2025-08-16 03:00:00,RETURNED,NORTH
670,386,02-03-2026,DELIVERED,NORTH
671,,2026-03-09 23:27:58,DELIVERED,EAST
672,488,2026-01-17 05:00:49,DELIVERED,CENTRAL
673,245,2025-07-22 13:29:50,PLACED,SOUTH
674,91,2026-07-18 00:05:48,SHIPPED,NORTH
675,197,2025-09-13 13:20:04,PLACED,EAST
676,553,2026-06-27 04:01:24,DELIVERED,SOUTH
677,199,2025-09-10 10:25:04,CANCELLED,WEST
678,164,19-08-2025,DELIVERED,EAST
679,258,2025-09-29 14:13:39,DELIVERED,NORTH
680,54,2025-09-23 10:29:16,DELIVERED,WEST
681,73,2026-04-12 00:27:41,DELIVERED,EAST
682,334,2026-04-21 20:13:56,SHIPPED,SOUTH
683,205,2026-04-24 23:33:07,DELIVERED,WEST
684,447,2025-10-23 04:58:41,DELIVERED,WEST
685,469,2025-10-29 15:17:11,RETURNED,SOUTH
686,33,12-10-2025,PLACED,WEST
687,176,2025-07-29 22:25:54,SHIPPED,SOUTH
688,175,2026-02-21 10:01:47,SHIPPED,WEST
689,501,2026-06-07 10:25:56,DELIVERED,WEST
690,439,2025-09-09 01:04:04,SHIPPED,CENTRAL
691,153,2025-11-29 23:58:53,DELIVERED,NORTH
692,,2025-12-26 09:45:53,PLACED,CENTRAL
693,101,2025-11-03 18:55:13,DELIVERED,NORTH
694,417,2026-03-29 02:36:00,SHIPPED,NORTH
695,,2026-03-04 16:00:33,DELIVERED,CENTRAL
696,25,2025-09-27 06:27:40,PLACED,WEST
697,380,2025-07-20 11:35:53,PLACED,NORTH
698,341,2025-09-15 20:42:53,DELIVERED,CENTRAL
699,213,2025-11-02 16:56:02,CANCELLED,NORTH
700,373,2025-08-11 16:59:54,DELIVERED,CENTRAL
701,,2026-06-08 23:35:08,DELIVERED,CENTRAL
702,210,2025-11-09 05:56:03,DELIVERED,WEST
703,595,2025-12-14 11:43:05,DELIVERED,SOUTH
704,274,2026-01-19 17:22:37,PLACED,EAST
705,498,2026-03-28 17:17:50,DELIVERED,CENTRAL
706,546,2025-08-15 08:19:24,DELIVERED,NORTH
707,469,2026-02-10 11:39:41,SHIPPED,NORTH
708,283,2025-09-21 10:03:17,SHIPPED,SOUTH
709,24,2026-06-25 11:35:10,DELIVERED,SOUTH
710,431,2025-12-03 09:20:44,SHIPPED,NORTH
711,,2026-01-02 14:12:38,DELIVERED,EAST
712,352,2025-10-22 10:17:32,DELIVERED,CENTRAL
713,456,2026-01-10 05:13:24,CANCELLED,EAST
714,267,2025-10-07 18:36:51,SHIPPED,NORTH
715,292,2025-10-24 12:16:20,RETURNED,CENTRAL
716,180,2025-08-03 16:21:41,DELIVERED,SOUTH
717,120,2026-05-03 18:50:00,PLACED,EAST
718,211,31-03-2026,SHIPPED,EAST
719,460,2025-08-13 04:47:28,SHIPPED,NORTH
720,512,2025-11-23 06:16:39,RETURNED,SOUTH
721,,2026-02-09 10:15:14,SHIPPED,EAST
722,297,2026-07-29 04:20:41,RETURNED,SOUTH
723,453,2026-02-28 12:27:25,DELIVERED,NORTH
724,565,14-02-2026,DELIVERED,SOUTH
725,95,2026-06-07 19:22:45,SHIPPED,CENTRAL
726,285,2026-05-29 22:51:22,CANCELLED,NORTH
727,404,2025-12-22 20:35:36,DELIVERED,NORTH
728,370,2026-02-07 01:55:42,DELIVERED,WEST
729,292,2026-06-18 03:03:55,DELIVERED,CENTRAL
730,455,2026-01-14 01:55:01,DELIVERED,SOUTH
731,435,2026-06-23 23:09:06,CANCELLED,CENTRAL
732,213,2026-01-14 15:33:50,DELIVERED,EAST
733,385,2025-08-10 12:42:18,RETURNED,WEST
734,474,2026-07-02 07:38:03,PLACED,SOUTH
735,297,18-04-2026,CANCELLED,CENTRAL
736,573,2026-01-24 20:48:17,DELIVERED,SOUTH
737,484,2026-07-01 09:35:41,SHIPPED,SOUTH
738,251,2026-05-22 20:26:45,DELIVERED,NORTH
739,371,2026-04-04 05:51:01,CANCELLED,WEST
740,123,2026-03-12 14:22:35,PLACED,EAST
741,60,2025-08-26 20:56:23,DELIVERED,EAST
742,280,2026-05-05 17:50:54,RETURNED,NORTH
743,543,16-09-2025,SHIPPED,SOUTH
744,172,2026-08-03 14:00:56,CANCELLED,EAST
745,372,2026-07-29 18:11:43,CANCELLED,NORTH
746,289,2026-05-26 00:28:21,SHIPPED,SOUTH
747,159,2025-08-29 04:58:33,DELIVERED,CENTRAL
748,539,2025-12-24 17:36:28,DELIVERED,NORTH
749,79,2026-08-05 03:08:38,PLACED,EAST
750,372,2025-12-29 11:40:27,RETURNED,CENTRAL
751,351,2026-08-08 16:27:42,DELIVERED,NORTH
752,146,2026-03-15 08:22:07,SHIPPED,NORTH
753,115,2026-06-05 03:53:35,DELIVERED,NORTH
754,34,2025-10-20 06:56:58,PLACED,NORTH
755,45,2026-07-05 11:49:17,DELIVERED,NORTH
756,211,2026-07-06 19:48:04,DELIVERED,NORTH
757,285,2025-08-05 19:21:10,SHIPPED,CENTRAL
758,248,10-12-2025,CANCELLED,NORTH
759,197,2025-12-14 10:39:06,DELIVERED,NORTH
760,102,2025-11-16 06:37:20,CANCELLED,WEST
761,190,2025-10-27 12:46:21,SHIPPED,EAST
762,435,2026-01-07 11:43:40,PLACED,EAST
763,113,2026-06-20 17:26:34,DELIVERED,EAST
764,42,2026-05-17 08:31:23,DELIVERED,WEST
765,320,2026-03-13 16:48:26,SHIPPED,WEST
766,439,01-02-2026,CANCELLED,WEST
767,377,2025-12-23 05:43:17,DELIVERED,NORTH
768,536,2025-12-21 04:49:44,PLACED,WEST
769,105,2025-09-06 21:54:33,SHIPPED,EAST
770,347,2026-02-27 19:26:45,DELIVERED,SOUTH
771,512,2026-05-06 05:07:47,DELIVERED,EAST
772,410,2026-07-16 21:35:43,RETURNED,WEST
773,151,2026-07-11 01:52:11,SHIPPED,WEST
774,138,2026-02-17 19:47:37,CANCELLED,WEST
775,184,2025-08-19 05:50:38,SHIPPED,CENTRAL
776,79,2025-10-31 10:39:30,DELIVERED,WEST
777,510,2026-02-07 03:03:30,SHIPPED,CENTRAL
778,33,2025-11-23 07:00:57,PLACED,WEST
779,386,19-12-2025,SHIPPED,EAST
780,169,2025-12-08 18:49:14,DELIVERED,WEST
781,583,2026-01-18 08:02:39,DELIVERED,CENTRAL
782,576,2026-03-08 03:01:25,DELIVERED,WEST
783,387,2025-07-25 02:55:40,RETURNED,EAST
784,47,2025-10-27 05:18:22,CANCELLED,CENTRAL
785,,2025-09-05 04:39:04,PLACED,EAST
786,422,2026-03-08 00:06:40,SHIPPED,EAST
787,68,2026-04-10 14:54:23,SHIPPED,CENTRAL
788,472,2025-07-25 15:25:34,DELIVERED,WEST
789,481,2026-06-27 02:19:27,DELIVERED,WEST
790,101,2025-11-18 09:33:47,DELIVERED,EAST
791,348,2025-10-12 06:12:51,RETURNED,SOUTH
792,78,2026-05-01 05:16:51,SHIPPED,NORTH
793,588,2026-07-09 11:01:16,DELIVERED,NORTH
794,593,2026-06-30 01:06:00,PLACED,CENTRAL
795,215,18-07-2025,CANCELLED,CENTRAL
796,444,2026-05-29 13:10:56,DELIVERED,EAST
797,465,2025-11-07 03:38:47,CANCELLED,CENTRAL
798,591,2025-10-29 04:07:15,CANCELLED,WEST
799,546,2026-01-20 17:19:02,RETURNED,CENTRAL
800,62,2026-04-11 14:50:20,PLACED,SOUTH
801,308,2025-08-18 03:31:29,CANCELLED,NORTH
802,423,2026-06-18 22:06:16,SHIPPED,CENTRAL
803,245,2025-09-01 10:47:53,SHIPPED,EAST
804,574,2026-07-30 13:41:42,RETURNED,SOUTH
805,140,2026-01-01 12:55:12,SHIPPED,CENTRAL
806,44,2026-06-01 21:15:43,PLACED,NORTH
807,306,2025-10-24 20:24:55,DELIVERED,EAST
808,93,2025-12-22 02:56:46,CANCELLED,SOUTH
809,513,2026-03-22 14:19:34,CANCELLED,CENTRAL
810,93,2025-09-22 15:02:41,CANCELLED,EAST
811,400,2025-10-01 21:39:19,RETURNED,SOUTH
812,180,2026-06-01 03:39:59,DELIVERED,CENTRAL
813,547,2026-04-29 07:40:35,SHIPPED,WEST
814,253,2026-05-06 15:43:15,RETURNED,EAST
815,377,18-06-2026,RETURNED,CENTRAL
816,,2026-05-30 23:38:55,PLACED,SOUTH
817,394,2026-01-30 01:47:06,DELIVERED,NORTH
818,243,2025-09-11 04:09:12,RETURNED,WEST
819,262,2025-11-10 08:13:17,DELIVERED,EAST
820,165,2026-01-26 17:21:14,CANCELLED,WEST
821,281,2025-09-01 22:47:51,RETURNED,WEST
822,341,2026-06-11 23:01:04,CANCELLED,SOUTH
823,519,2026-06-23 01:07:13,DELIVERED,CENTRAL
824,465,2025-07-21 18:05:16,DELIVERED,SOUTH
825,140,2026-08-16 18:22:47,SHIPPED,NORTH
826,256,2026-06-04 16:42:39,CANCELLED,SOUTH
827,421,2026-06-06 07:07:07,DELIVERED,SOUTH
828,336,2025-10-16 23:15:42,DELIVERED,SOUTH
829,387,2026-01-06 19:30:44,SHIPPED,NORTH
830,235,2026-07-08 08:24:33,SHIPPED,SOUTH
831,,2026-04-14 23:02:55,PLACED,EAST
832,581,2025-10-26 15:40:16,DELIVERED,WEST
833,507,2026-05-31 23:16:15,SHIPPED,EAST
834,507,2026-01-26 01:30:51,SHIPPED,SOUTH
835,290,2026-03-18 14:02:22,SHIPPED,SOUTH
836,,2025-08-28 07:01:19,DELIVERED,SOUTH
837,470,2025-07-22 09:24:58,CANCELLED,WEST
838,393,2025-12-04 14:26:11,SHIPPED,NORTH
839,54,2026-03-02 05:25:52,RETURNED,CENTRAL
840,47,2025-09-18 12:47:37,DELIVERED,WEST
841,136,2026-06-19 13:06:27,DELIVERED,EAST
842,505,2026-02-27 09:26:37,PLACED,EAST
843,444,2025-11-25 14:55:29,PLACED,SOUTH
844,288,2025-09-12 23:15:14,SHIPPED,EAST
845,271,2026-06-29 00:59:53,SHIPPED,WEST
846,155,2026-05-02 11:45:35,DELIVERED,WEST
847,153,2026-04-08 17:14:51,DELIVERED,SOUTH
848,447,2025-10-31 00:56:40,DELIVERED,WEST
849,575,2025-12-10 04:14:59,CANCELLED,SOUTH
850,96,2025-09-12 17:30:01,CANCELLED,CENTRAL
851,577,2026-02-21 14:39:49,DELIVERED,NORTH
852,585,2026-07-26 21:24:40,SHIPPED,WEST
853,337,2026-06-14 06:12:58,DELIVERED,WEST
854,109,2026-03-23 07:38:53,PLACED,WEST
855,276,04-04-2026,RETURNED,CENTRAL
856,333,2025-10-24 17:13:21,RETURNED,CENTRAL
857,50,2025-12-19 05:59:20,DELIVERED,NORTH
858,391,2025-07-18 05:39:26,SHIPPED,WEST
859,214,2026-05-14 21:13:58,SHIPPED,SOUTH
860,503,2026-05-09 20:24:11,RETURNED,CENTRAL
861,99,2025-07-13 19:47:27,DELIVERED,WEST
862,577,2026-07-05 18:34:09,DELIVERED,EAST
863,445,2026-03-23 07:34:08,DELIVERED,WEST
864,159,2026-03-05 00:48:07,DELIVERED,NORTH
865,448,2025-07-13 15:40:09,SHIPPED,SOUTH
866,308,2025-10-18 02:47:14,SHIPPED,NORTH
867,47,2026-05-24 16:26:20,DELIVERED,WEST
868,583,2025-11-08 02:28:11,DELIVERED,CENTRAL
869,,2026-07-27 17:24:26,DELIVERED,WEST
870,,2026-03-21 11:36:49,SHIPPED,WEST
871,461,2025-12-24 21:42:25,RETURNED,SOUTH
872,81,2025-12-06 04:28:59,CANCELLED,NORTH
873,19,2025-11-25 04:57:09,SHIPPED,WEST
874,415,2025-10-17 23:04:10,DELIVERED,WEST
875,370,2026-01-10 20:47:21,DELIVERED,EAST
876,139,2026-04-04 02:38:07,PLACED,SOUTH
877,215,2026-06-01 06:54:24,SHIPPED,CENTRAL
878,309,2025-12-14 08:43:49,DELIVERED,NORTH
879,157,2025-08-19 18:23:16,DELIVERED,NORTH
880,600,2026-01-28 14:08:12,CANCELLED,WEST
881,9,2026-03-29 05:46:54,DELIVERED,WEST
882,593,2026-06-08 18:58:53,SHIPPED,WEST
883,526,2025-12-05 07:10:09,DELIVERED,WEST
884,63,2026-03-23 07:17:22,SHIPPED,NORTH
885,428,2026-03-08 03:51:31,DELIVERED,EAST
886,447,2025-11-05 08:11:12,SHIPPED,EAST
887,520,2025-08-22 01:21:50,SHIPPED,CENTRAL
888,480,2025-08-04 13:13:11,DELIVERED,WEST
889,369,2026-08-05 03:54:47,CANCELLED,CENTRAL
890,89,2026-03-20 15:15:00,SHIPPED,CENTRAL
891,426,2026-06-15 23:47:27,SHIPPED,CENTRAL
892,,2025-10-21 13:53:43,DELIVERED,SOUTH
893,516,17-04-2026,DELIVERED,CENTRAL
894,576,2026-06-28 04:53:42,SHIPPED,EAST
895,571,2025-11-05 11:10:41,DELIVERED,CENTRAL
896,107,2025-09-07 14:19:28,DELIVERED,WEST
897,114,2026-05-09 00:29:15,DELIVERED,NORTH
898,43,2026-07-01 02:18:19,PLACED,SOUTH
899,161,2026-05-24 19:42:22,DELIVERED,WEST
900,102,2026-05-23 14:36:22,CANCELLED,NORTH
901,450,2026-03-04 14:16:47,PLACED,WEST
902,518,2026-03-28 12:27:34,DELIVERED,WEST
903,252,2026-04-05 12:25:11,DELIVERED,SOUTH
904,440,2026-04-21 13:04:02,DELIVERED,CENTRAL
905,371,2026-03-26 11:46:21,DELIVERED,CENTRAL
906,87,2026-08-08 18:21:31,DELIVERED,WEST
907,38,2025-10-20 21:33:53,RETURNED,NORTH
908,533,2025-12-22 19:57:48,CANCELLED,CENTRAL
909,322,10-12-2025,SHIPPED,CENTRAL
910,151,2025-07-24 06:33:13,SHIPPED,CENTRAL
911,453,2026-04-16 07:39:01,DELIVERED,WEST
912,309,2026-02-21 12:37:02,DELIVERED,SOUTH
913,554,2025-09-23 09:49:55,DELIVERED,CENTRAL
914,164,2026-04-23 15:03:13,DELIVERED,EAST
915,312,2025-10-06 05:47:51,PLACED,NORTH
916,266,2026-02-06 17:34:58,PLACED,NORTH
917,587,2026-05-16 16:49:44,RETURNED,CENTRAL
918,547,2026-07-03 19:13:08,SHIPPED,CENTRAL
919,387,2026-04-02 00:04:13,SHIPPED,CENTRAL
920,370,2026-01-26 22:17:07,DELIVERED,WEST
921,64,2026-06-09 15:14:51,SHIPPED,NORTH
922,539,2026-06-07 17:52:30,DELIVERED,EAST
923,434,2026-06-21 22:11:12,RETURNED,WEST
924,148,2025-09-19 22:30:26,DELIVERED,CENTRAL
925,121,2025-08-17 21:41:39,PLACED,SOUTH
926,379,2025-08-29 21:39:45,CANCELLED,NORTH
927,586,2025-10-20 14:12:53,PLACED,EAST
928,311,25-05-2026,PLACED,CENTRAL
929,313,2026-05-08 00:13:37,CANCELLED,WEST
930,,20-09-2025,PLACED,WEST
931,580,2026-04-05 02:31:01,DELIVERED,CENTRAL
932,142,2025-11-20 00:50:27,DELIVERED,WEST
933,334,2025-08-14 14:53:16,DELIVERED,WEST
934,405,27-11-2025,DELIVERED,WEST
935,91,2026-04-30 14:39:57,DELIVERED,EAST
936,127,2025-11-08 17:53:53,RETURNED,CENTRAL
937,55,2026-05-17 23:08:15,DELIVERED,CENTRAL
938,124,2025-11-18 07:53:02,RETURNED,EAST
939,252,2025-10-21 08:19:04,DELIVERED,NORTH
940,329,03-11-2025,CANCELLED,NORTH
941,185,2026-06-11 22:14:41,SHIPPED,EAST
942,102,2026-01-12 09:13:15,SHIPPED,NORTH
943,418,17-06-2026,RETURNED,SOUTH
944,,2026-02-26 02:04:11,SHIPPED,WEST
945,265,2026-07-18 17:44:17,PLACED,SOUTH
946,243,2025-08-07 11:15:04,DELIVERED,NORTH
947,326,2026-06-27 00:55:04,DELIVERED,WEST
948,20,2026-01-24 05:23:25,DELIVERED,SOUTH
949,129,2026-06-18 08:47:44,PLACED,CENTRAL
950,146,2025-12-08 05:46:39,DELIVERED,CENTRAL
951,569,05-11-2025,DELIVERED,CENTRAL
952,172,2026-09-08 18:22:47,SHIPPED,EAST
953,390,2026-06-13 02:57:48,SHIPPED,CENTRAL
954,166,2025-09-02 15:04:44,SHIPPED,WEST
955,144,2025-09-27 12:21:45,CANCELLED,SOUTH
956,326,2025-12-19 02:59:45,DELIVERED,WEST
957,330,2026-02-20 11:34:19,DELIVERED,NORTH
958,137,03-07-2026,DELIVERED,NORTH
959,424,2026-01-07 06:10:06,DELIVERED,WEST
960,80,2025-11-12 10:08:51,CANCELLED,WEST
961,362,2026-04-19 07:46:39,DELIVERED,WEST
962,9,2026-05-14 08:18:05,SHIPPED,NORTH
963,21,2026-01-19 02:59:20,DELIVERED,SOUTH
964,311,2026-03-16 20:29:49,RETURNED,EAST
965,,2025-09-18 05:35:09,DELIVERED,NORTH
966,406,2026-03-18 05:23:41,DELIVERED,SOUTH
967,580,2025-07-12 04:04:32,SHIPPED,CENTRAL
968,67,2025-10-26 11:24:12,CANCELLED,CENTRAL
969,281,2026-05-07 07:51:20,RETURNED,CENTRAL
970,574,14-09-2025,DELIVERED,NORTH
971,331,2026-05-08 15:05:07,SHIPPED,CENTRAL
972,371,19-01-2026,DELIVERED,NORTH
973,431,2026-05-08 06:24:18,DELIVERED,EAST
974,586,2025-08-14 02:56:37,SHIPPED,WEST
975,256,2026-03-10 07:23:29,PLACED,NORTH
976,,17-03-2026,DELIVERED,EAST
977,254,2025-12-16 19:57:48,SHIPPED,NORTH
978,533,2026-07-27 01:18:17,DELIVERED,CENTRAL
979,98,2025-12-08 21:24:40,PLACED,NORTH
980,387,2025-07-25 05:23:32,PLACED,SOUTH
981,453,2025-09-27 03:59:18,DELIVERED,NORTH
982,573,2025-12-04 20:27:36,DELIVERED,CENTRAL
983,239,2025-07-15 20:56:46,DELIVERED,WEST
984,439,2025-11-14 17:28:38,SHIPPED,NORTH
985,337,2026-06-04 19:32:46,PLACED,NORTH
986,199,2025-09-23 16:06:39,DELIVERED,EAST
987,456,2026-04-03 22:23:00,PLACED,SOUTH
988,447,2026-03-15 03:15:01,DELIVERED,CENTRAL
989,150,2025-10-16 16:55:47,SHIPPED,EAST
990,531,2026-04-10 13:36:39,PLACED,CENTRAL
991,573,2025-11-23 11:34:37,SHIPPED,SOUTH
992,207,2025-08-30 07:01:37,DELIVERED,WEST
993,340,2025-12-08 23:37:57,SHIPPED,EAST
994,167,2026-02-28 02:26:12,RETURNED,WEST
995,4,2025-09-14 08:32:06,DELIVERED,SOUTH
996,340,2026-06-01 02:28:28,DELIVERED,NORTH
997,76,2025-11-05 05:35:21,PLACED,WEST
998,600,2025-11-02 07:35:52,RETURNED,SOUTH
999,179,2026-04-24 03:13:17,SHIPPED,CENTRAL
1000,201,2026-03-03 03:30:37,RETURNED,NORTH
1001,141,2025-11-20 21:44:47,PLACED,SOUTH
1002,246,2026-06-26 11:08:12,SHIPPED,CENTRAL
1003,445,07-08-2026,PLACED,SOUTH
1004,197,2025-11-22 20:13:50,SHIPPED,WEST
1005,251,2026-07-01 18:24:33,DELIVERED,CENTRAL
1006,153,29-11-2025,DELIVERED,SOUTH
1007,599,2025-09-22 19:41:55,PLACED,WEST
1008,67,2026-07-20 05:38:46,CANCELLED,CENTRAL
1009,532,2026-07-08 10:03:50,DELIVERED,WEST
1010,507,2025-12-16 19:56:45,DELIVERED,CENTRAL
1011,213,2025-10-08 15:16:00,CANCELLED,WEST
1012,436,2026-04-23 20:55:41,RETURNED,EAST
1013,87,2025-08-31 04:37:08,DELIVERED,EAST
1014,43,2026-04-26 14:29:25,DELIVERED,WEST
1015,377,2026-02-28 12:08:16,DELIVERED,SOUTH
1016,272,2025-09-15 03:10:50,PLACED,CENTRAL
1017,81,2025-12-02 06:40:25,PLACED,NORTH
1018,560,2026-03-24 13:38:40,SHIPPED,EAST
1019,282,2025-07-25 01:57:27,PLACED,CENTRAL
1020,9,2026-06-21 22:39:18,SHIPPED,WEST
1021,594,19-10-2025,DELIVERED,SOUTH
1022,234,2026-02-06 18:30:58,DELIVERED,CENTRAL
1023,566,2025-07-29 12:28:49,DELIVERED,NORTH
1024,193,2026-08-07 15:53:22,DELIVERED,WEST
1025,572,2026-03-29 02:07:21,CANCELLED,EAST
1026,10,2026-03-25 18:22:34,DELIVERED,SOUTH
1027,414,2025-07-18 02:42:34,SHIPPED,CENTRAL
1028,,2026-04-09 01:46:55,SHIPPED,EAST
1029,588,2025-12-22 02:58:23,SHIPPED,WEST
1030,396,2025-12-07 16:20:36,DELIVERED,WEST
1031,312,2026-02-11 17:37:07,DELIVERED,NORTH
1032,501,2026-01-13 21:51:15,RETURNED,WEST
1033,239,2025-09-08 20:40:30,DELIVERED,EAST
1034,176,2026-04-11 05:26:06,DELIVERED,NORTH
1035,429,16-03-2026,RETURNED,SOUTH
1036,211,2025-11-06 09:14:52,DELIVERED,SOUTH
1037,318,2026-03-28 23:13:28,DELIVERED,EAST
1038,147,2026-03-29 06:59:31,DELIVERED,SOUTH
1039,583,2025-10-25 01:42:13,DELIVERED,NORTH
1040,468,2026-03-06 19:26:21,DELIVERED,WEST
1041,180,2025-09-02 13:09:51,DELIVERED,WEST
1042,188,2026-06-03 19:05:52,DELIVERED,NORTH
1043,162,2025-08-20 19:05:05,SHIPPED,NORTH
1044,223,2026-04-20 13:10:43,DELIVERED,NORTH
1045,79,2025-08-25 20:45:47,DELIVERED,WEST
1046,259,24-08-2025,PLACED,WEST
1047,409,2025-08-21 07:53:34,PLACED,NORTH
1048,140,2025-09-26 20:42:11,DELIVERED,NORTH
1049,249,2025-09-27 07:10:08,DELIVERED,EAST
1050,175,2025-10-22 07:25:31,SHIPPED,NORTH
1051,401,2026-02-02 04:32:25,PLACED,EAST
1052,367,2025-09-28 01:25:40,CANCELLED,CENTRAL
1053,49,2026-04-14 11:41:09,DELIVERED,NORTH
1054,316,2025-11-04 02:31:47,PLACED,WEST
1055,256,2025-07-25 21:20:27,PLACED,WEST
1056,,2026-01-22 14:15:43,DELIVERED,NORTH
1057,99,2025-09-30 10:34:17,SHIPPED,SOUTH
1058,,2026-07-14 07:39:36,SHIPPED,SOUTH
1059,555,2025-11-18 01:06:42,SHIPPED,NORTH
1060,178,2025-07-11 09:19:34,PLACED,SOUTH
1061,68,2026-04-01 21:50:11,DELIVERED,NORTH
1062,224,2026-07-03 22:34:28,DELIVERED,NORTH
1063,583,2026-06-05 14:33:41,DELIVERED,WEST
1064,137,2026-03-31 21:03:13,CANCELLED,EAST
1065,494,07-09-2025,RETURNED,WEST
1066,239,2025-08-14 22:19:04,PLACED,NORTH
1067,128,2026-01-28 15:57:20,DELIVERED,CENTRAL
1068,141,2026-04-22 10:42:39,SHIPPED,SOUTH
1069,244,2025-08-19 08:41:30,RETURNED,EAST
1070,326,2025-10-19 12:01:18,DELIVERED,WEST
1071,296,2025-10-09 17:17:28,DELIVERED,EAST
1072,553,2026-08-05 06:48:27,RETURNED,SOUTH
1073,391,2025-11-04 08:53:53,DELIVERED,NORTH
1074,72,09-01-2026,RETURNED,SOUTH
1075,178,2025-08-18 18:37:48,RETURNED,SOUTH
1076,437,2025-09-17 09:26:29,DELIVERED,SOUTH
1077,255,2025-07-25 21:42:33,RETURNED,SOUTH
1078,493,2025-11-02 05:07:27,DELIVERED,SOUTH
1079,433,2026-05-23 07:19:13,DELIVERED,WEST
1080,,2025-11-10 23:15:19,DELIVERED,EAST
1081,157,2026-04-28 08:51:15,DELIVERED,EAST
1082,385,2025-08-16 20:58:26,SHIPPED,WEST
1083,195,2026-09-06 18:22:47,DELIVERED,WEST
1084,426,2025-07-28 10:52:29,DELIVERED,WEST
1085,73,12-06-2026,RETURNED,WEST
1086,167,2026-03-29 15:16:07,SHIPPED,EAST
1087,501,2025-09-15 17:40:42,PLACED,WEST
1088,253,28-11-2025,CANCELLED,NORTH
1089,152,2025-12-30 09:42:20,DELIVERED,EAST
1090,593,2026-03-13 04:56:06,PLACED,NORTH
1091,394,2026-06-22 16:59:10,RETURNED,CENTRAL
1092,434,2025-08-16 01:32:39,DELIVERED,CENTRAL
1093,392,2026-05-28 14:11:54,DELIVERED,NORTH
1094,587,2025-09-20 14:57:38,PLACED,SOUTH
1095,408,15-12-2025,SHIPPED,WEST
1096,,2026-07-25 20:39:42,DELIVERED,EAST
1097,175,2025-10-25 19:19:06,PLACED,WEST
1098,113,2025-12-09 20:10:51,SHIPPED,NORTH
1099,197,2026-06-11 17:05:51,DELIVERED,CENTRAL
1100,171,2026-05-22 15:12:50,PLACED,NORTH
1101,600,2026-03-23 21:34:03,DELIVERED,NORTH
1102,8,2026-05-21 10:50:24,PLACED,SOUTH
1103,8,2025-08-24 00:21:50,RETURNED,EAST
1104,485,2026-04-11 14:42:57,SHIPPED,EAST
1105,246,2025-08-02 11:57:18,DELIVERED,NORTH
1106,339,18-07-2026,CANCELLED,WEST
1107,143,2025-09-11 08:10:04,DELIVERED,SOUTH
1108,487,2025-12-21 19:52:31,PLACED,EAST
1109,,28-02-2026,CANCELLED,EAST
1110,240,2026-05-23 13:40:00,DELIVERED,NORTH
1111,488,2026-04-04 13:59:46,RETURNED,WEST
1112,200,2025-09-19 23:41:27,CANCELLED,CENTRAL
1113,,2025-12-07 11:34:10,CANCELLED,CENTRAL
1114,479,2025-11-29 02:48:58,PLACED,CENTRAL
1115,217,2025-07-21 16:50:08,DELIVERED,NORTH
1116,30,2026-04-06 23:36:58,RETURNED,EAST
1117,264,2026-06-06 21:55:22,DELIVERED,SOUTH
1118,504,2026-07-30 06:20:28,CANCELLED,CENTRAL
1119,67,2025-08-30 23:23:40,DELIVERED,WEST
1120,576,2026-07-09 06:52:25,SHIPPED,EAST
1121,90,2025-08-23 23:14:01,DELIVERED,SOUTH
1122,119,2025-12-19 22:51:18,SHIPPED,WEST
1123,2,2025-07-28 11:39:53,SHIPPED,WEST
1124,328,2025-10-21 18:19:04,RETURNED,SOUTH
1125,228,11-11-2025,CANCELLED,EAST
1126,304,2026-04-14 22:25:28,DELIVERED,CENTRAL
1127,36,2026-04-04 09:35:24,RETURNED,NORTH
1128,588,2026-05-09 19:59:07,DELIVERED,WEST
1129,342,2026-02-23 08:20:18,CANCELLED,SOUTH
1130,54,2026-02-18 17:53:36,CANCELLED,WEST
1131,164,2026-08-01 00:35:08,SHIPPED,WEST
1132,401,2026-04-01 04:51:33,SHIPPED,SOUTH
1133,562,2025-11-21 02:09:52,DELIVERED,CENTRAL
1134,56,2026-02-02 04:07:58,DELIVERED,SOUTH
1135,453,2026-04-13 08:34:27,PLACED,SOUTH
1136,201,16-08-2025,DELIVERED,CENTRAL
1137,152,2026-03-28 23:41:12,DELIVERED,SOUTH
1138,99,2025-10-16 14:35:38,RETURNED,NORTH
1139,347,2025-11-24 00:51:42,DELIVERED,WEST
1140,122,2026-04-03 18:05:16,DELIVERED,SOUTH
1141,385,2025-12-09 12:13:08,DELIVERED,NORTH
1142,392,2026-06-07 02:38:08,DELIVERED,NORTH
1143,125,2026-02-16 02:36:25,DELIVERED,NORTH
1144,587,2026-08-04 22:30:34,PLACED,CENTRAL
1145,496,2025-07-31 21:13:44,SHIPPED,SOUTH
1146,66,2026-03-21 17:51:45,DELIVERED,WEST
1147,21,2025-09-10 08:44:37,DELIVERED,CENTRAL
1148,532,2026-06-10 23:46:01,CANCELLED,NORTH
1149,213,2026-06-12 04:28:58,SHIPPED,CENTRAL
1150,6,2026-06-19 02:59:53,PLACED,SOUTH
1151,166,2025-08-08 21:53:19,DELIVERED,NORTH
1152,519,2026-01-20 17:35:24,SHIPPED,NORTH
1153,48,2025-10-13 13:39:12,DELIVERED,CENTRAL
1154,591,2026-07-28 23:01:30,RETURNED,EAST
1155,523,2025-07-30 05:13:13,CANCELLED,SOUTH
1156,,2025-10-06 09:03:22,SHIPPED,SOUTH
1157,222,2026-03-21 17:05:24,DELIVERED,WEST
1158,262,2025-12-16 18:51:28,SHIPPED,WEST
1159,261,2025-10-11 05:44:02,PLACED,SOUTH
1160,276,2026-01-07 20:37:29,SHIPPED,EAST
1161,524,2026-05-23 04:08:33,SHIPPED,WEST
1162,254,2026-01-03 12:15:40,PLACED,CENTRAL
1163,338,2026-06-14 01:15:44,SHIPPED,EAST
1164,232,2026-01-03 02:28:52,RETURNED,SOUTH
1165,108,2025-08-26 05:59:28,DELIVERED,EAST
1166,502,2026-01-22 23:55:48,DELIVERED,EAST
1167,102,2026-03-25 16:31:44,RETURNED,WEST
1168,545,2025-08-19 21:31:53,DELIVERED,CENTRAL
1169,10,2025-12-20 08:51:40,DELIVERED,SOUTH
1170,274,2026-02-15 15:05:32,RETURNED,SOUTH
1171,429,2025-07-10 08:57:01,RETURNED,WEST
1172,283,2025-08-15 06:01:58,DELIVERED,SOUTH
1173,90,2026-03-06 05:51:25,SHIPPED,NORTH
1174,79,2026-03-12 02:55:16,SHIPPED,NORTH
1175,293,2025-11-07 18:17:28,CANCELLED,WEST
1176,140,2026-01-27 07:59:36,RETURNED,CENTRAL
1177,416,2025-09-30 02:34:23,CANCELLED,NORTH
1178,548,2026-04-01 20:19:47,DELIVERED,CENTRAL
1179,44,2026-07-21 03:11:53,DELIVERED,CENTRAL
1180,180,2025-11-30 23:50:15,DELIVERED,NORTH
1181,389,2025-07-31 18:28:04,SHIPPED,SOUTH
1182,121,2025-10-06 11:03:52,SHIPPED,NORTH
1183,583,2026-01-06 00:38:15,RETURNED,CENTRAL
1184,37,2026-02-16 19:45:13,CANCELLED,NORTH
1185,472,2026-03-12 09:29:14,PLACED,SOUTH
1186,10,2026-01-13 09:52:13,PLACED,CENTRAL
1187,421,2026-03-27 04:32:23,SHIPPED,EAST
1188,405,2026-04-19 10:06:12,CANCELLED,CENTRAL
1189,112,2025-08-24 09:32:23,DELIVERED,SOUTH
1190,445,2026-05-06 14:04:32,DELIVERED,NORTH
1191,42,2025-10-05 23:57:01,SHIPPED,NORTH
1192,204,2025-11-22 07:10:25,RETURNED,NORTH
1193,564,2026-06-03 11:48:03,PLACED,WEST
1194,399,2026-07-26 16:49:06,DELIVERED,SOUTH
1195,513,2025-11-02 18:34:02,PLACED,EAST
1196,9,2026-02-01 17:31:15,DELIVERED,WEST
1197,157,2026-04-13 22:57:41,SHIPPED,NORTH
1198,254,2025-07-28 09:49:17,DELIVERED,NORTH
1199,515,2025-09-13 05:20:41,CANCELLED,SOUTH
1200,136,2025-09-03 20:20:54,SHIPPED,SOUTH
1201,205,19-04-2026,DELIVERED,EAST
1202,237,2026-04-21 15:41:09,PLACED,WEST
1203,312,2025-08-21 14:30:56,RETURNED,WEST
1204,49,08-03-2026,DELIVERED,EAST
1205,484,2025-09-22 11:19:17,DELIVERED,EAST
1206,373,2026-07-13 04:03:34,DELIVERED,CENTRAL
1207,134,2025-12-12 16:20:09,DELIVERED,CENTRAL
1208,381,2026-01-07 01:10:54,DELIVERED,NORTH
1209,134,2026-05-15 07:49:55,PLACED,SOUTH
1210,457,19-04-2026,DELIVERED,EAST
1211,486,2025-08-21 22:08:55,DELIVERED,NORTH
1212,429,2025-12-21 05:05:39,CANCELLED,CENTRAL
1213,375,2026-07-11 17:59:21,RETURNED,NORTH
1214,537,2026-06-06 11:45:55,PLACED,CENTRAL
1215,133,2026-02-28 03:46:10,PLACED,SOUTH
1216,408,2026-05-11 15:48:01,DELIVERED,NORTH
1217,522,2026-01-04 11:05:48,DELIVERED,EAST
1218,4,2026-03-27 16:46:42,DELIVERED,CENTRAL
1219,538,2026-07-23 10:34:49,SHIPPED,EAST
1220,176,2025-09-01 13:10:31,SHIPPED,SOUTH
1221,285,2026-01-23 13:44:32,DELIVERED,SOUTH
1222,216,05-02-2026,SHIPPED,CENTRAL
1223,333,2025-07-29 12:20:05,DELIVERED,SOUTH
1224,302,15-07-2026,CANCELLED,EAST
1225,287,2026-06-07 00:34:37,DELIVERED,CENTRAL
1226,392,2026-01-17 06:51:58,DELIVERED,CENTRAL
1227,453,2026-01-27 07:56:51,DELIVERED,WEST
1228,238,2026-07-09 14:07:41,PLACED,WEST
1229,186,2025-09-18 09:10:30,SHIPPED,CENTRAL
1230,185,24-02-2026,SHIPPED,SOUTH
1231,193,25-04-2026,SHIPPED,WEST
1232,540,2025-08-30 01:48:58,PLACED,NORTH
1233,22,10-12-2025,CANCELLED,NORTH
1234,86,2026-03-04 19:08:45,DELIVERED,NORTH
1235,109,2026-06-24 09:02:29,CANCELLED,NORTH
1236,492,2026-01-25 15:52:08,CANCELLED,EAST
1237,159,2025-12-09 10:11:17,SHIPPED,CENTRAL
1238,46,2026-08-01 15:49:14,DELIVERED,WEST
1239,230,2026-07-07 12:16:49,PLACED,EAST
1240,394,2026-05-07 19:04:05,RETURNED,WEST
1241,113,2025-10-26 12:02:56,SHIPPED,NORTH
1242,122,2026-07-26 08:50:40,PLACED,NORTH
1243,183,2026-07-29 02:18:53,SHIPPED,WEST
1244,309,2026-01-05 09:18:59,CANCELLED,EAST
1245,378,2025-09-01 01:10:37,DELIVERED,NORTH
1246,153,2025-12-20 12:43:24,PLACED,WEST
1247,490,2026-04-13 03:12:11,DELIVERED,EAST
1248,331,2026-05-02 06:41:20,DELIVERED,EAST
1249,493,2025-11-05 12:20:10,DELIVERED,EAST
1250,252,2026-04-13 17:15:01,DELIVERED,WEST
1251,236,2026-06-15 16:20:58,DELIVERED,CENTRAL
1252,225,2026-04-17 19:46:03,PLACED,NORTH
1253,486,2026-07-15 06:19:20,PLACED,EAST
1254,143,2026-03-17 11:12:46,CANCELLED,WEST
1255,230,2025-09-27 17:59:09,RETURNED,SOUTH
1256,27,2026-03-14 03:20:21,PLACED,NORTH
1257,76,2025-11-02 05:14:28,SHIPPED,SOUTH
1258,81,23-11-2025,CANCELLED,WEST
1259,187,2026-04-02 04:51:55,DELIVERED,EAST
1260,346,2026-08-02 09:14:03,PLACED,NORTH
1261,33,2026-03-24 09:20:08,SHIPPED,WEST
1262,466,2026-07-24 06:51:15,RETURNED,CENTRAL
1263,233,2026-01-25 13:48:45,RETURNED,CENTRAL
1264,129,2026-04-10 21:04:56,PLACED,WEST
1265,573,14-11-2025,DELIVERED,WEST
1266,415,2025-08-24 22:39:20,CANCELLED,WEST
1267,112,2025-11-26 14:26:34,DELIVERED,EAST
1268,,2026-01-16 06:32:59,PLACED,CENTRAL
1269,,2026-02-20 23:17:22,SHIPPED,NORTH
1270,88,2026-03-31 03:21:20,DELIVERED,WEST
1271,,2025-12-22 09:38:22,PLACED,EAST
1272,408,2026-05-02 01:23:30,DELIVERED,EAST
1273,100,2026-06-08 00:59:57,DELIVERED,CENTRAL
1274,154,2025-10-31 09:05:37,DELIVERED,NORTH
1275,156,10-06-2026,DELIVERED,SOUTH
1276,145,2026-05-25 22:59:33,RETURNED,CENTRAL
1277,536,2026-02-02 00:35:27,DELIVERED,EAST
1278,442,2025-07-20 07:11:55,DELIVERED,SOUTH
1279,77,2025-09-05 18:38:28,RETURNED,NORTH
1280,147,2026-04-01 08:44:56,CANCELLED,NORTH
1281,466,2025-09-27 08:37:17,SHIPPED,EAST
1282,362,2026-05-02 23:22:32,DELIVERED,EAST
1283,263,2025-09-11 22:47:02,RETURNED,NORTH
1284,500,2025-10-31 15:37:09,DELIVERED,CENTRAL
1285,133,2025-10-17 09:25:27,DELIVERED,EAST
1286,424,2026-06-07 05:56:45,CANCELLED,NORTH
1287,59,2026-04-09 09:48:11,CANCELLED,NORTH
1288,108,2025-11-04 00:31:50,DELIVERED,NORTH
1289,474,2026-05-04 07:43:48,DELIVERED,CENTRAL
1290,477,2025-07-23 01:57:39,PLACED,WEST
1291,205,28-05-2026,SHIPPED,CENTRAL
1292,488,2025-08-19 19:58:53,DELIVERED,WEST
1293,219,18-06-2026,DELIVERED,WEST
1294,371,2026-04-28 17:53:32,SHIPPED,SOUTH
1295,434,2026-06-17 07:35:05,PLACED,NORTH
1296,84,2026-04-29 21:36:31,CANCELLED,CENTRAL
1297,266,17-02-2026,CANCELLED,WEST
1298,305,2025-10-12 06:22:04,DELIVERED,WEST
1299,165,2026-05-16 11:13:49,RETURNED,CENTRAL
1300,11,2026-05-22 04:59:20,SHIPPED,CENTRAL
1301,332,2025-11-01 01:19:46,DELIVERED,EAST
1302,,2026-03-30 02:04:29,DELIVERED,EAST
1303,417,2026-07-11 16:38:38,RETURNED,SOUTH
1304,593,2025-12-10 13:38:11,RETURNED,WEST
1305,171,2026-07-23 15:26:10,SHIPPED,SOUTH
1306,591,2026-07-31 04:54:43,DELIVERED,EAST
1307,515,2025-11-10 22:45:04,DELIVERED,WEST
1308,361,2026-02-13 15:34:34,DELIVERED,EAST
1309,181,2025-07-15 10:23:35,DELIVERED,SOUTH
1310,391,2025-10-17 16:49:42,DELIVERED,EAST
1311,102,2026-03-12 17:06:56,PLACED,NORTH
1312,422,2026-05-15 03:07:44,DELIVERED,CENTRAL
1313,455,2026-06-19 09:39:55,DELIVERED,WEST
1314,466,2026-06-03 12:44:46,CANCELLED,NORTH
1315,476,2026-07-05 18:17:36,DELIVERED,WEST
1316,,2026-04-14 23:00:08,SHIPPED,EAST
1317,425,23-03-2026,RETURNED,NORTH
1318,,2026-05-04 22:05:49,CANCELLED,CENTRAL
1319,175,2026-02-11 11:17:09,SHIPPED,WEST
1320,403,2026-03-05 22:06:34,DELIVERED,SOUTH
1321,400,2026-05-13 05:46:46,RETURNED,CENTRAL
1322,237,2026-07-26 15:27:10,DELIVERED,CENTRAL
1323,267,2025-11-03 15:23:32,SHIPPED,NORTH
1324,448,2025-09-18 11:17:45,SHIPPED,CENTRAL
1325,81,06-04-2026,DELIVERED,WEST
1326,367,2025-09-22 05:56:30,SHIPPED,SOUTH
1327,252,2025-09-17 00:50:10,DELIVERED,EAST
1328,282,2026-01-29 12:16:50,PLACED,CENTRAL
1329,114,2025-12-06 11:20:35,PLACED,EAST
1330,185,2025-12-26 18:19:28,DELIVERED,SOUTH
1331,503,2026-02-15 10:02:22,DELIVERED,NORTH
1332,430,2025-08-30 17:48:22,RETURNED,SOUTH
1333,11,2026-02-26 05:58:29,DELIVERED,NORTH
1334,352,2025-10-19 03:42:29,DELIVERED,CENTRAL
1335,,2025-11-18 00:43:27,PLACED,CENTRAL
1336,,2026-04-16 23:01:45,SHIPPED,EAST
1337,223,2025-09-09 12:36:24,PLACED,SOUTH
1338,494,2025-09-09 02:08:40,DELIVERED,EAST
1339,508,2025-11-14 21:26:03,RETURNED,EAST
1340,288,2025-07-30 10:00:38,DELIVERED,CENTRAL
1341,211,2026-07-14 00:36:47,CANCELLED,WEST
1342,279,2026-03-10 18:06:22,DELIVERED,WEST
1343,362,2026-03-29 01:21:58,PLACED,SOUTH
1344,524,2026-01-20 07:10:41,DELIVERED,CENTRAL
1345,31,2026-02-21 18:38:23,DELIVERED,SOUTH
1346,75,2025-11-28 21:56:39,PLACED,EAST
1347,327,2026-05-16 08:36:48,SHIPPED,CENTRAL
1348,239,2025-11-13 00:09:08,DELIVERED,CENTRAL
1349,575,2025-10-05 07:00:28,CANCELLED,NORTH
1350,432,2025-09-21 00:26:55,CANCELLED,SOUTH
1351,506,2025-08-06 06:24:19,DELIVERED,NORTH
1352,335,2026-01-26 01:38:49,PLACED,NORTH
1353,590,2025-12-21 18:57:35,SHIPPED,WEST
1354,,2026-02-07 16:22:09,SHIPPED,NORTH
1355,98,2025-08-15 15:59:55,SHIPPED,EAST
1356,410,2025-10-05 18:44:22,DELIVERED,NORTH
1357,466,2025-10-02 16:17:21,RETURNED,EAST
1358,106,18-11-2025,PLACED,NORTH
1359,447,2025-11-29 23:41:10,DELIVERED,EAST
1360,551,2025-10-04 16:36:45,CANCELLED,EAST
1361,45,2026-05-03 22:49:29,PLACED,EAST
1362,389,2026-02-05 02:19:33,PLACED,WEST
1363,327,2026-08-08 10:24:18,CANCELLED,WEST
1364,126,2026-06-01 00:59:57,DELIVERED,WEST
1365,330,2026-08-02 07:18:50,PLACED,EAST
1366,362,2025-07-13 18:53:45,DELIVERED,SOUTH
1367,77,31-03-2026,PLACED,SOUTH
1368,395,2026-01-02 13:11:07,SHIPPED,CENTRAL
1369,527,2026-07-02 23:57:06,SHIPPED,WEST
1370,517,2026-03-10 00:00:04,RETURNED,WEST
1371,526,2026-03-12 22:31:31,PLACED,WEST
1372,315,2026-07-24 12:16:03,PLACED,WEST
1373,113,2026-04-06 05:27:43,SHIPPED,NORTH
1374,544,2025-11-14 05:21:56,RETURNED,NORTH
1375,218,2026-07-07 12:29:27,DELIVERED,NORTH
1376,379,2026-07-19 00:15:19,DELIVERED,WEST
1377,194,2025-12-09 21:42:13,DELIVERED,WEST
1378,112,2026-02-08 22:45:13,RETURNED,SOUTH
1379,37,2025-10-30 03:40:51,DELIVERED,EAST
1380,415,2026-07-05 16:51:55,DELIVERED,EAST
1381,176,2026-05-31 10:00:35,SHIPPED,CENTRAL
1382,4,2025-12-05 14:04:53,DELIVERED,WEST
1383,245,2026-05-23 18:54:19,SHIPPED,EAST
1384,146,2026-01-02 12:08:17,DELIVERED,NORTH
1385,271,2025-07-27 15:32:15,DELIVERED,NORTH
1386,486,2026-06-30 12:57:59,SHIPPED,NORTH
1387,,2025-09-24 10:28:56,SHIPPED,SOUTH
1388,172,2026-01-29 12:44:05,PLACED,EAST
1389,360,2026-07-20 06:51:21,DELIVERED,EAST
1390,362,2025-09-14 12:05:25,DELIVERED,CENTRAL
1391,277,2026-07-23 11:23:43,PLACED,WEST
1392,146,08-02-2026,DELIVERED,WEST
1393,92,2025-07-13 04:54:52,DELIVERED,EAST
1394,558,2025-08-05 04:44:07,RETURNED,CENTRAL
1395,358,2026-04-01 09:31:01,DELIVERED,EAST
1396,43,2026-05-12 05:26:23,CANCELLED,NORTH
1397,466,2026-06-17 08:37:22,SHIPPED,NORTH
1398,511,2025-12-25 01:31:42,DELIVERED,CENTRAL
1399,572,2025-08-20 09:42:47,SHIPPED,EAST
1400,,2026-02-07 23:11:11,DELIVERED,NORTH
1401,6,2026-04-14 05:06:01,PLACED,EAST
1402,291,2026-07-31 08:43:12,RETURNED,CENTRAL
1403,89,2026-05-12 20:51:28,DELIVERED,WEST
1404,83,22-03-2026,RETURNED,SOUTH
1405,396,2026-07-16 22:33:18,PLACED,EAST
1406,319,2026-05-01 16:06:37,CANCELLED,CENTRAL
1407,205,2025-09-09 02:37:50,SHIPPED,EAST
1408,581,2026-01-07 21:51:53,SHIPPED,WEST
1409,540,2025-11-18 11:39:49,RETURNED,EAST
1410,438,2025-08-13 22:00:14,DELIVERED,CENTRAL
1411,,2025-07-31 18:24:00,PLACED,EAST
1412,595,2026-05-20 09:15:50,DELIVERED,CENTRAL
1413,55,2026-02-16 00:08:21,DELIVERED,NORTH
1414,531,22-02-2026,PLACED,NORTH
1415,100,2025-10-08 07:56:00,DELIVERED,NORTH
1416,599,2025-10-20 14:10:40,PLACED,SOUTH
1417,576,2025-12-10 18:10:21,SHIPPED,SOUTH
1418,319,2026-03-16 12:45:25,CANCELLED,CENTRAL
1419,118,2025-12-28 13:11:51,CANCELLED,CENTRAL
1420,210,16-07-2025,DELIVERED,WEST
1421,125,2026-04-02 13:38:41,SHIPPED,SOUTH
1422,560,2026-02-06 19:28:26,DELIVERED,CENTRAL
1423,150,2026-03-20 23:06:31,CANCELLED,SOUTH
1424,560,2026-03-11 20:07:05,SHIPPED,NORTH
1425,505,2026-05-05 06:11:31,DELIVERED,NORTH
1426,436,2026-02-26 21:22:07,PLACED,WEST
1427,,2026-04-13 11:26:20,CANCELLED,CENTRAL
1428,364,2025-08-08 00:17:20,DELIVERED,EAST
1429,,2026-07-12 07:28:40,CANCELLED,SOUTH
1430,538,21-08-2025,DELIVERED,EAST
1431,577,2026-05-17 11:45:43,DELIVERED,EAST
1432,311,06-11-2025,CANCELLED,WEST
1433,484,2025-08-13 12:21:51,DELIVERED,CENTRAL
1434,539,2026-05-08 22:35:17,DELIVERED,CENTRAL
1435,414,30-12-2025,DELIVERED,SOUTH
1436,109,2025-12-13 13:22:31,SHIPPED,SOUTH
1437,243,2026-03-28 14:17:22,DELIVERED,WEST
1438,431,13-01-2026,SHIPPED,NORTH
1439,75,2026-02-06 06:30:12,DELIVERED,NORTH
1440,329,2025-09-02 05:44:29,PLACED,CENTRAL
1441,201,2025-12-11 22:15:56,SHIPPED,SOUTH
1442,445,2026-05-21 16:17:53,SHIPPED,CENTRAL
1443,,2026-02-11 02:49:56,PLACED,SOUTH
1444,369,2026-07-25 00:00:44,CANCELLED,EAST
1445,541,2025-09-05 06:45:59,DELIVERED,WEST
1446,366,2026-04-04 03:31:01,PLACED,NORTH
1447,386,2026-07-06 19:45:12,PLACED,CENTRAL
1448,121,20-05-2026,DELIVERED,NORTH
1449,297,2026-04-24 17:23:18,DELIVERED,NORTH
1450,162,04-12-2025,DELIVERED,CENTRAL
1451,513,2026-07-20 18:45:03,DELIVERED,NORTH
1452,270,14-02-2026,DELIVERED,SOUTH
1453,61,2026-02-14 19:31:43,DELIVERED,NORTH
1454,75,2025-08-28 00:58:10,DELIVERED,NORTH
1455,73,2025-07-12 07:04:41,DELIVERED,NORTH
1456,491,2026-03-03 06:12:54,PLACED,NORTH
1457,231,2026-02-07 17:28:16,SHIPPED,SOUTH
1458,,2026-07-19 19:09:32,CANCELLED,CENTRAL
1459,389,2025-11-07 19:10:32,DELIVERED,NORTH
1460,387,2026-05-02 05:27:09,DELIVERED,SOUTH
1461,121,2026-07-02 14:56:04,DELIVERED,SOUTH
1462,60,2025-11-23 06:50:58,PLACED,WEST
1463,550,2025-12-20 11:51:36,PLACED,SOUTH
1464,79,2026-03-22 17:54:05,SHIPPED,EAST
1465,251,2026-01-28 23:59:52,DELIVERED,NORTH
1466,79,2025-09-11 22:57:50,DELIVERED,EAST
1467,226,2025-10-05 14:50:49,DELIVERED,CENTRAL
1468,251,2026-06-05 09:58:11,DELIVERED,CENTRAL
1469,355,2025-09-25 03:41:51,DELIVERED,EAST
1470,141,2025-09-20 00:36:56,SHIPPED,CENTRAL
1471,382,2026-05-22 12:56:42,PLACED,SOUTH
1472,465,12-06-2026,CANCELLED,EAST
1473,394,2026-06-11 23:53:40,PLACED,CENTRAL
1474,20,2026-07-14 00:29:57,PLACED,SOUTH
1475,442,2026-08-07 12:24:16,PLACED,EAST
1476,345,2026-01-08 17:13:34,CANCELLED,CENTRAL
1477,29,2026-02-12 16:13:42,DELIVERED,WEST
1478,59,2025-11-02 05:56:08,RETURNED,EAST
1479,548,2025-08-05 22:40:56,DELIVERED,CENTRAL
1480,391,2025-08-18 03:22:57,SHIPPED,NORTH
1481,281,2026-04-23 05:56:10,DELIVERED,EAST
1482,40,2026-01-18 23:17:00,DELIVERED,CENTRAL
1483,,2025-11-18 03:27:32,CANCELLED,SOUTH
1484,18,2025-08-30 00:14:05,RETURNED,WEST
1485,570,26-03-2026,RETURNED,EAST
1486,565,18-08-2025,SHIPPED,EAST
1487,507,2026-03-12 07:11:19,PLACED,CENTRAL
1488,239,01-07-2026,DELIVERED,WEST
1489,43,2025-11-12 23:27:31,RETURNED,EAST
1490,17,2026-01-04 12:26:19,DELIVERED,NORTH
1491,359,2026-03-11 01:04:13,PLACED,NORTH
1492,334,2025-11-08 04:31:04,DELIVERED,NORTH
1493,290,2026-02-26 07:43:11,DELIVERED,EAST
1494,384,2026-02-18 23:00:59,DELIVERED,SOUTH
1495,298,2025-12-01 10:45:41,PLACED,CENTRAL
1496,321,2025-11-12 09:40:13,DELIVERED,CENTRAL
1497,221,2025-12-26 16:25:20,DELIVERED,SOUTH
1498,81,2025-07-12 05:11:57,RETURNED,CENTRAL
1499,589,2025-10-15 15:47:52,DELIVERED,NORTH
1500,541,2025-10-05 21:50:56,DELIVERED,CENTRAL
1501,276,2026-04-28 20:57:54,RETURNED,EAST
1502,371,2025-12-29 18:36:38,RETURNED,SOUTH
1503,420,2026-06-07 12:51:28,DELIVERED,EAST
1504,236,2025-09-01 10:02:30,DELIVERED,SOUTH
1505,251,2026-04-26 04:00:49,DELIVERED,SOUTH
1506,294,2026-06-22 11:23:21,DELIVERED,CENTRAL
1507,590,2026-01-09 08:15:07,SHIPPED,SOUTH
1508,16,2025-11-29 04:10:14,DELIVERED,WEST
1509,130,2025-11-08 02:35:05,PLACED,SOUTH
1510,136,2026-02-13 11:16:44,DELIVERED,WEST
1511,412,2025-09-17 19:34:52,SHIPPED,EAST
1512,345,2026-03-07 04:52:01,RETURNED,NORTH
1513,364,2026-06-08 04:49:50,DELIVERED,WEST
1514,489,2026-06-14 21:25:31,DELIVERED,CENTRAL
1515,522,2025-09-03 16:06:04,DELIVERED,EAST
1516,465,2026-02-08 07:23:06,DELIVERED,CENTRAL
1517,100,2025-10-22 09:42:37,PLACED,CENTRAL
1518,594,2026-06-25 19:35:18,SHIPPED,WEST
1519,183,09-08-2025,RETURNED,SOUTH
1520,285,2025-08-09 02:57:49,PLACED,EAST
1521,295,2025-07-17 16:09:38,CANCELLED,EAST
1522,266,2026-01-26 20:59:21,RETURNED,EAST
1523,212,2025-07-22 15:24:19,SHIPPED,CENTRAL
1524,553,2026-02-25 10:05:08,DELIVERED,NORTH
1525,289,2025-12-17 12:29:13,DELIVERED,CENTRAL
1526,465,2026-02-28 15:23:52,DELIVERED,NORTH
1527,443,2026-07-03 17:06:11,PLACED,EAST
1528,120,2026-02-13 10:32:25,DELIVERED,SOUTH
1529,335,2026-02-10 05:25:43,DELIVERED,CENTRAL
1530,76,2026-08-09 06:18:31,RETURNED,WEST
1531,534,2026-01-13 00:05:49,DELIVERED,NORTH
1532,9,2026-05-12 20:46:03,CANCELLED,SOUTH
1533,272,2025-12-01 23:20:20,SHIPPED,WEST
1534,204,2025-10-06 14:45:07,DELIVERED,SOUTH
1535,,2026-05-11 15:47:50,SHIPPED,SOUTH
1536,,2026-04-26 06:25:29,DELIVERED,SOUTH
1537,496,2025-11-02 09:13:27,CANCELLED,SOUTH
1538,497,2026-01-10 01:50:12,DELIVERED,CENTRAL
1539,99,2026-01-28 03:40:49,CANCELLED,EAST
1540,458,2025-12-14 05:14:36,PLACED,WEST
1541,117,2026-01-24 21:25:45,PLACED,WEST
1542,501,2026-03-29 08:50:51,PLACED,EAST
1543,419,2026-06-10 15:34:09,SHIPPED,EAST
1544,453,2026-05-25 06:14:37,PLACED,WEST
1545,348,10-03-2026,DELIVERED,SOUTH
1546,171,2025-09-13 21:22:03,PLACED,CENTRAL
1547,133,29-01-2026,DELIVERED,WEST
1548,342,2026-01-02 18:26:08,DELIVERED,NORTH
1549,371,2025-09-19 03:36:49,CANCELLED,WEST
1550,235,2026-07-20 11:36:05,DELIVERED,WEST
1551,255,28-03-2026,PLACED,CENTRAL
1552,408,28-07-2026,SHIPPED,NORTH
1553,254,2026-04-27 07:59:02,CANCELLED,WEST
1554,135,2026-01-17 12:17:23,CANCELLED,NORTH
1555,426,2025-11-29 04:40:57,DELIVERED,SOUTH
1556,401,2025-10-04 20:09:38,SHIPPED,EAST
1557,24,2026-01-19 03:34:15,PLACED,CENTRAL
1558,299,2025-08-04 03:57:27,DELIVERED,EAST
1559,547,2025-12-03 09:39:49,RETURNED,WEST
1560,560,2025-07-27 05:38:10,DELIVERED,NORTH
1561,238,2025-09-30 01:50:26,PLACED,EAST
1562,86,2026-07-04 06:36:15,CANCELLED,WEST
1563,86,2025-11-30 03:59:27,DELIVERED,CENTRAL
1564,61,2026-01-12 01:02:11,SHIPPED,EAST
1565,38,2026-01-06 02:22:44,DELIVERED,NORTH
1566,215,2025-07-28 16:04:46,DELIVERED,EAST
1567,242,2026-08-02 02:09:23,DELIVERED,NORTH
1568,436,2025-11-15 11:06:41,DELIVERED,SOUTH
1569,125,2026-04-14 14:31:43,RETURNED,NORTH
1570,508,2026-02-01 11:42:38,DELIVERED,CENTRAL
1571,10,2026-06-03 09:33:14,SHIPPED,EAST
1572,381,2026-06-05 11:08:44,SHIPPED,SOUTH
1573,381,2025-10-22 10:28:59,DELIVERED,EAST
1574,139,2026-02-10 13:47:16,DELIVERED,EAST
1575,154,2025-09-17 01:21:19,PLACED,SOUTH
1576,97,2026-03-25 19:23:53,PLACED,WEST
1577,69,2025-12-01 18:23:09,SHIPPED,NORTH
1578,282,2026-03-25 16:10:58,DELIVERED,EAST
1579,413,2026-06-05 16:48:36,DELIVERED,SOUTH
1580,157,2026-01-30 15:00:28,SHIPPED,CENTRAL
1581,535,2025-12-06 03:05:28,SHIPPED,CENTRAL
1582,485,04-07-2026,SHIPPED,SOUTH
1583,151,2026-01-30 12:14:41,PLACED,NORTH
1584,54,2025-11-26 20:42:31,DELIVERED,WEST
1585,513,2026-06-18 10:53:58,DELIVERED,WEST
1586,364,2026-01-18 20:09:44,DELIVERED,CENTRAL
1587,171,2026-01-16 23:03:57,DELIVERED,WEST
1588,502,2026-03-06 05:55:49,PLACED,WEST
1589,183,2026-01-24 18:17:40,DELIVERED,EAST
1590,219,2025-09-03 06:17:36,RETURNED,SOUTH
1591,184,2025-09-13 19:06:40,SHIPPED,EAST
1592,6,2025-08-09 18:59:13,RETURNED,EAST
1593,14,21-03-2026,SHIPPED,WEST
1594,260,01-10-2025,DELIVERED,NORTH
1595,483,2025-09-22 05:16:08,DELIVERED,WEST
1596,559,30-11-2025,PLACED,SOUTH
1597,182,2026-04-19 23:17:18,DELIVERED,NORTH
1598,64,2025-08-26 02:24:59,SHIPPED,SOUTH
1599,18,2025-10-09 09:33:57,CANCELLED,SOUTH
1600,376,2026-05-27 02:12:41,DELIVERED,NORTH
1601,514,2026-04-21 03:18:53,SHIPPED,NORTH
1602,204,2026-01-16 17:26:00,DELIVERED,NORTH
1603,575,2026-01-15 15:47:19,DELIVERED,NORTH
1604,475,2025-10-01 15:08:21,SHIPPED,NORTH
1605,21,2025-09-12 01:44:03,SHIPPED,EAST
1606,253,2026-06-04 20:50:24,RETURNED,SOUTH
1607,136,2025-07-19 04:22:33,SHIPPED,EAST
1608,324,2025-07-27 08:49:27,SHIPPED,SOUTH
1609,303,2026-02-22 02:19:23,PLACED,EAST
1610,358,2025-09-12 00:37:22,CANCELLED,SOUTH
1611,,2026-03-16 06:19:59,DELIVERED,SOUTH
1612,445,2025-07-25 19:18:06,DELIVERED,SOUTH
1613,516,2026-02-21 14:46:13,SHIPPED,CENTRAL
1614,265,2025-08-01 10:00:10,RETURNED,CENTRAL
1615,191,2025-10-20 10:29:32,SHIPPED,CENTRAL
1616,35,2025-09-19 12:04:59,DELIVERED,NORTH
1617,487,2026-07-24 06:01:05,PLACED,EAST
1618,479,2026-03-04 07:51:57,DELIVERED,CENTRAL
1619,590,2026-02-18 04:32:04,DELIVERED,SOUTH
1620,383,2025-07-17 16:03:47,DELIVERED,NORTH
1621,240,2026-04-20 20:35:30,DELIVERED,WEST
1622,276,2026-03-28 23:59:18,PLACED,CENTRAL
1623,308,2025-10-30 09:37:08,RETURNED,SOUTH
1624,582,2025-08-13 05:10:55,SHIPPED,NORTH
1625,317,2026-01-03 22:44:48,SHIPPED,WEST
1626,1,2026-08-06 21:48:53,SHIPPED,EAST
1627,242,2026-06-18 06:56:29,DELIVERED,SOUTH
1628,384,2026-08-15 18:22:47,DELIVERED,WEST
1629,484,2026-06-03 16:21:13,DELIVERED,NORTH
1630,326,2026-03-04 21:55:26,DELIVERED,EAST
1631,435,2026-05-20 13:04:21,SHIPPED,CENTRAL
1632,,2026-05-30 18:17:37,SHIPPED,EAST
1633,2,2025-09-20 05:36:34,RETURNED,SOUTH
1634,193,2026-03-28 04:05:32,PLACED,WEST
1635,436,2025-10-22 21:54:58,DELIVERED,WEST
1636,,2026-04-22 16:37:32,SHIPPED,CENTRAL
1637,477,2025-11-22 19:38:47,DELIVERED,WEST
1638,13,2026-01-05 15:14:34,DELIVERED,WEST
1639,,2026-02-28 20:42:35,DELIVERED,NORTH
1640,265,2025-10-09 04:30:41,CANCELLED,WEST
1641,485,2025-12-09 17:46:25,RETURNED,NORTH
1642,435,2025-08-22 05:46:58,DELIVERED,SOUTH
1643,,2025-09-28 07:50:16,SHIPPED,CENTRAL
1644,466,2026-06-15 05:45:31,PLACED,WEST
1645,52,2026-01-25 18:14:10,SHIPPED,EAST
1646,25,2025-12-23 07:37:51,DELIVERED,NORTH
1647,305,2025-09-07 10:49:51,DELIVERED,NORTH
1648,406,2025-08-17 09:18:48,PLACED,SOUTH
1649,442,2026-01-14 11:49:59,DELIVERED,CENTRAL
1650,537,10-03-2026,SHIPPED,NORTH
1651,104,2025-07-25 17:50:14,PLACED,EAST
1652,23,2026-05-16 07:03:52,DELIVERED,NORTH
1653,444,2026-01-25 08:27:26,DELIVERED,EAST
1654,553,2025-08-25 18:41:33,DELIVERED,EAST
1655,221,2026-01-17 00:18:27,DELIVERED,SOUTH
1656,47,2025-08-30 20:17:45,DELIVERED,EAST
1657,,2026-03-05 22:56:30,DELIVERED,EAST
1658,326,2026-06-02 13:22:55,DELIVERED,SOUTH
1659,295,2026-06-30 00:30:28,DELIVERED,WEST
1660,337,2026-05-12 17:39:57,DELIVERED,EAST
1661,355,2026-03-24 01:13:26,CANCELLED,WEST
1662,175,2026-02-01 18:04:56,PLACED,CENTRAL
1663,499,2025-12-03 18:36:24,SHIPPED,CENTRAL
1664,299,2025-07-27 11:36:51,DELIVERED,SOUTH
1665,171,2026-02-04 19:50:58,DELIVERED,NORTH
1666,291,2025-10-09 01:24:10,SHIPPED,CENTRAL
1667,127,2026-05-23 14:00:10,RETURNED,CENTRAL
1668,163,2026-05-18 13:02:36,RETURNED,CENTRAL
1669,223,2025-12-08 01:40:14,SHIPPED,EAST
1670,326,2026-02-28 06:01:07,SHIPPED,WEST
1671,476,2026-04-29 11:56:24,SHIPPED,SOUTH
1672,4,2026-05-07 11:08:20,DELIVERED,SOUTH
1673,101,2026-04-11 19:49:10,RETURNED,WEST
1674,30,2025-08-17 22:46:29,DELIVERED,NORTH
1675,419,2025-09-01 06:01:46,SHIPPED,CENTRAL
1676,94,14-01-2026,DELIVERED,WEST
1677,198,2025-10-10 06:07:43,DELIVERED,SOUTH
1678,205,2026-06-15 00:38:54,CANCELLED,SOUTH
1679,471,2025-10-30 07:50:05,RETURNED,SOUTH
1680,513,2026-06-22 00:45:49,CANCELLED,SOUTH
1681,72,18-12-2025,DELIVERED,CENTRAL
1682,395,2025-09-23 01:20:44,SHIPPED,CENTRAL
1683,547,2026-04-16 17:53:58,CANCELLED,NORTH
1684,408,2026-05-18 11:46:48,PLACED,WEST
1685,524,2026-02-23 21:02:19,DELIVERED,NORTH
1686,269,2025-08-25 21:39:20,DELIVERED,SOUTH
1687,348,2025-07-13 03:37:07,DELIVERED,EAST
1688,76,2026-03-26 03:39:47,DELIVERED,EAST
1689,456,2026-04-08 06:57:40,SHIPPED,EAST
1690,144,2025-11-12 05:34:31,SHIPPED,EAST
1691,299,2025-11-30 13:39:24,DELIVERED,EAST
1692,451,2025-09-09 12:20:57,CANCELLED,SOUTH
1693,300,2026-03-24 23:28:22,SHIPPED,SOUTH
1694,152,2025-10-18 14:34:41,DELIVERED,CENTRAL
1695,175,2026-06-13 09:57:35,DELIVERED,CENTRAL
1696,384,2025-12-24 19:22:45,DELIVERED,CENTRAL
1697,496,01-12-2025,RETURNED,EAST
1698,212,2025-10-27 06:41:45,DELIVERED,NORTH
1699,366,2026-04-05 10:59:44,DELIVERED,NORTH
1700,537,2026-05-04 20:48:29,DELIVERED,NORTH
1701,102,2025-12-20 17:18:16,SHIPPED,CENTRAL
1702,551,2026-05-16 06:18:24,PLACED,CENTRAL
1703,251,2026-01-17 02:27:37,DELIVERED,SOUTH
1704,468,2025-12-03 17:02:44,SHIPPED,EAST
1705,195,2026-02-14 18:01:32,RETURNED,SOUTH
1706,63,2025-10-18 15:57:12,DELIVERED,WEST
1707,550,08-11-2025,DELIVERED,NORTH
1708,120,2025-11-23 11:38:21,PLACED,CENTRAL
1709,499,15-04-2026,DELIVERED,NORTH
1710,454,2026-04-27 06:40:48,CANCELLED,CENTRAL
1711,1,2026-06-13 10:10:07,SHIPPED,SOUTH
1712,495,2026-03-28 00:37:10,SHIPPED,CENTRAL
1713,282,2026-05-02 00:52:26,DELIVERED,NORTH
1714,187,2026-01-02 21:59:22,RETURNED,WEST
1715,184,2026-04-12 20:31:57,SHIPPED,WEST
1716,552,2025-09-12 06:56:37,PLACED,SOUTH
1717,514,2025-10-03 02:46:13,DELIVERED,EAST
1718,216,2025-12-15 17:04:45,SHIPPED,WEST
1719,162,2025-11-21 03:28:00,RETURNED,WEST
1720,427,2026-02-13 00:52:50,RETURNED,WEST
1721,311,2026-04-11 23:08:22,DELIVERED,EAST
1722,436,2026-04-15 19:30:40,PLACED,WEST
1723,419,2025-09-11 20:54:38,RETURNED,EAST
1724,,2026-07-26 18:06:52,DELIVERED,EAST
1725,25,2025-07-12 09:33:12,SHIPPED,CENTRAL
1726,221,2025-08-15 07:51:54,SHIPPED,NORTH
1727,334,2025-09-05 18:39:27,DELIVERED,NORTH
1728,400,2026-07-11 10:43:51,DELIVERED,EAST
1729,385,29-12-2025,SHIPPED,CENTRAL
1730,292,2025-08-04 15:31:47,DELIVERED,EAST
1731,424,2025-10-06 00:10:11,DELIVERED,CENTRAL
1732,91,2025-08-10 23:00:00,DELIVERED,EAST
1733,299,2025-07-25 05:40:37,DELIVERED,EAST
1734,370,2025-12-09 06:59:35,CANCELLED,SOUTH
1735,234,2026-08-03 14:46:33,DELIVERED,EAST
1736,24,2026-03-10 02:30:42,DELIVERED,WEST
1737,542,2026-02-01 08:13:27,DELIVERED,CENTRAL
1738,33,2026-04-17 17:13:08,SHIPPED,CENTRAL
1739,589,03-03-2026,PLACED,NORTH
1740,116,2026-07-19 07:10:00,CANCELLED,NORTH
1741,480,2026-05-30 16:09:48,DELIVERED,WEST
1742,477,2026-03-20 12:22:12,DELIVERED,EAST
1743,590,2025-12-30 21:38:27,DELIVERED,WEST
1744,412,28-09-2025,CANCELLED,NORTH
1745,,2026-03-27 01:51:14,CANCELLED,CENTRAL
1746,335,2026-05-24 05:16:50,SHIPPED,CENTRAL
1747,591,2025-10-31 09:50:20,SHIPPED,SOUTH
1748,547,2025-07-23 14:19:38,DELIVERED,CENTRAL
1749,71,2026-03-04 09:21:35,SHIPPED,SOUTH
1750,168,2026-01-30 06:56:51,RETURNED,SOUTH
1751,28,2025-10-09 22:08:17,DELIVERED,WEST
1752,,2025-09-15 07:54:31,SHIPPED,NORTH
1753,409,2025-07-24 13:35:50,DELIVERED,NORTH
1754,180,2025-10-12 22:08:02,DELIVERED,SOUTH
1755,124,2025-07-10 10:03:58,DELIVERED,EAST
1756,216,2025-09-10 13:39:15,DELIVERED,EAST
1757,468,2026-08-08 12:10:15,DELIVERED,NORTH
1758,318,2026-05-14 15:14:46,CANCELLED,EAST
1759,87,2025-11-26 22:53:18,CANCELLED,NORTH
1760,282,2025-12-13 13:39:31,PLACED,SOUTH
1761,10,2026-02-27 01:51:00,DELIVERED,NORTH
1762,215,2026-01-31 01:15:23,DELIVERED,WEST
1763,430,2026-04-27 17:31:46,RETURNED,SOUTH
1764,113,06-08-2025,SHIPPED,WEST
1765,272,14-08-2025,PLACED,NORTH
1766,36,2025-10-30 19:28:53,DELIVERED,CENTRAL
1767,538,2026-06-03 10:40:14,SHIPPED,SOUTH
1768,68,2026-07-07 03:43:35,RETURNED,CENTRAL
1769,1,2025-11-24 23:07:32,RETURNED,SOUTH
1770,553,2026-07-26 05:56:29,DELIVERED,WEST
1771,585,2025-10-27 15:41:12,PLACED,SOUTH
1772,85,2026-03-07 02:21:32,SHIPPED,CENTRAL
1773,232,2025-09-25 05:35:09,SHIPPED,WEST
1774,533,2026-07-12 23:17:27,SHIPPED,SOUTH
1775,384,2026-02-22 15:48:08,RETURNED,NORTH
1776,395,2025-10-21 13:31:17,RETURNED,NORTH
1777,35,2025-12-18 07:28:14,DELIVERED,NORTH
1778,496,2025-08-21 09:48:10,CANCELLED,CENTRAL
1779,220,2025-08-07 22:21:28,DELIVERED,EAST
1780,527,2025-11-03 16:05:44,CANCELLED,EAST
1781,500,2026-07-19 19:30:04,PLACED,EAST
1782,270,2026-05-23 20:05:47,DELIVERED,CENTRAL
1783,233,2026-07-23 15:30:23,PLACED,EAST
1784,356,2026-06-21 18:33:49,RETURNED,NORTH
1785,517,2026-05-27 20:57:13,CANCELLED,CENTRAL
1786,228,2026-02-22 15:40:49,DELIVERED,CENTRAL
1787,156,2026-04-10 19:56:32,PLACED,CENTRAL
1788,236,2026-07-27 08:12:38,SHIPPED,SOUTH
1789,170,2026-02-18 00:23:43,SHIPPED,SOUTH
1790,435,2026-05-10 19:07:44,RETURNED,WEST
1791,535,2026-05-05 20:32:56,DELIVERED,SOUTH
1792,308,2026-08-18 18:22:47,DELIVERED,SOUTH
1793,69,2026-01-07 18:17:18,PLACED,SOUTH
1794,249,2026-01-08 12:03:21,DELIVERED,CENTRAL
1795,359,2026-02-27 08:56:01,SHIPPED,WEST
1796,600,2025-07-21 02:55:34,DELIVERED,EAST
1797,12,2025-08-25 06:50:48,DELIVERED,CENTRAL
1798,449,2025-08-06 00:29:59,DELIVERED,WEST
1799,350,2026-03-17 21:26:57,PLACED,EAST
1800,478,2026-08-07 11:18:46,DELIVERED,WEST
1801,231,2026-04-03 23:56:52,DELIVERED,CENTRAL
1802,248,2025-10-09 05:36:57,CANCELLED,WEST
1803,108,2025-11-12 03:57:08,DELIVERED,EAST
1804,521,2026-07-23 03:30:46,SHIPPED,EAST
1805,104,2026-01-30 13:30:06,DELIVERED,SOUTH
1806,273,2025-07-14 03:37:22,DELIVERED,CENTRAL
1807,580,2026-06-04 09:33:55,RETURNED,WEST
1808,,2025-10-16 11:33:45,DELIVERED,NORTH
1809,121,2025-08-16 02:05:45,DELIVERED,CENTRAL
1810,404,02-04-2026,DELIVERED,WEST
1811,588,31-05-2026,DELIVERED,WEST
1812,27,2025-08-09 08:55:56,DELIVERED,EAST
1813,423,2026-07-13 15:15:31,CANCELLED,EAST
1814,353,2026-01-14 18:20:47,SHIPPED,NORTH
1815,270,2025-11-27 02:46:56,DELIVERED,CENTRAL
1816,411,2026-06-28 23:19:51,SHIPPED,WEST
1817,342,2025-10-24 17:08:55,CANCELLED,SOUTH
1818,314,2026-07-19 20:28:32,DELIVERED,EAST
1819,191,2026-04-06 10:44:18,CANCELLED,WEST
1820,449,2026-07-05 03:29:51,RETURNED,EAST
1821,,2026-01-23 15:21:44,DELIVERED,CENTRAL
1822,574,2025-09-27 06:22:58,DELIVERED,SOUTH
1823,415,2026-04-27 03:19:35,SHIPPED,EAST
1824,395,2026-06-20 10:34:25,CANCELLED,EAST
1825,85,2025-09-30 01:53:02,CANCELLED,SOUTH
1826,281,2025-09-28 11:48:18,DELIVERED,SOUTH
1827,232,2025-10-17 01:12:32,PLACED,EAST
1828,22,2026-03-11 22:28:03,DELIVERED,CENTRAL
1829,582,2025-09-09 23:53:59,DELIVERED,WEST
1830,397,2025-08-21 11:55:55,RETURNED,EAST
1831,374,2026-07-09 04:52:55,SHIPPED,EAST
1832,138,2026-04-03 13:29:58,DELIVERED,CENTRAL
1833,99,2026-03-29 15:55:27,DELIVERED,WEST
1834,108,2026-03-10 01:11:45,DELIVERED,CENTRAL
1835,230,2026-05-08 12:48:43,PLACED,CENTRAL
1836,447,2026-02-09 10:29:26,PLACED,WEST
1837,59,2025-07-27 00:27:38,DELIVERED,NORTH
1838,67,2026-01-17 00:47:35,SHIPPED,NORTH
1839,503,2026-03-12 18:07:10,PLACED,WEST
1840,463,2026-01-21 00:09:42,SHIPPED,SOUTH
1841,521,2026-08-03 23:26:36,DELIVERED,CENTRAL
1842,7,30-06-2026,DELIVERED,CENTRAL
1843,73,2026-06-18 20:51:34,DELIVERED,SOUTH
1844,184,20-01-2026,RETURNED,NORTH
1845,97,2026-08-03 14:16:08,RETURNED,WEST
1846,391,2026-07-07 13:11:49,SHIPPED,NORTH
1847,182,2025-10-29 03:21:41,DELIVERED,SOUTH
1848,206,2025-10-06 03:13:52,DELIVERED,EAST
1849,97,23-02-2026,DELIVERED,CENTRAL
1850,383,31-07-2025,RETURNED,NORTH
1851,,22-05-2026,RETURNED,CENTRAL
1852,72,2026-01-15 11:05:40,DELIVERED,SOUTH
1853,354,2026-02-09 03:47:23,SHIPPED,EAST
1854,452,2026-01-25 00:21:07,SHIPPED,SOUTH
1855,456,13-12-2025,DELIVERED,NORTH
1856,320,2026-04-07 17:24:26,DELIVERED,CENTRAL
1857,103,2025-09-17 10:22:37,RETURNED,EAST
1858,562,2026-07-31 11:24:30,RETURNED,CENTRAL
1859,253,2026-04-12 10:24:24,CANCELLED,SOUTH
1860,43,2026-01-08 05:53:17,RETURNED,CENTRAL
1861,533,2026-04-08 20:39:52,RETURNED,CENTRAL
1862,545,2025-07-14 23:31:25,DELIVERED,EAST
1863,459,2025-10-01 15:35:56,DELIVERED,WEST
1864,85,2026-02-25 01:42:43,SHIPPED,WEST
1865,314,2025-11-16 00:04:03,SHIPPED,NORTH
1866,43,2026-03-09 15:14:28,CANCELLED,CENTRAL
1867,322,2025-10-21 00:10:12,PLACED,EAST
1868,361,12-02-2026,CANCELLED,WEST
1869,537,2025-10-12 02:02:12,DELIVERED,NORTH
1870,102,2026-01-12 16:53:50,SHIPPED,EAST
1871,209,2026-03-09 18:08:41,DELIVERED,NORTH
1872,211,2025-12-02 00:20:25,SHIPPED,SOUTH
1873,339,2026-01-23 13:11:09,CANCELLED,EAST
1874,412,2025-10-01 13:30:42,SHIPPED,EAST
1875,433,2026-04-13 09:49:52,RETURNED,EAST
1876,280,04-12-2025,CANCELLED,WEST
1877,195,2026-06-13 03:46:58,DELIVERED,WEST
1878,,2025-10-28 21:18:53,DELIVERED,NORTH
1879,119,2025-09-19 10:40:32,PLACED,CENTRAL
1880,263,2025-08-31 03:59:12,DELIVERED,EAST
1881,292,2026-02-23 01:09:38,DELIVERED,WEST
1882,207,2025-10-08 16:40:33,DELIVERED,SOUTH
1883,37,2025-08-18 19:12:26,SHIPPED,WEST
1884,70,2025-10-25 01:26:14,DELIVERED,SOUTH
1885,43,2025-10-11 13:22:33,RETURNED,SOUTH
1886,45,2025-12-28 05:32:42,SHIPPED,EAST
1887,359,2025-12-07 22:19:08,PLACED,WEST
1888,299,2025-09-05 23:32:54,DELIVERED,EAST
1889,450,2026-07-24 14:39:03,CANCELLED,CENTRAL
1890,571,2025-09-07 10:42:22,SHIPPED,NORTH
1891,420,24-05-2026,DELIVERED,EAST
1892,147,2025-09-18 03:31:35,PLACED,NORTH
1893,397,2026-01-23 21:02:33,SHIPPED,NORTH
1894,76,2026-08-08 00:15:22,DELIVERED,CENTRAL
1895,290,2026-06-11 04:56:00,RETURNED,SOUTH
1896,257,2026-01-30 18:16:24,DELIVERED,SOUTH
1897,369,2026-04-21 06:12:23,DELIVERED,WEST
1898,165,16-05-2026,CANCELLED,SOUTH
1899,,2025-11-05 22:58:34,CANCELLED,WEST
1900,362,2026-02-17 14:37:05,CANCELLED,WEST
1901,455,2026-02-19 20:40:47,SHIPPED,WEST
1902,543,2025-12-14 20:35:17,SHIPPED,SOUTH
1903,373,2026-04-09 09:18:45,DELIVERED,WEST
1904,315,2025-08-03 01:08:50,PLACED,WEST
1905,423,2026-05-28 03:19:10,DELIVERED,SOUTH
1906,530,2026-01-14 18:11:40,PLACED,SOUTH
1907,177,2026-03-16 09:23:13,DELIVERED,SOUTH
1908,589,2026-01-04 04:55:47,DELIVERED,WEST
1909,134,2025-11-19 15:34:41,DELIVERED,CENTRAL
1910,37,2025-11-30 01:14:40,PLACED,NORTH
1911,55,2026-02-16 21:38:39,RETURNED,EAST
1912,155,2026-07-13 19:30:49,PLACED,CENTRAL
1913,598,2025-10-20 05:19:17,SHIPPED,SOUTH
1914,104,2025-07-18 03:35:51,CANCELLED,SOUTH
1915,546,2025-08-27 06:00:34,DELIVERED,WEST
1916,288,2026-06-18 07:34:10,RETURNED,SOUTH
1917,100,2026-07-26 04:19:03,DELIVERED,WEST
1918,21,2025-09-26 23:39:32,DELIVERED,WEST
1919,187,23-02-2026,DELIVERED,CENTRAL
1920,348,2026-03-24 00:16:03,PLACED,SOUTH
1921,404,2025-09-17 07:53:41,RETURNED,SOUTH
1922,329,2026-05-14 21:17:04,DELIVERED,EAST
1923,507,2025-11-27 17:41:37,DELIVERED,SOUTH
1924,259,2026-04-02 12:38:23,DELIVERED,NORTH
1925,171,2026-01-19 02:09:44,SHIPPED,WEST
1926,346,2026-04-27 13:44:20,DELIVERED,WEST
1927,341,2026-06-27 02:52:36,RETURNED,CENTRAL
1928,,2025-12-08 00:05:59,SHIPPED,WEST
1929,37,2025-10-31 14:44:47,DELIVERED,EAST
1930,435,2026-03-17 02:56:43,RETURNED,EAST
1931,501,2025-09-05 14:06:03,DELIVERED,NORTH
1932,327,2025-09-14 13:48:20,PLACED,SOUTH
1933,110,2026-05-25 17:24:55,PLACED,CENTRAL
1934,90,20-11-2025,PLACED,EAST
1935,73,2026-03-16 22:46:51,CANCELLED,WEST
1936,339,2026-02-21 08:46:29,PLACED,SOUTH
1937,84,2026-06-11 00:17:27,PLACED,WEST
1938,239,2025-08-07 12:28:09,DELIVERED,CENTRAL
1939,203,2025-09-12 08:53:00,DELIVERED,WEST
1940,63,2025-10-08 13:21:55,PLACED,SOUTH
1941,556,2025-11-12 14:50:37,PLACED,NORTH
1942,330,2025-11-02 12:36:52,DELIVERED,CENTRAL
1943,423,2025-10-24 01:55:51,DELIVERED,EAST
1944,544,2026-03-22 05:41:04,DELIVERED,EAST
1945,67,2025-10-25 13:45:58,RETURNED,NORTH
1946,441,2026-01-02 05:53:17,DELIVERED,NORTH
1947,91,2026-06-16 12:16:14,RETURNED,CENTRAL
1948,68,2025-11-30 22:09:06,SHIPPED,EAST
1949,492,2026-02-27 09:49:07,DELIVERED,CENTRAL
1950,195,2026-07-27 03:11:09,DELIVERED,WEST
1951,473,2025-12-21 00:31:35,RETURNED,WEST
1952,476,2025-09-21 00:36:39,DELIVERED,WEST
1953,143,2025-07-19 10:35:35,CANCELLED,SOUTH
1954,15,2026-04-24 02:39:24,RETURNED,SOUTH
1955,189,29-03-2026,DELIVERED,EAST
1956,23,2026-07-17 05:04:05,CANCELLED,CENTRAL
1957,195,2026-04-13 09:40:56,DELIVERED,SOUTH
1958,62,2025-08-10 23:14:14,RETURNED,WEST
1959,145,2025-09-14 07:29:37,CANCELLED,WEST
1960,316,2025-08-20 01:00:18,SHIPPED,CENTRAL
1961,125,2025-08-04 12:47:45,SHIPPED,EAST
1962,132,2026-06-22 19:01:51,PLACED,WEST
1963,253,2026-02-12 04:32:46,SHIPPED,EAST
1964,488,2025-07-20 17:34:12,DELIVERED,EAST
1965,131,2025-12-14 07:24:05,DELIVERED,SOUTH
1966,243,2026-05-08 19:57:03,DELIVERED,NORTH
1967,98,2025-08-12 05:28:48,SHIPPED,CENTRAL
1968,273,2025-10-22 02:17:04,SHIPPED,EAST
1969,373,09-09-2025,SHIPPED,NORTH
1970,495,2026-03-26 06:22:58,RETURNED,WEST
1971,550,2026-06-25 11:23:00,SHIPPED,CENTRAL
1972,303,2025-11-09 15:35:20,SHIPPED,CENTRAL
1973,386,2025-10-16 03:23:23,PLACED,EAST
1974,304,2025-10-30 16:27:31,DELIVERED,NORTH
1975,152,2026-03-15 01:17:34,SHIPPED,WEST
1976,111,2025-08-31 05:17:45,SHIPPED,CENTRAL
1977,167,2026-06-06 21:44:43,PLACED,NORTH
1978,566,2025-07-21 14:30:39,CANCELLED,WEST
1979,445,2026-03-29 17:06:39,SHIPPED,NORTH
1980,332,2026-06-15 13:08:04,CANCELLED,NORTH
1981,136,2025-11-15 21:50:18,PLACED,NORTH
1982,241,2026-01-14 14:32:36,DELIVERED,NORTH
1983,72,2026-07-30 20:55:42,DELIVERED,WEST
1984,562,2026-02-09 02:02:44,DELIVERED,NORTH
1985,268,26-10-2025,DELIVERED,NORTH
1986,231,02-01-2026,DELIVERED,SOUTH
1987,141,2026-07-28 17:18:14,DELIVERED,WEST
1988,,2026-04-12 04:30:22,DELIVERED,WEST
1989,42,18-09-2025,SHIPPED,WEST
1990,,2026-03-03 15:02:06,DELIVERED,SOUTH
1991,156,2026-03-16 20:38:13,DELIVERED,EAST
1992,384,2026-03-18 18:13:41,SHIPPED,CENTRAL
1993,201,2026-02-18 08:08:20,PLACED,EAST
1994,457,2026-02-02 07:31:03,DELIVERED,WEST
1995,116,2026-03-20 05:07:40,DELIVERED,SOUTH
1996,584,2025-11-09 18:20:51,DELIVERED,SOUTH
1997,311,24-11-2025,DELIVERED,CENTRAL
1998,259,08-02-2026,PLACED,SOUTH
1999,212,2026-05-24 12:51:11,DELIVERED,WEST
2000,170,2026-01-01 01:03:12,DELIVERED,SOUTH
2001,110,2025-12-01 23:00:13,DELIVERED,NORTH
2002,1,2025-10-21 01:10:43,DELIVERED,SOUTH
2003,377,2025-11-07 08:33:44,DELIVERED,EAST
2004,428,2025-07-10 08:12:58,PLACED,NORTH
2005,270,2026-05-28 18:08:30,RETURNED,SOUTH
2006,32,2026-06-10 15:14:01,SHIPPED,NORTH
2007,241,2025-11-23 07:09:54,DELIVERED,EAST
2008,577,2026-01-11 20:30:58,SHIPPED,NORTH
2009,387,2025-07-13 14:16:39,CANCELLED,WEST
2010,14,09-07-2026,PLACED,EAST
2011,491,2026-07-19 18:57:04,DELIVERED,SOUTH
2012,459,2026-01-14 23:12:08,PLACED,CENTRAL
2013,446,2025-07-13 22:01:03,DELIVERED,NORTH
2014,91,2025-12-27 12:37:06,DELIVERED,SOUTH
2015,381,2025-11-03 03:28:47,SHIPPED,EAST
2016,595,2025-10-09 17:48:51,SHIPPED,EAST
2017,507,2025-07-13 03:50:45,RETURNED,NORTH
2018,141,2025-12-05 01:36:31,DELIVERED,CENTRAL
2019,169,2025-12-20 03:08:28,RETURNED,SOUTH
2020,554,2026-02-16 23:35:00,CANCELLED,CENTRAL
2021,211,2025-12-13 09:56:50,CANCELLED,NORTH
2022,558,2025-09-12 20:56:13,PLACED,CENTRAL
2023,169,2026-04-27 19:21:17,DELIVERED,WEST
2024,383,2025-12-11 10:13:07,DELIVERED,WEST
2025,360,2025-12-06 22:21:04,RETURNED,SOUTH
2026,465,2025-10-22 07:17:45,DELIVERED,NORTH
2027,517,2025-12-24 06:49:50,RETURNED,EAST
2028,416,2025-10-13 01:01:49,DELIVERED,SOUTH
2029,,2026-05-08 15:36:11,SHIPPED,NORTH
2030,464,2026-07-05 03:45:12,DELIVERED,WEST
2031,,2026-05-25 16:03:56,DELIVERED,EAST
2032,490,2026-04-07 01:17:17,DELIVERED,NORTH
2033,360,2025-10-30 21:13:08,CANCELLED,WEST
2034,101,2026-04-30 02:29:18,CANCELLED,WEST
2035,390,2026-05-26 03:46:29,RETURNED,WEST
2036,95,2025-12-20 14:13:36,DELIVERED,NORTH
2037,346,2026-06-12 19:46:18,PLACED,EAST
2038,463,2025-09-20 10:34:24,PLACED,SOUTH
2039,29,2025-11-01 19:54:01,DELIVERED,WEST
2040,579,2026-03-19 04:06:50,DELIVERED,NORTH
2041,121,2026-03-11 14:14:03,RETURNED,EAST
2042,41,2025-10-25 22:10:32,PLACED,SOUTH
2043,79,2026-03-13 13:55:14,PLACED,SOUTH
2044,45,2025-09-22 13:39:24,CANCELLED,CENTRAL
2045,235,2025-07-17 23:25:19,RETURNED,NORTH
2046,143,2025-07-29 22:23:58,DELIVERED,NORTH
2047,376,2026-02-06 20:46:06,DELIVERED,EAST
2048,109,21-09-2025,DELIVERED,WEST
2049,90,2025-08-19 18:01:17,DELIVERED,WEST
2050,250,2025-10-24 18:16:53,PLACED,SOUTH
2051,192,2026-04-19 03:17:34,RETURNED,EAST
2052,490,2026-04-23 20:20:31,SHIPPED,WEST
2053,41,2025-10-10 08:57:12,PLACED,WEST
2054,,2025-09-07 21:29:04,PLACED,EAST
2055,10,2026-01-21 11:55:22,SHIPPED,SOUTH
2056,219,2025-11-22 12:26:53,DELIVERED,NORTH
2057,567,2025-11-10 12:31:35,CANCELLED,SOUTH
2058,523,2026-05-22 11:04:07,DELIVERED,NORTH
2059,253,2026-08-08 23:03:02,DELIVERED,SOUTH
2060,417,2026-01-09 16:11:15,CANCELLED,WEST
2061,,2026-05-19 06:47:00,DELIVERED,CENTRAL
2062,231,2025-11-17 21:44:34,DELIVERED,CENTRAL
2063,162,2026-06-08 21:28:17,DELIVERED,NORTH
2064,32,2026-07-21 15:25:52,DELIVERED,SOUTH
2065,41,2025-08-01 11:12:06,DELIVERED,EAST
2066,549,2026-05-13 01:05:33,CANCELLED,WEST
2067,396,2025-08-07 12:51:16,DELIVERED,CENTRAL
2068,588,2026-01-12 05:31:17,DELIVERED,EAST
2069,65,2025-09-24 07:26:40,SHIPPED,EAST
2070,234,2026-06-08 02:25:21,RETURNED,CENTRAL
2071,314,2026-05-29 11:53:56,DELIVERED,EAST
2072,435,2026-06-02 20:18:46,DELIVERED,SOUTH
2073,303,2025-08-27 12:52:54,DELIVERED,CENTRAL
2074,474,2026-05-10 01:50:27,DELIVERED,EAST
2075,211,2025-10-16 18:15:05,SHIPPED,WEST
2076,402,2026-05-11 07:04:12,DELIVERED,CENTRAL
2077,261,2026-01-01 11:29:59,RETURNED,CENTRAL
2078,4,2026-04-28 00:06:40,SHIPPED,WEST
2079,564,2025-07-23 13:23:14,DELIVERED,SOUTH
2080,438,2026-01-08 13:08:22,PLACED,WEST
2081,123,2026-05-11 04:53:35,DELIVERED,NORTH
2082,,2026-02-01 09:29:31,DELIVERED,SOUTH
2083,434,2026-08-02 16:38:25,DELIVERED,NORTH
2084,284,2026-01-13 06:56:45,SHIPPED,CENTRAL
2085,274,2026-04-05 18:56:09,SHIPPED,NORTH
2086,325,2025-11-10 17:34:55,RETURNED,WEST
2087,18,2025-11-15 01:32:43,DELIVERED,EAST
2088,128,2026-03-16 02:45:46,SHIPPED,WEST
2089,178,2025-07-26 23:43:40,PLACED,EAST
2090,396,2026-07-16 00:26:21,CANCELLED,WEST
2091,454,2026-02-01 07:28:17,CANCELLED,WEST
2092,,2025-10-18 11:32:27,DELIVERED,WEST
2093,537,19-03-2026,DELIVERED,WEST
2094,211,2025-09-26 21:26:01,DELIVERED,WEST
2095,414,2026-06-26 06:49:24,DELIVERED,SOUTH
2096,237,2026-06-16 20:20:57,RETURNED,CENTRAL
2097,67,2025-10-04 10:22:36,DELIVERED,EAST
2098,21,2025-08-23 23:08:53,RETURNED,NORTH
2099,357,2026-03-17 14:18:14,RETURNED,WEST
2100,225,2025-11-15 15:18:36,DELIVERED,SOUTH
2101,391,2025-09-14 11:45:48,PLACED,SOUTH
2102,567,27-10-2025,RETURNED,WEST
2103,146,2025-08-26 14:56:19,RETURNED,SOUTH
2104,171,2026-05-18 09:08:05,PLACED,NORTH
2105,181,2025-07-13 20:05:36,DELIVERED,SOUTH
2106,201,26-07-2025,DELIVERED,EAST
2107,184,2026-05-16 03:20:04,DELIVERED,EAST
2108,157,2026-01-14 06:09:09,DELIVERED,EAST
2109,279,03-03-2026,DELIVERED,NORTH
2110,172,2025-12-04 04:17:57,PLACED,CENTRAL
2111,588,2025-08-14 16:35:49,DELIVERED,NORTH
2112,166,2025-09-10 16:03:43,PLACED,WEST
2113,295,2025-08-15 10:50:07,DELIVERED,WEST
2114,414,2026-03-11 22:55:22,DELIVERED,CENTRAL
2115,592,2026-07-13 10:03:45,DELIVERED,CENTRAL
2116,171,2026-08-08 13:39:04,CANCELLED,SOUTH
2117,377,2026-03-14 12:29:44,RETURNED,WEST
2118,383,2025-08-02 22:40:04,DELIVERED,SOUTH
2119,151,2026-03-22 05:01:33,DELIVERED,SOUTH
2120,310,2026-04-13 15:40:23,RETURNED,WEST
2121,409,2026-05-19 07:10:39,CANCELLED,WEST
2122,53,2025-08-29 01:34:23,DELIVERED,NORTH
2123,55,2025-10-10 07:39:50,CANCELLED,WEST
2124,302,2026-08-02 12:27:47,DELIVERED,WEST
2125,340,2026-05-18 03:36:41,SHIPPED,NORTH
2126,576,05-05-2026,SHIPPED,CENTRAL
2127,460,2026-05-24 20:36:47,DELIVERED,CENTRAL
2128,377,2025-12-30 19:14:17,PLACED,WEST
2129,444,24-09-2025,DELIVERED,CENTRAL
2130,158,2026-04-08 21:02:19,DELIVERED,WEST
2131,274,2025-11-28 22:43:18,SHIPPED,CENTRAL
2132,404,01-09-2025,PLACED,SOUTH
2133,583,2026-06-30 16:35:11,CANCELLED,WEST
2134,262,2026-01-18 05:21:42,RETURNED,SOUTH
2135,272,2025-12-30 07:40:11,SHIPPED,SOUTH
2136,506,2025-11-03 20:29:15,CANCELLED,EAST
2137,382,2026-04-11 22:57:11,SHIPPED,CENTRAL
2138,339,2025-09-23 08:30:35,SHIPPED,CENTRAL
2139,286,2025-09-22 02:37:17,SHIPPED,NORTH
2140,279,2025-11-24 19:02:20,DELIVERED,WEST
2141,308,2026-04-25 22:36:01,CANCELLED,CENTRAL
2142,225,2025-10-27 04:27:18,RETURNED,NORTH
2143,518,2026-06-04 01:42:43,DELIVERED,EAST
2144,249,2026-07-06 22:38:56,RETURNED,NORTH
2145,59,2026-02-14 14:18:51,SHIPPED,WEST
2146,342,2025-08-06 13:03:00,SHIPPED,WEST
2147,406,2025-09-09 14:41:33,CANCELLED,EAST
2148,169,2025-11-04 05:34:50,DELIVERED,NORTH
2149,85,22-10-2025,DELIVERED,WEST
2150,156,02-12-2025,SHIPPED,SOUTH
2151,376,2025-07-10 14:10:17,DELIVERED,CENTRAL
2152,170,2026-03-19 14:52:14,PLACED,CENTRAL
2153,41,2025-12-07 04:51:26,SHIPPED,SOUTH
2154,503,2025-09-21 16:15:11,DELIVERED,CENTRAL
2155,292,2025-07-17 17:00:38,CANCELLED,SOUTH
2156,528,2026-06-14 03:32:26,DELIVERED,NORTH
2157,347,2026-05-13 04:32:38,CANCELLED,EAST
2158,314,2025-10-12 17:40:20,DELIVERED,SOUTH
2159,317,2026-04-21 10:24:48,DELIVERED,SOUTH
2160,,2026-03-27 15:11:27,PLACED,WEST
2161,76,2026-02-08 10:35:51,SHIPPED,SOUTH
2162,446,2025-12-10 13:01:50,DELIVERED,CENTRAL
2163,310,2026-02-02 13:18:24,DELIVERED,NORTH
2164,401,23-01-2026,PLACED,EAST
2165,510,2026-02-13 09:20:33,DELIVERED,EAST
2166,335,2026-03-09 17:43:10,DELIVERED,CENTRAL
2167,189,2025-11-14 21:08:58,RETURNED,WEST
2168,343,2026-03-20 18:11:04,SHIPPED,CENTRAL
2169,285,2025-08-22 23:45:33,DELIVERED,NORTH
2170,352,2026-02-02 05:03:25,PLACED,WEST
2171,514,2025-08-05 16:12:02,DELIVERED,CENTRAL
2172,401,2026-06-05 14:11:35,DELIVERED,CENTRAL
2173,41,2025-08-30 15:01:56,DELIVERED,CENTRAL
2174,468,2026-06-20 17:41:40,DELIVERED,NORTH
2175,428,2025-09-28 05:16:47,DELIVERED,SOUTH
2176,229,2026-01-18 06:00:30,DELIVERED,NORTH
2177,594,2025-08-18 08:36:50,DELIVERED,NORTH
2178,461,21-02-2026,PLACED,NORTH
2179,281,2026-06-06 00:41:31,RETURNED,NORTH
2180,314,2026-03-27 11:41:48,DELIVERED,CENTRAL
2181,566,2026-02-03 05:55:52,SHIPPED,WEST
2182,337,2026-04-13 15:32:20,PLACED,WEST
2183,252,19-10-2025,PLACED,EAST
2184,300,2025-12-02 04:25:13,RETURNED,SOUTH
2185,371,2026-03-06 22:28:11,SHIPPED,CENTRAL
2186,71,2025-08-07 08:00:26,PLACED,NORTH
2187,68,2026-07-13 04:00:35,RETURNED,SOUTH
2188,463,2025-09-30 20:28:52,CANCELLED,CENTRAL
2189,126,2026-01-20 15:17:20,DELIVERED,EAST
2190,362,2026-06-27 04:09:25,DELIVERED,EAST
2191,89,2025-08-10 22:12:46,SHIPPED,CENTRAL
2192,548,2026-05-23 01:51:07,DELIVERED,EAST
2193,,2025-08-03 07:26:51,DELIVERED,CENTRAL
2194,413,2026-02-15 23:31:43,DELIVERED,CENTRAL
2195,69,2026-07-16 08:14:58,CANCELLED,WEST
2196,469,2025-12-21 19:10:05,SHIPPED,NORTH
2197,,2025-12-03 06:11:06,PLACED,EAST
2198,426,16-04-2026,SHIPPED,WEST
2199,99,2026-06-01 00:34:05,PLACED,SOUTH
2200,567,2025-10-23 10:12:23,SHIPPED,CENTRAL
2201,325,2025-07-26 09:10:49,DELIVERED,NORTH
2202,57,2025-08-07 03:23:46,RETURNED,EAST
2203,157,2025-11-07 11:42:35,RETURNED,CENTRAL
2204,511,2026-07-18 20:36:32,PLACED,EAST
2205,96,2026-07-25 04:18:25,DELIVERED,NORTH
2206,98,2025-08-17 17:06:08,SHIPPED,NORTH
2207,218,23-04-2026,PLACED,EAST
2208,564,2026-02-05 13:21:21,PLACED,CENTRAL
2209,560,2025-09-23 05:30:57,SHIPPED,WEST
2210,42,2026-02-03 09:26:57,PLACED,EAST
2211,54,2025-10-16 16:21:34,RETURNED,NORTH
2212,489,2026-03-14 14:19:29,DELIVERED,NORTH
2213,575,2025-09-19 01:16:00,SHIPPED,SOUTH
2214,583,2026-05-02 13:58:24,CANCELLED,WEST
2215,130,2025-12-21 11:52:24,CANCELLED,CENTRAL
2216,418,2025-08-21 00:46:44,SHIPPED,SOUTH
2217,244,2026-03-19 20:32:54,DELIVERED,SOUTH
2218,300,2025-11-28 20:47:03,DELIVERED,CENTRAL
2219,256,2026-01-07 17:04:30,DELIVERED,EAST
2220,510,2026-08-13 18:22:47,SHIPPED,EAST
2221,591,2026-06-24 10:15:28,PLACED,SOUTH
2222,42,2025-09-14 06:32:01,PLACED,NORTH
2223,137,2025-09-19 15:29:25,PLACED,NORTH
2224,114,16-12-2025,PLACED,SOUTH
2225,151,2025-11-20 18:41:16,CANCELLED,EAST
2226,388,2025-09-10 20:35:55,DELIVERED,SOUTH
2227,150,2026-08-09 03:30:45,CANCELLED,SOUTH
2228,281,2026-01-01 11:59:09,DELIVERED,SOUTH
2229,62,2025-11-26 15:15:41,SHIPPED,NORTH
2230,145,2025-11-11 22:29:18,DELIVERED,WEST
2231,543,2026-08-06 09:21:16,SHIPPED,SOUTH
2232,283,2025-11-15 16:38:41,SHIPPED,WEST
2233,137,2025-12-04 07:20:40,DELIVERED,SOUTH
2234,565,2026-05-08 12:14:38,PLACED,EAST
2235,102,2025-12-27 14:04:06,DELIVERED,WEST
2236,,2026-04-23 08:34:44,SHIPPED,EAST
2237,251,2026-03-07 21:48:55,DELIVERED,CENTRAL
2238,543,2026-02-18 00:10:07,RETURNED,NORTH
2239,21,2025-10-02 21:44:24,DELIVERED,CENTRAL
2240,493,2026-05-09 02:42:25,SHIPPED,WEST
2241,279,2026-07-11 13:26:13,DELIVERED,CENTRAL
2242,366,2025-10-18 18:54:35,SHIPPED,SOUTH
2243,345,2026-07-25 14:24:54,DELIVERED,WEST
2244,576,03-01-2026,DELIVERED,SOUTH
2245,45,2025-12-14 08:08:31,RETURNED,NORTH
2246,562,2026-04-23 12:48:29,DELIVERED,SOUTH
2247,38,2026-08-03 00:37:08,DELIVERED,EAST
2248,461,2026-03-02 21:44:54,RETURNED,CENTRAL
2249,257,2026-01-30 23:59:27,DELIVERED,SOUTH
2250,,2026-08-07 03:51:10,DELIVERED,NORTH
2251,502,2025-11-06 16:07:51,DELIVERED,EAST
2252,516,2025-11-06 01:49:16,SHIPPED,WEST
2253,366,2025-10-06 01:16:31,SHIPPED,NORTH
2254,586,2026-06-13 17:00:59,SHIPPED,SOUTH
2255,47,2025-07-18 21:18:29,SHIPPED,SOUTH
2256,63,2026-05-31 08:24:15,PLACED,NORTH
2257,210,2026-04-09 01:29:31,DELIVERED,WEST
2258,65,2025-10-27 10:27:35,DELIVERED,SOUTH
2259,546,2026-02-14 06:10:43,DELIVERED,NORTH
2260,217,2026-02-15 07:25:27,DELIVERED,SOUTH
2261,533,2026-07-11 11:18:24,DELIVERED,CENTRAL
2262,600,2025-09-09 11:44:38,SHIPPED,CENTRAL
2263,581,2025-07-25 05:29:47,SHIPPED,WEST
2264,267,2025-11-27 22:52:57,DELIVERED,NORTH
2265,303,2025-09-03 00:58:38,RETURNED,CENTRAL
2266,130,2025-12-02 11:20:17,DELIVERED,NORTH
2267,405,2026-02-25 12:36:10,DELIVERED,SOUTH
2268,185,2025-10-10 10:41:47,PLACED,NORTH
2269,557,2026-05-27 01:16:39,DELIVERED,EAST
2270,96,2025-08-15 15:36:53,PLACED,SOUTH
2271,,2025-12-15 09:50:27,PLACED,SOUTH
2272,92,2026-07-08 06:59:33,PLACED,CENTRAL
2273,330,2026-04-26 16:17:14,RETURNED,EAST
2274,,2026-04-22 10:52:17,DELIVERED,NORTH
2275,32,2026-05-19 20:49:30,DELIVERED,CENTRAL
2276,195,2025-09-16 16:21:51,DELIVERED,CENTRAL
2277,59,2026-06-01 20:08:28,DELIVERED,SOUTH
2278,321,2026-04-09 00:18:51,RETURNED,EAST
2279,268,2026-02-23 04:23:06,PLACED,CENTRAL
2280,295,2026-07-04 05:56:08,PLACED,SOUTH
2281,296,2026-03-02 16:42:10,SHIPPED,WEST
2282,,06-11-2025,DELIVERED,NORTH
2283,252,2026-04-25 07:17:26,PLACED,CENTRAL
2284,154,2026-02-23 04:52:16,SHIPPED,SOUTH
2285,524,2025-08-10 08:10:18,DELIVERED,EAST
2286,175,2025-08-01 10:06:15,PLACED,NORTH
2287,55,2026-05-11 03:59:48,DELIVERED,CENTRAL
2288,364,24-11-2025,DELIVERED,CENTRAL
2289,67,2026-05-29 10:51:51,RETURNED,WEST
2290,542,2025-12-22 00:33:50,DELIVERED,NORTH
2291,265,2026-06-18 11:57:33,DELIVERED,WEST
2292,255,2026-06-19 06:31:05,DELIVERED,CENTRAL
2293,410,2025-10-07 23:07:34,PLACED,WEST
2294,303,2026-03-25 10:53:35,DELIVERED,EAST
2295,163,2026-03-05 11:48:31,DELIVERED,SOUTH
2296,542,2025-07-14 19:51:50,RETURNED,EAST
2297,42,2026-05-13 17:51:03,RETURNED,WEST
2298,383,2025-12-08 13:32:19,PLACED,WEST
2299,378,2025-11-07 20:03:03,SHIPPED,NORTH
2300,482,2025-07-26 14:12:07,SHIPPED,EAST
2301,544,2026-02-08 19:50:03,DELIVERED,NORTH
2302,570,2025-09-07 11:00:34,CANCELLED,EAST
2303,138,2026-01-24 23:39:12,PLACED,EAST
2304,,05-10-2025,CANCELLED,SOUTH
2305,222,2025-07-30 06:49:31,DELIVERED,CENTRAL
2306,323,2026-04-25 14:46:52,DELIVERED,SOUTH
2307,93,2025-12-12 16:12:18,DELIVERED,NORTH
2308,204,2026-01-02 12:42:04,DELIVERED,WEST
2309,415,2026-03-02 15:45:47,PLACED,WEST
2310,79,2026-01-25 21:44:46,DELIVERED,CENTRAL
2311,336,2025-10-06 03:09:47,RETURNED,WEST
2312,538,01-11-2025,SHIPPED,NORTH
2313,31,2025-12-13 05:52:09,DELIVERED,CENTRAL
2314,537,2025-08-31 13:57:04,DELIVERED,WEST
2315,510,2025-08-11 22:46:43,RETURNED,NORTH
2316,426,2026-02-21 06:54:18,DELIVERED,WEST
2317,355,29-07-2025,SHIPPED,NORTH
2318,539,2025-12-15 04:04:49,PLACED,EAST
2319,407,2025-08-12 22:49:40,PLACED,SOUTH
2320,418,2026-01-24 18:09:46,SHIPPED,SOUTH
2321,518,2026-05-12 07:44:42,SHIPPED,EAST
2322,95,30-08-2025,DELIVERED,EAST
2323,549,2025-09-01 15:24:12,CANCELLED,NORTH
2324,346,2026-02-16 11:38:31,DELIVERED,NORTH
2325,99,2026-01-19 05:38:56,DELIVERED,NORTH
2326,198,25-03-2026,CANCELLED,EAST
2327,91,2025-09-25 20:31:33,DELIVERED,WEST
2328,218,2026-03-10 21:47:25,SHIPPED,EAST
2329,441,2026-04-27 05:35:30,DELIVERED,WEST
2330,497,2025-10-15 16:28:07,RETURNED,CENTRAL
2331,538,2025-08-07 15:18:56,RETURNED,NORTH
2332,568,2026-08-26 18:22:47,DELIVERED,EAST
2333,489,2025-11-15 04:51:09,DELIVERED,CENTRAL
2334,48,2026-07-10 18:22:16,DELIVERED,NORTH
2335,380,2025-08-14 17:41:10,DELIVERED,NORTH
2336,579,01-04-2026,SHIPPED,CENTRAL
2337,17,2025-12-24 19:10:49,SHIPPED,SOUTH
2338,587,2025-11-25 01:08:36,DELIVERED,CENTRAL
2339,304,2025-11-14 03:28:49,DELIVERED,WEST
2340,535,2026-03-02 03:51:05,DELIVERED,WEST
2341,583,2025-07-19 21:05:15,PLACED,NORTH
2342,318,2025-11-07 20:23:15,CANCELLED,SOUTH
2343,111,2026-08-04 21:11:00,CANCELLED,EAST
2344,441,2026-03-10 23:55:04,RETURNED,WEST
2345,24,2026-08-05 20:58:48,DELIVERED,NORTH
2346,428,01-01-2026,DELIVERED,SOUTH
2347,234,2025-09-05 23:18:31,DELIVERED,CENTRAL
2348,250,2025-07-28 01:16:27,DELIVERED,CENTRAL
2349,292,2026-05-29 20:38:31,RETURNED,NORTH
2350,580,2025-09-27 06:33:36,DELIVERED,SOUTH
2351,368,2025-12-05 03:17:16,DELIVERED,NORTH
2352,392,2026-05-05 23:01:16,DELIVERED,SOUTH
2353,,2026-06-12 12:57:30,DELIVERED,SOUTH
2354,542,2025-08-23 17:51:51,RETURNED,NORTH
2355,197,2025-07-31 20:57:43,PLACED,CENTRAL
2356,319,2026-07-20 13:46:33,CANCELLED,NORTH
2357,169,2026-07-11 18:58:05,PLACED,CENTRAL
2358,401,2026-06-18 20:42:10,RETURNED,NORTH
2359,397,30-05-2026,DELIVERED,CENTRAL
2360,27,15-07-2025,DELIVERED,CENTRAL
2361,83,2026-04-10 16:10:40,CANCELLED,EAST
2362,418,2025-08-23 07:29:00,DELIVERED,CENTRAL
2363,422,04-01-2026,DELIVERED,EAST
2364,508,2025-07-19 07:14:34,DELIVERED,NORTH
2365,460,2025-09-30 23:03:27,DELIVERED,WEST
2366,141,2026-02-08 01:34:15,PLACED,WEST
2367,486,2025-09-28 21:37:35,RETURNED,CENTRAL
2368,69,2026-02-02 05:40:37,DELIVERED,CENTRAL
2369,270,2025-10-20 14:16:23,SHIPPED,SOUTH
2370,136,2026-01-17 07:45:43,DELIVERED,SOUTH
2371,411,2026-04-24 23:04:25,PLACED,NORTH
2372,169,04-09-2025,SHIPPED,WEST
2373,433,2026-04-12 15:15:12,DELIVERED,SOUTH
2374,560,2025-07-17 13:51:56,PLACED,SOUTH
2375,559,2026-02-25 20:39:46,PLACED,SOUTH
2376,331,2026-03-29 16:54:49,SHIPPED,NORTH
2377,97,2025-07-27 12:01:45,PLACED,WEST
2378,257,2025-09-15 15:51:01,DELIVERED,SOUTH
2379,512,2025-10-30 14:55:24,SHIPPED,NORTH
2380,95,2026-05-18 09:33:33,DELIVERED,SOUTH
2381,199,2026-03-11 16:28:05,DELIVERED,CENTRAL
2382,504,2025-07-31 07:10:26,DELIVERED,WEST
2383,238,2026-03-26 05:40:22,CANCELLED,CENTRAL
2384,327,2025-07-13 14:26:22,DELIVERED,WEST
2385,24,2025-12-10 23:59:10,DELIVERED,WEST
2386,122,2025-10-25 14:21:26,DELIVERED,WEST
2387,415,2026-06-12 06:29:34,CANCELLED,NORTH
2388,3,2026-03-28 08:22:43,DELIVERED,SOUTH
2389,358,2026-06-17 02:16:38,RETURNED,EAST
2390,,2025-07-17 20:24:46,RETURNED,EAST
2391,154,2026-06-18 07:58:00,DELIVERED,SOUTH
2392,585,2026-03-24 02:55:36,RETURNED,CENTRAL
2393,571,2025-10-09 17:22:13,SHIPPED,WEST
2394,555,2025-12-07 20:35:24,PLACED,SOUTH
2395,39,2026-07-31 12:24:09,RETURNED,SOUTH
2396,556,2025-08-18 16:40:57,DELIVERED,EAST
2397,299,2025-11-12 01:20:41,DELIVERED,CENTRAL
2398,68,2026-06-18 01:54:52,DELIVERED,CENTRAL
2399,37,2026-02-05 12:24:11,DELIVERED,SOUTH
2400,558,2025-09-22 00:38:04,SHIPPED,SOUTH
2401,,2026-01-24 07:02:12,DELIVERED,CENTRAL
2402,473,2026-01-07 10:06:20,DELIVERED,SOUTH
2403,589,2026-07-11 15:21:51,DELIVERED,SOUTH
2404,133,2025-07-18 19:17:15,DELIVERED,NORTH
2405,545,2025-10-16 03:20:54,DELIVERED,SOUTH
2406,244,2026-02-04 16:02:31,CANCELLED,EAST
2407,400,2025-11-19 05:15:44,DELIVERED,CENTRAL
2408,,2025-12-12 21:06:47,CANCELLED,SOUTH
2409,351,2025-09-10 09:28:58,SHIPPED,CENTRAL
2410,404,2025-11-24 10:38:29,CANCELLED,EAST
2411,253,2025-11-26 11:21:39,DELIVERED,CENTRAL
2412,401,2026-03-14 13:25:54,RETURNED,CENTRAL
2413,587,2025-10-11 17:10:06,SHIPPED,NORTH
2414,336,2026-08-01 03:53:42,DELIVERED,WEST
2415,352,2026-01-24 12:44:14,SHIPPED,CENTRAL
2416,228,2026-05-27 09:02:50,DELIVERED,NORTH
2417,517,2026-03-14 18:45:36,DELIVERED,NORTH
2418,502,2026-06-22 18:54:03,RETURNED,CENTRAL
2419,329,2026-06-27 10:10:53,SHIPPED,EAST
2420,199,2026-05-28 13:11:44,CANCELLED,CENTRAL
2421,77,2025-07-21 23:00:06,DELIVERED,WEST
2422,204,2026-02-14 18:17:28,DELIVERED,EAST
2423,89,2025-10-29 02:40:14,SHIPPED,EAST
2424,111,2025-09-08 07:12:29,PLACED,SOUTH
2425,220,2026-06-30 02:27:59,CANCELLED,CENTRAL
2426,437,2026-03-27 02:18:19,PLACED,CENTRAL
2427,154,2025-08-14 00:36:20,PLACED,NORTH
2428,,2025-12-08 10:52:58,DELIVERED,NORTH
2429,537,25-07-2026,DELIVERED,SOUTH
2430,7,2026-03-09 12:06:42,CANCELLED,CENTRAL
2431,357,2026-03-14 16:13:07,RETURNED,CENTRAL
2432,439,2025-10-08 05:52:03,CANCELLED,CENTRAL
2433,461,2025-10-13 08:36:49,CANCELLED,SOUTH
2434,346,2025-09-08 17:05:16,CANCELLED,EAST
2435,348,2026-07-29 02:44:48,DELIVERED,EAST
2436,295,2026-07-05 01:40:29,RETURNED,NORTH
2437,439,17-11-2025,RETURNED,NORTH
2438,44,2026-02-09 17:42:06,DELIVERED,CENTRAL
2439,238,2025-09-30 01:40:52,DELIVERED,NORTH
2440,325,03-09-2025,SHIPPED,NORTH
2441,436,2026-02-09 09:21:01,PLACED,EAST
2442,533,2026-05-22 17:10:07,DELIVERED,WEST
2443,228,2026-06-16 10:11:37,DELIVERED,EAST
2444,154,2025-11-09 12:03:21,CANCELLED,SOUTH
2445,295,2026-04-15 03:49:02,DELIVERED,SOUTH
2446,109,2026-02-02 10:47:54,PLACED,SOUTH
2447,8,2025-09-01 19:01:35,PLACED,NORTH
2448,533,2026-08-08 01:26:00,SHIPPED,CENTRAL
2449,25,2026-07-31 04:28:38,DELIVERED,NORTH
2450,182,2025-09-05 16:59:12,DELIVERED,EAST
2451,372,2026-07-14 06:45:51,PLACED,SOUTH
2452,34,2026-07-07 23:41:15,DELIVERED,WEST
2453,568,2025-11-12 20:42:32,PLACED,SOUTH
2454,124,2026-02-15 17:04:43,DELIVERED,SOUTH
2455,223,2026-07-20 10:33:18,RETURNED,NORTH
2456,177,2025-08-26 02:57:29,RETURNED,SOUTH
2457,176,2025-11-12 21:40:16,DELIVERED,CENTRAL
2458,311,2026-06-23 04:01:13,SHIPPED,SOUTH
2459,373,2026-04-23 20:04:50,DELIVERED,CENTRAL
2460,570,2026-05-09 00:06:50,PLACED,WEST
2461,505,2026-06-23 08:42:24,SHIPPED,NORTH
2462,268,2025-12-21 01:00:41,RETURNED,WEST
2463,120,2025-12-19 22:32:47,CANCELLED,CENTRAL
2464,192,2026-01-01 11:54:46,SHIPPED,EAST
2465,480,2026-07-14 13:46:26,DELIVERED,SOUTH
2466,335,2026-06-28 21:33:51,RETURNED,CENTRAL
2467,153,2026-07-14 08:51:11,RETURNED,SOUTH
2468,407,2025-10-26 13:57:00,PLACED,SOUTH
2469,46,2026-05-14 09:53:01,DELIVERED,WEST
2470,519,2025-08-21 12:42:41,DELIVERED,EAST
2471,366,2025-09-21 08:46:33,DELIVERED,NORTH
2472,42,2026-05-07 19:45:33,SHIPPED,WEST
2473,587,2026-03-09 07:40:53,PLACED,NORTH
2474,167,2025-10-23 20:08:36,DELIVERED,NORTH
2475,,2026-02-19 13:10:06,DELIVERED,CENTRAL
2476,25,2025-10-09 14:55:42,SHIPPED,CENTRAL
2477,202,2025-10-10 02:59:36,RETURNED,NORTH
2478,512,2026-04-08 03:16:14,PLACED,NORTH
2479,156,2025-11-29 09:06:12,CANCELLED,WEST
2480,143,2026-04-08 10:30:58,DELIVERED,NORTH
2481,392,2026-01-14 18:47:25,SHIPPED,NORTH
2482,33,2026-01-24 22:55:20,DELIVERED,CENTRAL
2483,255,2026-03-06 10:40:59,DELIVERED,NORTH
2484,198,2026-04-17 21:08:30,DELIVERED,SOUTH
2485,309,2025-12-05 04:36:12,DELIVERED,EAST
2486,93,2026-06-12 06:56:03,DELIVERED,CENTRAL
2487,346,2026-01-20 15:40:10,SHIPPED,SOUTH
2488,294,02-09-2025,CANCELLED,SOUTH
2489,376,2025-09-24 17:34:35,DELIVERED,NORTH
2490,2,2025-07-23 01:13:54,DELIVERED,CENTRAL
2491,598,08-05-2026,PLACED,WEST
2492,283,2025-07-16 05:50:26,DELIVERED,CENTRAL
2493,315,2025-10-25 00:34:46,CANCELLED,EAST
2494,160,2025-12-20 15:33:25,RETURNED,WEST
2495,166,2026-04-29 21:10:17,SHIPPED,SOUTH
2496,63,2026-08-05 02:47:51,PLACED,WEST
2497,23,2026-05-05 23:25:39,CANCELLED,CENTRAL
2498,110,2025-08-05 11:02:31,CANCELLED,NORTH
2499,293,11-07-2026,PLACED,EAST
2500,416,2026-08-04 01:58:15,DELIVERED,WEST
2501,316,2026-06-18 05:17:44,DELIVERED,EAST
2502,436,2026-01-20 01:24:26,SHIPPED,NORTH
2503,258,15-11-2025,PLACED,NORTH
2504,527,2026-01-07 05:55:01,CANCELLED,WEST
2505,103,2025-10-15 21:34:30,RETURNED,WEST
2506,529,17-12-2025,PLACED,EAST
2507,152,2025-07-26 20:18:52,PLACED,EAST
2508,475,2026-04-27 02:24:11,DELIVERED,NORTH
2509,474,2025-12-07 17:29:10,RETURNED,EAST
2510,544,2025-11-11 01:03:44,SHIPPED,WEST
2511,202,2026-03-09 03:09:25,SHIPPED,CENTRAL
2512,364,2026-04-29 22:07:54,DELIVERED,WEST
2513,,02-03-2026,SHIPPED,SOUTH
2514,161,2026-02-03 00:19:25,DELIVERED,EAST
2515,404,2026-06-21 15:25:51,DELIVERED,NORTH
2516,142,2026-05-17 12:01:39,PLACED,EAST
2517,436,2026-02-01 04:50:27,DELIVERED,NORTH
2518,120,2026-01-04 21:35:03,DELIVERED,NORTH
2519,39,2026-06-02 08:31:32,DELIVERED,CENTRAL
2520,566,2025-07-27 01:54:39,DELIVERED,EAST
2521,323,2026-08-08 02:51:45,PLACED,SOUTH
2522,,2026-01-31 10:22:02,CANCELLED,EAST
2523,509,2025-12-13 18:06:05,DELIVERED,WEST
2524,67,2026-04-27 00:52:06,DELIVERED,WEST
2525,570,2026-02-15 20:30:06,RETURNED,NORTH
2526,497,30-01-2026,DELIVERED,EAST
2527,179,2026-03-16 16:51:01,SHIPPED,CENTRAL
2528,297,2025-07-29 19:12:17,RETURNED,WEST
2529,69,2025-11-02 10:56:04,SHIPPED,WEST
2530,143,2025-12-14 17:09:08,DELIVERED,CENTRAL
2531,109,07-11-2025,SHIPPED,NORTH
2532,266,2026-06-02 14:19:25,RETURNED,NORTH
2533,586,2026-01-08 18:00:14,RETURNED,CENTRAL
2534,151,2025-12-24 08:56:42,DELIVERED,NORTH
2535,551,2026-03-09 18:37:18,SHIPPED,CENTRAL
2536,,31-07-2025,DELIVERED,WEST
2537,312,2026-01-30 17:55:09,PLACED,EAST
2538,239,2025-09-04 13:20:29,DELIVERED,WEST
2539,553,2026-06-03 11:53:31,SHIPPED,NORTH
2540,328,2026-01-04 22:25:27,CANCELLED,SOUTH
2541,88,2026-04-22 02:00:33,DELIVERED,NORTH
2542,524,2025-08-24 01:27:20,DELIVERED,SOUTH
2543,434,2026-05-14 06:18:29,DELIVERED,WEST
2544,489,16-07-2026,PLACED,EAST
2545,121,2026-04-11 14:11:12,DELIVERED,WEST
2546,438,2025-09-01 19:32:26,DELIVERED,SOUTH
2547,567,2025-12-20 20:26:51,DELIVERED,NORTH
2548,472,2026-01-04 14:42:55,DELIVERED,WEST
2549,47,2025-09-19 01:05:00,DELIVERED,EAST
2550,386,2026-02-28 18:02:51,SHIPPED,CENTRAL
2551,273,2026-04-18 02:58:52,PLACED,NORTH
2552,347,2025-09-28 03:53:04,RETURNED,EAST
2553,249,2026-01-06 02:45:22,DELIVERED,SOUTH
2554,,2025-10-17 04:52:50,DELIVERED,EAST
2555,546,2026-04-09 20:27:27,PLACED,WEST
2556,265,2026-07-04 01:15:17,RETURNED,CENTRAL
2557,590,21-05-2026,CANCELLED,NORTH
2558,220,2026-04-20 09:27:46,CANCELLED,SOUTH
2559,168,2025-08-28 03:54:10,DELIVERED,NORTH
2560,487,2025-08-24 10:53:01,SHIPPED,SOUTH
2561,,2026-01-04 00:35:53,PLACED,EAST
2562,23,2025-11-30 20:02:59,RETURNED,EAST
2563,269,2026-02-02 10:54:38,SHIPPED,NORTH
2564,297,2025-12-09 04:43:42,DELIVERED,NORTH
2565,496,2026-05-19 03:23:03,PLACED,CENTRAL
2566,265,2026-01-28 15:35:11,DELIVERED,NORTH
2567,3,2026-07-20 21:29:30,DELIVERED,NORTH
2568,454,2025-12-07 01:23:37,RETURNED,SOUTH
2569,190,2025-12-07 19:41:45,RETURNED,CENTRAL
2570,552,2026-05-10 02:55:45,DELIVERED,CENTRAL
2571,563,2026-07-06 01:34:02,DELIVERED,EAST
2572,93,2026-02-18 22:26:34,RETURNED,NORTH
2573,139,2026-03-28 02:58:06,PLACED,WEST
2574,253,2025-09-07 15:50:50,DELIVERED,EAST
2575,486,2026-06-18 21:19:52,PLACED,CENTRAL
2576,569,2025-09-19 00:58:16,SHIPPED,WEST
2577,129,2026-04-17 21:24:39,SHIPPED,CENTRAL
2578,498,23-12-2025,DELIVERED,CENTRAL
2579,140,2025-11-09 16:59:25,SHIPPED,NORTH
2580,386,2026-05-10 06:26:30,SHIPPED,CENTRAL
2581,442,02-01-2026,DELIVERED,EAST
2582,319,2026-03-15 01:01:43,DELIVERED,WEST
2583,30,2025-08-25 19:02:57,SHIPPED,EAST
2584,197,2025-08-31 08:05:08,PLACED,SOUTH
2585,379,2025-09-28 12:36:48,DELIVERED,SOUTH
2586,189,2026-03-13 12:05:04,SHIPPED,NORTH
2587,343,2025-10-18 09:37:34,RETURNED,NORTH
2588,436,2026-01-07 16:20:07,SHIPPED,EAST
2589,463,2026-06-13 14:04:48,DELIVERED,WEST
2590,138,2026-02-10 05:43:51,DELIVERED,NORTH
2591,288,2025-07-12 13:55:06,DELIVERED,CENTRAL
2592,258,2026-06-24 09:06:30,DELIVERED,NORTH
2593,,2025-10-12 09:03:09,PLACED,CENTRAL
2594,406,2026-02-28 04:15:20,DELIVERED,SOUTH
2595,178,2026-01-14 10:20:28,DELIVERED,NORTH
2596,280,2025-12-19 12:06:09,DELIVERED,EAST
2597,436,2025-08-10 16:58:29,RETURNED,NORTH
2598,258,2026-03-04 14:55:58,DELIVERED,SOUTH
2599,396,2025-10-15 01:55:19,DELIVERED,EAST
2600,173,2026-02-11 18:10:50,DELIVERED,EAST
2601,571,2026-03-12 09:33:50,SHIPPED,EAST
2602,275,2026-02-15 19:03:22,DELIVERED,EAST
2603,293,2026-06-01 15:50:39,PLACED,SOUTH
2604,79,2025-07-29 15:37:48,SHIPPED,WEST
2605,551,2025-09-06 22:26:41,RETURNED,CENTRAL
2606,87,2026-03-25 15:37:00,DELIVERED,SOUTH
2607,301,2025-07-24 19:51:38,SHIPPED,SOUTH
2608,,2026-06-12 23:04:03,DELIVERED,SOUTH
2609,487,31-03-2026,DELIVERED,NORTH
2610,397,2026-06-06 16:58:05,SHIPPED,SOUTH
2611,,2025-11-05 07:51:37,SHIPPED,CENTRAL
2612,149,2026-07-09 06:44:51,SHIPPED,SOUTH
2613,13,2025-07-29 16:41:54,DELIVERED,NORTH
2614,406,2025-12-22 04:41:40,DELIVERED,NORTH
2615,354,2025-09-18 19:06:08,SHIPPED,EAST
2616,438,2026-04-02 02:10:38,CANCELLED,EAST
2617,487,2026-03-08 23:13:01,DELIVERED,CENTRAL
2618,329,2026-04-09 18:31:23,PLACED,WEST
2619,525,2026-03-02 14:12:51,DELIVERED,CENTRAL
2620,436,2026-05-17 15:42:26,DELIVERED,CENTRAL
2621,323,2025-09-18 11:13:59,CANCELLED,NORTH
2622,461,2026-01-06 08:58:09,SHIPPED,NORTH
2623,554,2026-02-24 06:19:55,SHIPPED,EAST
2624,209,2026-07-13 16:03:07,DELIVERED,SOUTH
2625,244,2025-08-16 03:12:18,RETURNED,CENTRAL
2626,402,2025-11-05 15:57:20,CANCELLED,SOUTH
2627,530,2025-12-03 01:26:48,DELIVERED,CENTRAL
2628,172,07-12-2025,PLACED,SOUTH
2629,3,2025-08-06 01:34:00,DELIVERED,WEST
2630,47,2025-12-26 07:05:14,DELIVERED,CENTRAL
2631,493,2026-02-12 23:52:58,DELIVERED,EAST
2632,393,2025-11-03 02:37:36,RETURNED,SOUTH
2633,297,2025-09-01 12:19:09,DELIVERED,NORTH
2634,49,2026-04-11 00:00:02,DELIVERED,CENTRAL
2635,200,2025-10-26 19:51:25,RETURNED,EAST
2636,101,2026-02-03 17:37:05,DELIVERED,NORTH
2637,414,02-02-2026,CANCELLED,EAST
2638,389,11-04-2026,PLACED,NORTH
2639,400,2026-03-09 08:21:58,PLACED,WEST
2640,307,2025-08-22 12:43:53,DELIVERED,SOUTH
2641,2,2026-04-24 21:13:20,PLACED,CENTRAL
2642,276,2026-03-16 01:00:02,DELIVERED,NORTH
2643,576,2026-08-04 16:47:33,DELIVERED,EAST
2644,387,2026-01-17 13:48:15,DELIVERED,SOUTH
2645,471,2026-04-08 15:23:06,DELIVERED,CENTRAL
2646,580,2026-07-14 14:56:34,DELIVERED,WEST
2647,75,2026-08-04 08:08:52,DELIVERED,SOUTH
2648,80,2025-10-31 21:02:45,PLACED,CENTRAL
2649,23,2026-03-08 01:54:29,CANCELLED,EAST
2650,535,2025-11-12 11:08:43,SHIPPED,NORTH
2651,81,03-02-2026,RETURNED,CENTRAL
2652,143,2026-08-07 19:09:19,DELIVERED,CENTRAL
2653,121,2025-11-27 05:46:33,DELIVERED,SOUTH
2654,395,2025-08-30 14:27:08,PLACED,CENTRAL
2655,95,2026-02-17 19:19:29,RETURNED,WEST
2656,167,2026-01-31 19:53:17,SHIPPED,CENTRAL
2657,55,2026-03-17 04:19:31,RETURNED,EAST
2658,376,2026-01-21 01:43:09,CANCELLED,EAST
2659,382,2025-09-19 10:50:47,SHIPPED,CENTRAL
2660,592,2026-03-08 07:14:02,DELIVERED,NORTH
2661,19,16-04-2026,DELIVERED,SOUTH
2662,351,2026-08-01 13:30:48,DELIVERED,SOUTH
2663,286,2025-07-10 22:20:39,SHIPPED,SOUTH
2664,336,2025-07-19 18:59:57,SHIPPED,NORTH
2665,533,2026-03-14 15:36:45,DELIVERED,SOUTH
2666,464,2025-08-25 22:34:38,DELIVERED,WEST
2667,556,2026-06-10 16:24:14,DELIVERED,WEST
2668,360,2026-05-22 12:02:13,DELIVERED,NORTH
2669,589,09-08-2026,SHIPPED,WEST
2670,112,2025-12-21 01:01:14,SHIPPED,WEST
2671,45,2025-11-19 07:22:31,CANCELLED,WEST
2672,584,16-02-2026,DELIVERED,WEST
2673,16,2026-08-25 18:22:47,DELIVERED,NORTH
2674,588,2025-07-14 18:33:45,SHIPPED,EAST
2675,145,2025-09-27 20:48:53,DELIVERED,CENTRAL
2676,423,2025-10-29 16:16:12,SHIPPED,WEST
2677,424,2026-05-18 19:07:00,DELIVERED,CENTRAL
2678,486,2025-11-09 00:25:16,DELIVERED,SOUTH
2679,73,2026-01-26 16:21:04,SHIPPED,CENTRAL
2680,413,2025-11-15 09:42:49,DELIVERED,EAST
2681,369,2025-07-12 17:31:54,CANCELLED,SOUTH
2682,156,07-04-2026,CANCELLED,CENTRAL
2683,440,2025-11-22 07:12:58,SHIPPED,EAST
2684,555,2026-04-22 18:37:02,RETURNED,EAST
2685,392,2026-03-10 21:45:25,DELIVERED,EAST
2686,142,2025-07-21 19:41:38,PLACED,WEST
2687,52,2025-09-17 18:14:32,SHIPPED,NORTH
2688,407,2025-11-18 00:16:09,DELIVERED,NORTH
2689,554,2025-11-20 22:42:42,SHIPPED,NORTH
2690,317,2026-04-02 05:48:26,DELIVERED,SOUTH
2691,86,2026-07-07 14:40:47,DELIVERED,WEST
2692,20,2026-05-21 14:06:46,DELIVERED,WEST
2693,56,2026-03-22 15:15:02,DELIVERED,WEST
2694,380,2026-01-16 17:13:58,RETURNED,EAST
2695,86,2026-03-15 08:07:28,CANCELLED,SOUTH
2696,322,2026-06-28 01:54:03,DELIVERED,NORTH
2697,,2026-02-07 15:43:12,DELIVERED,NORTH
2698,114,2025-11-19 19:52:43,RETURNED,EAST
2699,266,2026-05-16 08:12:39,SHIPPED,WEST
2700,505,2025-12-21 00:11:05,SHIPPED,SOUTH
2701,564,2026-04-29 23:14:25,DELIVERED,EAST
2702,237,2026-06-05 13:21:41,PLACED,WEST
2703,222,2025-11-05 16:25:23,PLACED,CENTRAL
2704,285,2026-04-23 00:00:12,CANCELLED,WEST
2705,,2025-11-12 01:47:23,SHIPPED,NORTH
2706,97,2026-02-07 05:27:00,SHIPPED,CENTRAL
2707,179,2025-09-30 15:58:01,DELIVERED,SOUTH
2708,581,07-04-2026,DELIVERED,NORTH
2709,499,2026-05-22 11:45:41,DELIVERED,WEST
2710,561,2026-06-26 11:39:46,DELIVERED,WEST
2711,248,2025-11-27 03:19:44,DELIVERED,SOUTH
2712,224,2026-07-28 17:58:41,SHIPPED,CENTRAL
2713,384,29-10-2025,DELIVERED,WEST
2714,161,22-07-2025,SHIPPED,EAST
2715,75,2026-08-03 06:54:17,SHIPPED,SOUTH
2716,189,2026-03-15 01:34:45,SHIPPED,CENTRAL
2717,192,2026-06-08 10:38:47,DELIVERED,SOUTH
2718,316,2026-02-21 02:32:57,PLACED,NORTH
2719,432,11-12-2025,SHIPPED,CENTRAL
2720,424,2026-03-02 16:19:46,SHIPPED,NORTH
2721,403,2026-06-17 05:13:58,DELIVERED,NORTH
2722,343,2026-05-03 12:14:16,DELIVERED,CENTRAL
2723,557,2026-04-15 05:02:57,CANCELLED,NORTH
2724,434,2025-11-11 16:15:57,SHIPPED,SOUTH
2725,184,2025-07-22 19:31:27,PLACED,EAST
2726,192,2025-12-20 23:23:32,DELIVERED,NORTH
2727,130,2026-08-24 18:22:47,CANCELLED,SOUTH
2728,564,2025-10-12 06:48:42,DELIVERED,SOUTH
2729,176,2026-01-05 00:24:02,DELIVERED,NORTH
2730,501,2026-07-21 06:43:31,DELIVERED,WEST
2731,115,2025-10-03 18:43:55,DELIVERED,CENTRAL
2732,321,2025-11-06 20:39:17,RETURNED,SOUTH
2733,97,2025-08-23 16:31:52,DELIVERED,EAST
2734,491,2026-05-16 17:16:28,DELIVERED,SOUTH
2735,385,2026-05-13 21:22:45,RETURNED,WEST
2736,522,2026-07-06 12:01:03,SHIPPED,NORTH
2737,527,2026-01-01 19:13:02,DELIVERED,NORTH
2738,565,2025-07-20 03:59:47,PLACED,SOUTH
2739,160,2026-01-17 04:18:55,SHIPPED,EAST
2740,135,2026-01-24 01:22:30,DELIVERED,NORTH
2741,369,2025-09-23 12:38:46,DELIVERED,SOUTH
2742,14,2026-07-10 13:36:47,RETURNED,EAST
2743,153,2026-04-25 22:58:01,DELIVERED,WEST
2744,131,2026-02-02 09:06:49,DELIVERED,SOUTH
2745,,2026-05-12 23:57:23,PLACED,EAST
2746,417,2025-09-04 23:21:31,DELIVERED,NORTH
2747,237,2026-06-20 01:37:07,DELIVERED,WEST
2748,99,2026-05-31 10:17:21,DELIVERED,NORTH
2749,92,2026-07-16 06:09:41,DELIVERED,NORTH
2750,388,03-04-2026,RETURNED,CENTRAL
2751,544,2025-08-31 18:57:48,PLACED,SOUTH
2752,555,22-04-2026,DELIVERED,SOUTH
2753,84,2026-01-07 23:13:25,PLACED,WEST
2754,,2026-04-18 12:52:49,CANCELLED,WEST
2755,403,2026-02-01 20:56:08,CANCELLED,WEST
2756,404,2025-07-11 22:20:47,DELIVERED,WEST
2757,62,2026-07-14 00:11:26,DELIVERED,EAST
2758,38,2026-04-08 00:10:51,RETURNED,EAST
2759,194,2026-03-02 07:44:48,SHIPPED,EAST
2760,386,2025-08-13 17:46:49,CANCELLED,WEST
2761,121,2026-01-10 22:28:39,SHIPPED,WEST
2762,352,2025-07-28 13:15:14,SHIPPED,SOUTH
2763,528,2026-02-01 04:09:48,RETURNED,CENTRAL
2764,101,2026-03-27 21:47:09,PLACED,SOUTH
2765,87,2025-11-10 21:06:26,DELIVERED,SOUTH
2766,347,2026-02-23 16:58:59,DELIVERED,EAST
2767,192,2025-11-10 17:54:01,DELIVERED,SOUTH
2768,267,2026-06-28 02:38:03,PLACED,SOUTH
2769,375,2025-11-14 04:49:41,DELIVERED,EAST
2770,274,2025-09-24 10:47:53,DELIVERED,CENTRAL
2771,512,2025-10-27 17:01:53,DELIVERED,EAST
2772,344,2025-11-13 12:24:11,SHIPPED,EAST
2773,278,2025-12-31 17:59:08,DELIVERED,CENTRAL
2774,66,2025-08-25 19:58:06,PLACED,SOUTH
2775,379,2025-09-07 08:32:55,PLACED,EAST
2776,314,2025-10-26 12:26:18,SHIPPED,WEST
2777,331,2025-07-16 08:08:30,DELIVERED,EAST
2778,187,2026-03-13 15:44:07,PLACED,EAST
2779,377,2026-01-29 14:18:36,PLACED,SOUTH
2780,293,2025-09-29 23:58:26,SHIPPED,CENTRAL
2781,254,2025-11-25 20:13:23,DELIVERED,NORTH
2782,325,2025-11-13 06:05:33,CANCELLED,WEST
2783,226,2025-09-04 06:51:40,PLACED,NORTH
2784,,2026-04-14 20:23:19,DELIVERED,CENTRAL
2785,172,2025-10-30 07:50:41,DELIVERED,CENTRAL
2786,571,2025-10-15 02:59:03,DELIVERED,EAST
2787,181,2025-08-07 11:30:31,DELIVERED,EAST
2788,511,2026-03-09 19:50:32,DELIVERED,SOUTH
2789,26,2025-11-21 06:19:26,SHIPPED,SOUTH
2790,456,2026-01-01 18:01:01,DELIVERED,EAST
2791,200,2025-08-30 17:52:38,RETURNED,NORTH
2792,366,2026-01-12 11:06:35,RETURNED,NORTH
2793,,2026-04-03 10:29:55,DELIVERED,NORTH
2794,,2025-08-21 04:41:46,DELIVERED,SOUTH
2795,191,2025-07-31 13:57:23,RETURNED,NORTH
2796,309,2025-12-25 22:56:35,DELIVERED,SOUTH
2797,542,2025-09-19 02:04:28,DELIVERED,SOUTH
2798,204,2026-03-03 01:09:05,SHIPPED,SOUTH
2799,401,2026-03-01 17:12:45,DELIVERED,SOUTH
2800,497,2026-06-05 23:30:15,DELIVERED,CENTRAL
2801,219,2026-04-12 21:02:44,SHIPPED,WEST
2802,195,2026-03-11 00:48:47,SHIPPED,EAST
2803,486,2025-11-10 20:43:35,DELIVERED,SOUTH
2804,231,2026-05-29 13:42:51,PLACED,EAST
2805,481,2026-04-18 05:29:22,DELIVERED,WEST
2806,,2026-04-01 14:35:46,DELIVERED,NORTH
2807,163,2026-02-06 06:39:59,PLACED,NORTH
2808,160,2026-07-30 08:35:36,CANCELLED,CENTRAL
2809,572,2026-05-05 04:07:34,SHIPPED,NORTH
2810,505,2026-01-10 11:16:22,DELIVERED,EAST
2811,265,2025-08-31 10:12:50,SHIPPED,EAST
2812,215,2026-05-27 18:08:28,RETURNED,SOUTH
2813,166,2026-07-09 00:08:42,DELIVERED,CENTRAL
2814,158,2026-01-11 11:45:54,CANCELLED,CENTRAL
2815,189,2026-01-06 11:18:26,DELIVERED,WEST
2816,346,2026-04-06 23:44:51,RETURNED,SOUTH
2817,491,2026-04-17 04:01:38,CANCELLED,NORTH
2818,279,2026-01-10 08:26:13,SHIPPED,SOUTH
2819,,2025-10-09 22:21:31,DELIVERED,EAST
2820,576,06-10-2025,DELIVERED,SOUTH
2821,179,15-06-2026,DELIVERED,WEST
2822,485,2026-03-11 06:45:42,SHIPPED,EAST
2823,47,2026-07-06 07:20:44,PLACED,SOUTH
2824,69,2025-12-12 08:33:26,DELIVERED,NORTH
2825,351,2026-04-12 23:24:36,DELIVERED,NORTH
2826,385,2026-03-30 08:35:44,SHIPPED,CENTRAL
2827,190,2026-05-18 05:40:11,CANCELLED,NORTH
2828,446,2026-06-24 06:16:13,PLACED,WEST
2829,92,05-01-2026,SHIPPED,SOUTH
2830,441,2025-07-22 06:34:40,DELIVERED,CENTRAL
2831,416,2026-01-14 06:45:25,DELIVERED,NORTH
2832,503,2025-11-26 06:52:42,DELIVERED,SOUTH
2833,399,08-01-2026,RETURNED,CENTRAL
2834,548,2025-09-15 20:25:26,DELIVERED,SOUTH
2835,213,2026-05-09 23:54:12,RETURNED,EAST
2836,94,2026-03-06 08:06:22,SHIPPED,NORTH
2837,593,2025-08-29 16:26:28,PLACED,NORTH
2838,71,20-08-2025,SHIPPED,WEST
2839,290,2026-05-29 14:46:00,RETURNED,WEST
2840,,2026-05-21 09:23:58,RETURNED,WEST
2841,317,2025-11-16 04:10:56,DELIVERED,EAST
2842,461,2026-03-24 03:18:32,PLACED,SOUTH
2843,356,2026-05-19 16:20:00,SHIPPED,EAST
2844,,2026-02-05 23:38:57,DELIVERED,WEST
2845,396,2025-12-15 19:30:17,DELIVERED,WEST
2846,113,2025-12-20 19:20:00,DELIVERED,CENTRAL
2847,229,12-03-2026,DELIVERED,WEST
2848,184,2026-02-11 23:56:44,DELIVERED,WEST
2849,212,2026-07-30 10:35:06,PLACED,EAST
2850,538,2025-12-09 02:09:25,DELIVERED,EAST
2851,358,2025-11-22 01:04:17,DELIVERED,EAST
2852,269,2026-05-28 04:14:46,SHIPPED,SOUTH
2853,264,2026-03-01 00:15:41,SHIPPED,NORTH
2854,251,2026-05-16 11:17:42,DELIVERED,EAST
2855,462,2025-12-29 11:17:57,SHIPPED,WEST
2856,539,2026-05-17 15:53:22,DELIVERED,SOUTH
2857,49,2026-02-10 15:27:58,PLACED,WEST
2858,224,2025-10-11 16:41:23,DELIVERED,CENTRAL
2859,277,2026-03-29 08:13:08,RETURNED,CENTRAL
2860,63,2025-08-10 02:38:19,DELIVERED,NORTH
2861,309,2026-07-13 10:12:00,SHIPPED,WEST
2862,484,2026-02-22 08:59:01,DELIVERED,NORTH
2863,44,2026-01-18 17:58:02,CANCELLED,WEST
2864,152,2026-03-01 11:35:01,PLACED,NORTH
2865,365,2026-01-09 08:49:19,SHIPPED,WEST
2866,403,2026-02-14 19:41:57,DELIVERED,SOUTH
2867,346,2026-05-31 09:11:36,RETURNED,CENTRAL
2868,81,2025-09-17 23:24:51,RETURNED,EAST
2869,566,2026-07-23 07:40:03,SHIPPED,WEST
2870,75,2025-08-06 19:59:18,DELIVERED,SOUTH
2871,188,2025-08-22 07:26:21,RETURNED,SOUTH
2872,,2026-05-28 05:40:46,SHIPPED,EAST
2873,111,2026-05-11 08:11:26,DELIVERED,CENTRAL
2874,406,2025-12-07 03:35:57,PLACED,CENTRAL
2875,322,2026-01-21 18:42:53,DELIVERED,EAST
2876,597,2026-03-28 08:59:23,CANCELLED,NORTH
2877,499,2025-08-15 02:35:31,DELIVERED,SOUTH
2878,310,2026-05-29 09:50:17,SHIPPED,CENTRAL
2879,376,2026-06-26 04:22:28,CANCELLED,CENTRAL
2880,433,2026-07-02 12:10:42,DELIVERED,SOUTH
2881,137,2026-03-18 20:54:06,DELIVERED,NORTH
2882,138,2025-07-10 09:05:21,PLACED,SOUTH
2883,236,2025-09-06 07:54:57,DELIVERED,WEST
2884,126,2025-09-07 07:33:31,DELIVERED,NORTH
2885,438,2026-02-05 09:30:35,DELIVERED,EAST
2886,59,2025-12-11 12:40:50,SHIPPED,NORTH
2887,178,2026-02-23 20:30:35,DELIVERED,EAST
2888,175,2025-09-25 16:25:09,DELIVERED,SOUTH
2889,,2026-04-05 19:38:34,RETURNED,CENTRAL
2890,17,2025-11-12 12:10:52,RETURNED,SOUTH
2891,383,2026-02-20 19:51:21,DELIVERED,EAST
2892,560,2026-07-06 10:35:52,PLACED,WEST
2893,508,2025-11-07 17:50:13,PLACED,CENTRAL
2894,188,18-07-2026,DELIVERED,CENTRAL
2895,452,2025-12-29 05:21:04,DELIVERED,EAST
2896,66,2026-08-02 21:02:55,PLACED,CENTRAL
2897,352,2025-11-23 10:46:08,SHIPPED,EAST
2898,151,2025-08-14 14:46:12,DELIVERED,WEST
2899,79,2025-07-13 12:23:59,PLACED,NORTH
2900,469,04-08-2026,DELIVERED,CENTRAL
2901,52,2025-12-17 03:35:36,CANCELLED,WEST
2902,497,29-08-2025,DELIVERED,SOUTH
2903,361,2025-11-03 15:27:29,DELIVERED,EAST
2904,326,2025-12-03 07:38:56,PLACED,NORTH
2905,146,2026-02-12 08:49:49,DELIVERED,SOUTH
2906,466,31-07-2025,CANCELLED,SOUTH
2907,385,2026-04-14 10:54:06,DELIVERED,EAST
2908,392,2026-05-30 21:08:31,SHIPPED,NORTH
2909,201,2025-11-29 08:56:41,SHIPPED,NORTH
2910,532,2026-06-15 21:28:38,RETURNED,NORTH
2911,22,17-06-2026,DELIVERED,WEST
2912,358,2025-10-11 08:01:23,SHIPPED,WEST
2913,187,2026-04-14 00:09:20,SHIPPED,CENTRAL
2914,425,2025-12-13 05:21:22,RETURNED,WEST
2915,175,2025-11-13 02:41:55,SHIPPED,WEST
2916,409,2025-12-08 16:24:40,CANCELLED,SOUTH
2917,,2025-12-08 04:47:19,SHIPPED,CENTRAL
2918,74,2026-02-10 21:05:02,RETURNED,WEST
2919,156,2026-03-29 07:02:08,DELIVERED,CENTRAL
2920,447,2026-01-14 02:21:47,CANCELLED,WEST
2921,304,2025-09-22 17:48:29,PLACED,WEST
2922,266,09-12-2025,DELIVERED,EAST
2923,210,2026-07-10 21:38:08,DELIVERED,NORTH
2924,,2026-06-07 11:27:33,SHIPPED,SOUTH
2925,86,2025-09-09 07:29:48,RETURNED,SOUTH
2926,382,2026-08-08 18:14:05,RETURNED,NORTH
2927,552,2026-04-01 06:57:49,DELIVERED,WEST
2928,306,2025-09-01 09:46:20,DELIVERED,CENTRAL
2929,570,2025-08-07 16:17:01,RETURNED,SOUTH
2930,1,2025-07-16 12:25:23,DELIVERED,CENTRAL
2931,510,2026-04-21 13:35:57,SHIPPED,EAST
2932,398,2026-01-18 18:38:29,CANCELLED,EAST
2933,122,2025-12-30 00:24:36,SHIPPED,SOUTH
2934,145,2026-08-05 21:32:05,PLACED,NORTH
2935,18,12-08-2025,SHIPPED,CENTRAL
2936,223,2026-03-21 06:53:33,DELIVERED,CENTRAL
2937,582,2025-12-21 18:14:26,PLACED,WEST
2938,458,2026-01-06 15:31:33,DELIVERED,CENTRAL
2939,285,2026-05-18 07:05:27,DELIVERED,CENTRAL
2940,114,06-03-2026,SHIPPED,WEST
2941,22,2025-12-25 15:42:54,DELIVERED,NORTH
2942,,2025-09-19 09:48:13,DELIVERED,SOUTH
2943,194,27-01-2026,DELIVERED,EAST
2944,277,2026-02-13 14:52:07,SHIPPED,NORTH
2945,567,2026-01-04 06:44:31,CANCELLED,CENTRAL
2946,579,27-11-2025,DELIVERED,CENTRAL
2947,168,2025-09-21 18:41:23,RETURNED,SOUTH
2948,570,2026-03-06 09:22:07,CANCELLED,CENTRAL
2949,209,2026-02-23 20:34:37,RETURNED,NORTH
2950,117,2026-06-10 04:23:21,RETURNED,WEST
2951,466,2025-10-11 22:20:35,SHIPPED,NORTH
2952,,2026-01-24 17:16:04,DELIVERED,SOUTH
2953,232,2025-12-19 18:37:04,DELIVERED,CENTRAL
2954,230,2026-02-11 07:01:31,DELIVERED,NORTH
2955,334,2025-12-02 10:16:00,RETURNED,NORTH
2956,494,2026-08-01 03:47:33,PLACED,EAST
2957,172,2026-02-19 23:40:12,DELIVERED,NORTH
2958,273,15-04-2026,PLACED,CENTRAL
2959,420,2025-08-24 01:23:14,DELIVERED,EAST
2960,430,2026-01-16 17:35:16,SHIPPED,EAST
2961,510,2026-04-09 08:52:36,RETURNED,SOUTH
2962,386,2025-09-04 11:53:51,DELIVERED,WEST
2963,363,2026-04-25 12:04:21,SHIPPED,SOUTH
2964,520,2026-08-03 06:31:41,SHIPPED,EAST
2965,280,2026-08-03 07:22:32,PLACED,WEST
2966,140,2026-05-14 07:37:27,DELIVERED,WEST
2967,422,2026-01-10 04:04:08,SHIPPED,WEST
2968,406,2025-08-10 05:52:02,DELIVERED,CENTRAL
2969,510,2026-06-27 05:33:47,DELIVERED,CENTRAL
2970,283,2025-08-14 06:47:15,CANCELLED,CENTRAL
2971,116,2026-01-13 03:23:47,CANCELLED,CENTRAL
2972,352,2026-04-29 14:42:44,DELIVERED,CENTRAL
2973,390,2026-07-25 02:38:21,PLACED,EAST
2974,171,2025-08-10 04:25:05,DELIVERED,NORTH
2975,176,2026-03-17 21:41:40,PLACED,WEST
2976,470,2026-05-21 22:07:19,DELIVERED,NORTH
2977,,2025-11-10 21:17:13,CANCELLED,EAST
2978,227,2026-09-07 18:22:47,DELIVERED,NORTH
2979,313,2025-11-23 03:57:00,SHIPPED,CENTRAL
2980,269,2026-05-14 04:22:18,PLACED,EAST
2981,243,2026-01-11 17:23:32,DELIVERED,EAST
2982,49,2026-08-11 18:22:47,DELIVERED,WEST
2983,365,11-01-2026,RETURNED,EAST
2984,100,2026-04-26 12:00:10,SHIPPED,WEST
2985,302,2025-12-23 19:13:13,DELIVERED,WEST
2986,20,2026-07-25 04:15:19,SHIPPED,NORTH
2987,,2026-05-21 23:18:29,DELIVERED,NORTH
2988,,2025-11-01 16:13:43,RETURNED,EAST
2989,45,2025-07-24 06:37:20,SHIPPED,WEST
2990,411,2026-07-10 06:17:01,SHIPPED,NORTH
2991,130,2026-05-02 16:09:54,DELIVERED,WEST
2992,141,2026-04-23 19:03:26,SHIPPED,SOUTH
2993,9,2026-02-18 05:29:54,DELIVERED,EAST
2994,31,2025-08-03 14:15:29,RETURNED,EAST
2995,334,2026-01-13 10:07:30,DELIVERED,SOUTH
2996,238,2025-09-15 04:04:39,DELIVERED,NORTH
2997,295,2025-07-30 17:15:58,PLACED,CENTRAL
2998,256,2026-08-05 22:55:54,RETURNED,NORTH
2999,484,2026-05-26 04:36:06,PLACED,WEST
3000,436,2026-03-14 04:45:26,DELIVERED,SOUTH
