item_id,order_id,product_id,quantity,unit_price,discount_percent
1,2530,89,5,27729.49,0
2,2739,79,2,35654.49,15
3,474,129,3,22458.9,0
4,214,136,1,12953.4,25
5,1932,59,3,7100.25,25
6,2998,76,1,5998.17,10
7,2340,118,2,30171.58,0
8,2001,131,5,26516.06,20
9,282,52,2,30063.73,0
10,154,132,4,40613.65,30
11,714,123,5,41369.14,20
12,2803,17,3,15321.19,15
13,872,84,2,25617.3,0
14,440,92,4,13996.86,20
15,1963,114,4,19904.65,0
16,920,54,4,12884.78,20
17,1762,68,3,29312.57,0
18,460,13,5,11432.36,0
19,959,88,2,29742.83,30
20,1178,44,3,25754.26,30
21,2745,118,5,45546.39,15
22,2009,85,5,47275.12,0
23,211,46,2,23164.9,30
24,2714,19,2,31982.92,25
25,1893,4,3,45799.41,10
26,406,69,2,8035.8,20
27,430,22,2,10535.51,30
28,1780,138,1,30507.24,25
29,327,71,3,1182.06,0
30,1824,120,5,28035.69,20
31,2397,54,2,31418.81,15
32,2206,6,4,41814.92,15
33,2758,102,1,28804.88,0
34,2182,33,5,32333.6,15
35,997,110,1,16438.1,30
36,2058,32,1,6824.67,5
37,847,103,1,39763.98,30
38,1553,103,2,34525.85,30
39,1643,146,2,30953.16,0
40,2231,83,4,14630.34,5
41,1370,99,4,9337.57,15
42,474,26,4,33958.19,0
43,2082,62,4,42770.25,30
44,2664,97,-4,14784.51,30
45,1045,66,1,3873.34,0
46,2854,119,3,26793.89,10
47,1088,11,3,33480.48,150
48,877,3,3,21139.92,30
49,1079,67,3,28971.63,15
50,89,148,4,24790.09,10
51,2701,1,5,38188.39,10
52,2086,117,3,17562.72,5
53,1347,138,4,22702.96,5
54,1741,142,5,37890.07,10
55,144,52,3,38012.33,0
56,842,141,4,48091.94,5
57,879,104,3,41478.53,0
58,35,4,5,17487.88,30
59,1717,6,2,17466.61,0
60,1074,18,2,4295.38,0
61,1459,116,4,14010.95,0
62,2827,127,5,28273.06,0
63,984,142,1,30825.48,0
64,592,37,3,29389.72,30
65,1597,66,5,18691.06,25
66,591,48,-3,34710.17,5
67,409,28,5,9661.32,20
68,407,98,2,27330.46,25
69,696,15,2,16794.3,5
70,1697,35,1,47923.89,0
71,1905,122,5,24771.89,0
72,2307,4,1,23100.88,5
73,142,116,2,27049.77,20
74,2087,121,1,9322.61,0
75,1040,81,3,49939.74,0
76,2242,18,4,15354.34,20
77,593,58,3,45124.45,0
78,381,102,1,45572.91,10
79,582,5,5,22331.58,25
80,1540,6,2,31294.22,15
81,535,121,4,40926.14,30
82,2774,35,3,17986.56,30
83,1566,10,2,5566.48,30
84,373,44,4,37884.53,10
85,2195,106,3,43946.47,30
86,520,55,4,533.1,30
87,1869,67,1,41052.18,30
88,2313,29,5,42326.22,0
89,1232,12,1,38216.36,5
90,2992,33,2,13966.19,10
91,1108,115,1,28725.51,30
92,1124,111,2,8450.22,0
93,2978,126,2,16476.23,5
94,9,16,-1,12470.91,10
95,1652,117,2,217.77,30
96,2328,24,1,182.37,0
97,2572,39,2,46694.25,30
98,2365,118,5,39768.08,15
99,337,141,4,12284.95,0
100,2445,132,3,5981.1,0
101,1001,115,1,4303.89,0
102,2275,95,3,28687.89,10
103,75,49,3,3467.26,5
104,980,72,4,18784.34,10
105,2884,70,4,2730.74,0
106,1094,5,2,4625.53,30
107,565,57,5,14484.85,0
108,1602,37,1,3547.89,10
109,557,120,2,48548.4,20
110,911,89,-4,8015.54,0
111,2294,36,5,5853.96,20
112,2574,46,3,33294.65,20
113,130,16,4,13261.88,20
114,350,33,5,4378.96,0
115,720,52,2,31375.98,0
116,513,8,3,625.84,20
117,1332,58,3,48533.72,10
118,592,113,4,15027.3,0
119,361,86,-2,37188.91,5
120,1267,126,2,48057.07,0
121,1679,137,2,5122.76,0
122,2737,47,0,19629.63,20
123,1587,90,4,13839.29,0
124,2546,114,4,42820.15,10
125,1202,122,4,28930.15,5
126,150,106,1,28302.98,10
127,515,61,3,15414.6,10
128,1550,141,2,16847.11,20
129,2477,92,2,8644.77,20
130,1133,73,1,35527.36,25
131,2240,141,1,175.95,20
132,924,87,5,43206.8,0
133,2164,133,3,1208.8,20
134,75,89,1,9128.15,0
135,1520,80,2,40117.25,0
136,121,31,4,47555.54,20
137,982,128,2,43621.14,20
138,240,52,2,5296.48,25
139,2426,13,1,46921.0,5
140,1945,30,2,37389.55,25
141,2273,107,1,31535.53,20
142,638,91,5,36101.84,10
143,2655,73,4,18264.7,0
144,316,53,4,8324.14,0
145,682,143,5,26153.18,0
146,1917,15,2,5333.89,0
147,2098,29,5,6532.44,5
148,2409,99,3,26796.92,25
149,929,11,4,5346.82,0
150,1175,141,1,18348.5,15
151,2051,9,1,43412.92,5
152,553,55,4,41220.81,20
153,1575,98,5,19950.62,25
154,1813,92,1,12333.1,15
155,582,23,3,20358.29,10
156,1591,19,1,9921.37,0
157,2658,134,3,42434.3,0
158,910,148,2,25194.29,5
159,1235,28,4,40711.67,15
160,192,38,1,23839.75,15
161,2926,141,4,39719.69,5
162,2517,85,2,206.86,0
163,1132,128,4,24554.67,20
164,501,82,4,37235.78,0
165,313,115,4,11748.8,15
166,2039,130,1,18850.21,0
167,2452,119,2,7717.74,10
168,1515,72,4,1882.09,0
169,112,118,2,6169.03,20
170,2672,124,5,24083.66,0
171,1994,82,3,38827.02,25
172,299,78,5,33602.36,20
173,2305,45,3,34278.3,20
174,1847,48,5,2332.38,20
175,558,3,4,10383.38,25
176,2894,53,3,46046.3,25
177,567,92,5,21590.31,30
178,2488,14,4,39876.69,30
179,2144,101,5,34711.39,15
180,1064,2,3,47182.33,0
181,2367,108,1,42695.03,20
182,37,81,2,20604.12,0
183,2049,119,4,7981.32,0
184,114,62,5,23869.0,20
185,534,117,2,8813.29,0
186,436,20,4,24530.28,0
187,437,109,2,30858.57,30
188,1184,69,5,1667.48,0
189,1741,149,1,8999.6,0
190,1693,146,-5,44529.65,0
191,1101,127,1,43424.16,25
192,80,56,1,44360.34,0
193,2807,3,1,9278.25,25
194,1146,97,5,40426.58,0
195,1817,111,2,11153.51,0
196,1332,67,1,36439.95,30
197,2863,57,5,7942.28,25
198,357,41,5,17435.68,0
199,2307,110,1,21018.08,20
200,704,117,2,48862.66,25
201,2567,96,0,42965.17,20
202,12,108,4,42332.05,0
203,2235,3,1,8629.28,0
204,319,96,3,1677.09,10
205,142,150,2,47858.06,5
206,27,43,2,40488.9,15
207,244,30,5,16915.35,15
208,2798,9,2,40667.31,30
209,853,50,2,42497.6,20
210,2426,110,-2,17373.64,30
211,945,32,2,37645.3,0
212,2375,15,4,19671.45,0
213,483,37,2,3808.94,25
214,1523,72,2,9153.5,10
215,2320,53,4,4934.56,0
216,1829,20,2,36141.23,0
217,1123,122,3,31496.29,20
218,422,37,1,22456.02,5
219,2340,41,5,6914.56,0
220,2889,28,1,16626.65,0
221,1110,54,2,15010.66,0
222,1809,125,5,23333.58,0
223,1030,34,2,11851.54,10
224,2767,83,5,36810.89,0
225,2224,124,4,19141.08,5
226,961,44,5,17746.79,15
227,235,43,3,14527.31,20
228,2129,86,5,26388.22,5
229,2218,44,3,23917.41,20
230,74,131,3,29245.83,0
231,888,82,3,8480.21,0
232,1436,3,1,39800.93,20
233,1229,115,2,38035.93,0
234,372,44,2,14409.3,0
235,56,107,4,2035.88,20
236,1075,88,1,9750.56,0
237,1168,11,1,2542.62,0
238,1007,95,2,8058.09,25
239,2425,57,4,21022.61,0
240,589,119,4,14085.28,0
241,1713,15,4,19576.57,5
242,2922,91,-1,23178.29,5
243,370,114,4,33681.17,5
244,812,106,-1,30880.05,10
245,1783,77,2,19485.02,10
246,1179,30,2,32941.69,20
247,1953,108,1,39512.45,10
248,185,72,4,42924.48,0
249,1808,6,1,30794.01,5
250,2857,47,1,10998.67,10
251,1095,20,4,21448.61,15
252,2053,100,5,49871.79,0
253,1202,138,3,38065.2,20
254,170,72,4,36710.41,10
255,50,1,5,16893.95,15
256,1098,45,1,16098.29,0
257,134,149,2,33614.48,0
258,2653,106,1,47811.44,30
259,870,118,1,27134.5,25
260,1440,107,3,6612.11,20
261,1656,142,1,34715.64,30
262,2120,147,1,23795.13,0
263,451,3,5,22748.38,30
264,1189,61,3,1711.65,0
265,1016,114,3,12320.07,0
266,2641,113,-2,35057.11,0
267,556,47,2,23794.98,10
268,2517,5,5,21573.85,5
269,1350,12,4,20764.77,10
270,693,132,5,24104.81,20
271,1290,83,1,28571.54,0
272,2845,117,1,21158.24,0
273,1645,114,1,41954.85,0
274,668,148,1,29031.82,0
275,2085,21,5,24552.38,30
276,2878,83,2,4567.33,0
277,1262,68,2,1558.84,30
278,2724,61,1,16375.41,0
279,1470,145,5,49694.5,0
280,1393,138,4,49811.9,30
281,1113,60,5,13932.91,5
282,2857,38,1,20743.55,30
283,23,99,4,11128.61,0
284,2643,136,5,46060.87,0
285,1035,149,2,4703.02,0
286,1839,12,1,48867.46,20
287,175,115,1,26994.09,30
288,269,117,2,30051.88,20
289,2668,76,3,47328.99,0
290,2115,130,5,9233.34,25
291,364,20,4,29637.2,0
292,1577,29,2,6664.96,30
293,547,5,2,31798.35,0
294,1726,50,3,40163.28,20
295,754,65,3,43758.5,0
296,45,76,2,18728.05,20
297,2399,24,2,12469.77,0
298,1091,146,4,35225.59,5
299,2659,115,1,12152.04,15
300,2826,79,1,38216.71,10
301,325,137,4,13955.15,0
302,1639,70,5,43720.2,25
303,1019,133,3,20585.14,5
304,946,110,1,30235.73,30
305,2398,19,2,40839.0,0
306,207,66,2,8330.99,20
307,528,3,4,22712.56,20
308,1413,97,5,47401.75,0
309,2471,141,2,36753.45,20
310,1901,127,4,39060.4,0
311,1012,66,5,43353.33,10
312,1012,25,3,9520.49,0
313,517,104,-1,14515.16,0
314,2697,120,4,37362.3,0
315,1250,59,1,28222.95,5
316,69,53,5,7657.67,30
317,136,139,4,19218.03,0
318,2733,35,3,48482.57,0
319,749,60,3,46627.78,20
320,420,67,5,45772.92,30
321,140,95,4,4304.49,15
322,12,115,5,26333.3,15
323,627,75,1,15402.31,10
324,670,82,2,24133.99,15
325,398,4,1,32136.06,0
326,1433,16,2,38101.67,0
327,601,86,5,36125.56,5
328,793,54,4,9233.23,10
329,1272,71,4,38997.55,25
330,1819,137,4,15794.9,0
331,22,121,4,30434.63,25
332,2819,143,3,48052.63,0
333,2430,89,1,48581.45,0
334,301,143,3,27253.22,0
335,391,83,4,30976.77,15
336,2730,30,4,23666.1,0
337,2408,63,1,15622.32,30
338,76,64,5,7523.09,0
339,99,54,5,38370.65,0
340,1523,140,5,31435.68,0
341,2188,139,1,30423.62,15
342,1566,73,4,10226.0,5
343,1711,34,2,49273.41,10
344,85,129,5,42029.56,25
345,2949,143,4,8450.97,0
346,2520,24,5,31478.61,10
347,324,24,2,40547.31,20
348,1374,138,3,17178.37,20
349,2696,31,1,14798.67,25
350,2754,41,-2,45253.94,0
351,1117,94,3,47931.07,0
352,2781,36,2,14499.31,0
353,2345,87,2,39643.97,20
354,542,105,2,28832.09,0
355,56,36,4,871.37,15
356,2276,115,1,20094.17,15
357,213,101,2,21726.94,0
358,530,136,1,41879.11,30
359,45,56,5,8287.19,5
360,587,94,-2,7946.08,5
361,1885,95,5,11601.7,0
362,765,101,1,21547.63,0
363,1899,90,4,12926.59,10
364,2419,36,1,48134.08,10
365,1350,58,5,31549.55,0
366,2439,100,3,14205.51,10
367,1631,104,2,34307.15,0
368,2526,127,1,652.98,20
369,1721,36,3,573.73,25
370,632,108,-4,39998.86,0
371,1496,7,1,268.18,25
372,2974,24,4,21191.17,15
373,2344,16,3,3798.91,5
374,1260,114,5,48433.03,15
375,2786,82,4,23038.74,0
376,2150,148,5,46839.63,20
377,1760,85,4,9780.67,15
378,2028,68,5,395.43,25
379,761,63,4,4480.67,10
380,25,26,5,18026.04,25
381,777,37,5,34146.49,5
382,1659,75,3,46081.89,15
383,672,102,4,32654.4,10
384,1940,61,5,36060.46,15
385,192,35,2,4741.34,0
386,2527,49,2,13981.07,0
387,1217,127,1,44478.43,0
388,1980,85,3,13473.01,15
389,1594,15,4,30487.12,0
390,906,32,-1,39440.69,5
391,634,48,4,7569.86,0
392,1915,120,2,44340.81,30
393,139,102,4,1462.44,25
394,2288,93,1,16786.15,15
395,2063,78,2,41213.37,25
396,1219,14,2,33786.11,20
397,1503,130,2,18593.95,0
398,1761,41,1,20271.66,30
399,1462,104,3,14172.09,25
400,2438,125,5,10918.59,25
401,2219,72,5,45699.05,30
402,2414,81,-3,35124.9,5
403,1708,112,3,11160.47,10
404,416,34,1,35209.24,30
405,306,27,3,17004.74,10
406,2867,19,2,34965.64,0
407,791,136,3,41344.21,0
408,2930,119,5,25693.92,30
409,528,53,4,24179.79,15
410,1189,18,4,3897.9,5
411,1047,148,3,48978.12,30
412,1111,101,1,21447.65,25
413,2324,100,2,48554.71,25
414,1618,31,1,44008.84,20
415,1642,34,1,45048.37,25
416,1665,72,3,47353.75,15
417,1469,127,3,12775.55,20
418,29,14,4,39355.48,20
419,544,75,1,17677.37,15
420,718,66,3,29456.98,25
421,21,37,2,26743.81,20
422,956,82,4,22659.13,5
423,187,77,3,32167.24,0
424,2842,86,1,11205.77,10
425,871,69,-5,31916.6,25
426,2359,125,2,7685.19,10
427,1486,100,5,15922.77,0
428,1450,97,4,49184.3,15
429,2618,58,5,16872.28,30
430,2695,111,1,13549.73,0
431,369,91,5,16639.57,10
432,72,120,2,11406.52,25
433,1930,74,5,18296.72,0
434,274,132,4,34352.45,0
435,2052,134,2,32087.32,20
436,1133,28,5,38334.33,0
437,1759,8,3,31154.39,10
438,1721,124,3,42472.86,25
439,11,99,4,32877.3,0
440,2170,24,4,38958.02,20
441,1393,145,3,41806.98,20
442,965,35,4,23714.17,25
443,2373,7,2,33981.52,0
444,1755,81,3,31402.98,25
445,2262,72,4,35178.18,0
446,1824,108,4,26265.32,30
447,2808,11,4,3362.13,0
448,2468,15,5,49378.93,20
449,2253,54,5,20580.69,30
450,638,5,4,29704.21,0
451,2588,8,3,40373.64,0
452,2323,139,5,39217.69,0
453,549,7,-4,35777.67,0
454,193,117,5,7379.39,30
455,2267,60,2,33154.54,20
456,2489,117,1,21065.12,15
457,2516,106,5,49827.36,5
458,2829,115,1,36999.77,0
459,2696,56,1,2183.27,15
460,135,92,2,30912.47,5
461,2912,72,3,25479.59,5
462,313,80,1,2617.74,0
463,930,83,1,22226.28,15
464,1612,137,5,31961.56,25
465,2203,14,2,40224.61,10
466,2099,75,3,40519.75,0
467,950,109,4,3366.36,5
468,2512,82,4,33112.16,0
469,2041,94,4,45505.1,0
470,957,27,5,37164.81,0
471,364,85,5,15249.77,0
472,929,59,2,49633.63,15
473,1422,66,5,19483.61,25
474,1229,75,4,19469.37,0
475,2590,147,3,46082.83,25
476,2498,30,0,705.74,0
477,316,132,1,32294.25,10
478,406,59,3,19360.87,0
479,1046,144,2,14425.69,0
480,2945,33,5,49846.19,5
481,118,39,4,48463.76,0
482,2646,150,4,27913.62,5
483,1854,118,1,20803.62,20
484,7,36,3,13930.35,0
485,525,35,2,2028.91,5
486,1735,142,2,30878.99,0
487,1853,19,3,40721.91,0
488,111,43,2,3180.22,10
489,1477,112,3,40687.13,0
490,1009,126,2,29248.6,15
491,2634,98,5,37908.78,0
492,1797,97,3,2296.81,5
493,2243,83,1,16759.4,0
494,854,70,3,27488.86,25
495,2185,138,2,37763.66,5
496,1480,71,4,18720.88,25
497,811,39,3,39094.3,25
498,1912,82,2,453.46,0
499,1170,63,4,4783.19,5
500,2165,96,5,34850.68,25
501,352,80,2,46919.02,10
502,1972,137,4,40019.38,25
503,318,141,4,20299.19,30
504,1234,33,3,20356.98,30
505,10,37,4,12257.34,0
506,1079,46,-2,9275.07,0
507,2058,111,3,16790.1,0
508,566,44,3,39423.65,0
509,1968,10,1,36939.84,0
510,1646,109,2,7075.44,0
511,1139,10,1,48866.89,0
512,722,13,3,4825.51,0
513,467,54,3,28815.01,5
514,714,94,2,5881.35,5
515,2449,66,3,14201.25,0
516,761,129,4,30490.12,20
517,710,68,5,13417.75,0
518,2390,92,2,33517.55,5
519,2347,141,3,11641.06,20
520,378,86,2,20244.0,15
521,272,69,4,7927.42,5
522,2093,16,5,5306.06,25
523,1514,57,2,18574.96,10
524,1110,101,4,16936.29,30
525,2824,105,2,28850.51,15
526,632,75,2,49494.82,25
527,618,77,1,32065.63,20
528,2562,141,2,32984.46,20
529,2049,110,2,39250.37,20
530,603,76,5,30814.76,30
531,317,107,1,47319.71,0
532,2111,51,4,24880.28,5
533,1555,16,4,38674.67,0
534,2514,109,4,1003.99,0
535,1127,147,2,48953.33,20
536,2426,77,4,13934.66,0
537,2593,43,4,37545.1,5
538,784,28,4,43035.7,10
539,1620,147,3,49674.12,0
540,1695,99,3,20529.4,0
541,2256,58,2,1691.43,20
542,1434,147,1,12382.58,10
543,139,21,2,13631.25,25
544,1718,124,2,39738.57,10
545,2308,140,3,3604.38,20
546,887,10,1,4602.49,20
547,1159,149,5,1294.52,10
548,662,10,2,20890.59,20
549,1656,140,1,31061.18,0
550,592,32,2,46730.02,10
551,639,16,2,3116.1,25
552,2750,25,4,5029.48,30
553,328,83,4,4366.2,25
554,554,26,5,40854.82,0
555,1901,2,2,40160.06,0
556,489,34,5,15889.83,25
557,308,55,4,24568.43,10
558,769,19,2,1923.59,25
559,456,98,1,8507.5,0
560,1164,13,1,16809.0,15
561,2445,111,2,12700.88,15
562,1324,45,4,150.73,15
563,2952,17,4,30698.41,30
564,1471,110,4,49099.64,5
565,126,95,1,36536.92,20
566,2718,103,2,14847.37,0
567,755,115,1,6706.79,15
568,107,67,4,33183.67,0
569,2679,71,1,40929.67,30
570,1725,47,3,22281.73,0
571,15,106,4,13633.57,0
572,2197,37,1,25100.03,0
573,2702,42,2,9090.02,30
574,54,138,3,26324.14,15
575,2421,77,-1,36328.18,30
576,2480,30,2,35241.33,5
577,122,81,2,22177.66,0
578,2635,136,5,39587.71,20
579,2620,93,4,37970.59,30
580,523,139,1,15040.09,10
581,2918,85,2,43585.77,0
582,2092,25,3,40003.38,10
583,2576,33,5,25521.47,30
584,915,6,4,49067.87,30
585,103,59,4,33398.34,0
586,2707,114,3,41109.86,20
587,57,82,3,45752.58,15
588,1254,6,5,44744.9,0
589,2469,111,5,17996.34,0
590,2226,110,1,19455.94,20
591,957,116,3,4195.57,15
592,1698,24,2,14977.1,30
593,1466,57,1,36158.15,0
594,1630,76,3,24969.91,0
595,38,137,3,7084.89,10
596,1235,132,1,22745.74,0
597,2950,85,3,30037.61,15
598,1292,118,3,1488.27,0
599,2307,97,1,22636.31,5
600,873,57,2,30009.2,15
601,911,22,3,7008.01,20
602,1145,6,2,45245.81,0
603,407,125,3,41469.55,0
604,1669,119,5,6005.21,5
605,1664,98,5,41718.93,20
606,517,91,1,11569.88,0
607,1238,137,-3,20928.44,0
608,981,63,2,30229.56,0
609,9,15,1,17112.5,0
610,755,88,4,35015.69,0
611,1510,91,5,28989.39,0
612,1171,89,2,48120.54,25
613,2190,20,3,36709.15,5
614,485,76,3,45626.28,0
615,2044,110,4,17262.81,25
616,1713,18,-2,27711.03,15
617,226,105,1,7836.19,5
618,467,101,4,22117.86,20
619,1958,110,2,9961.2,25
620,1458,150,2,40945.84,30
621,2651,132,3,4235.21,10
622,2484,80,-2,37335.56,25
623,1007,146,5,43691.39,0
624,1064,112,3,42580.26,20
625,520,123,5,32972.59,5
626,2036,106,3,17074.32,5
627,572,11,1,43546.37,20
628,671,110,4,43296.64,5
629,1511,17,2,15830.34,15
630,1020,126,3,37580.98,25
631,1066,136,4,8029.15,10
632,2367,74,3,20369.46,0
633,1693,149,2,19184.72,15
634,586,14,4,43797.01,25
635,948,82,1,10814.77,10
636,299,34,5,39139.9,15
637,763,38,2,27527.69,0
638,1413,127,5,18710.34,30
639,2685,14,-4,30567.66,0
640,1855,143,2,32273.13,0
641,2325,70,3,24437.47,25
642,808,105,2,39201.98,30
643,18,29,1,41280.79,0
644,201,133,3,19415.53,10
645,2225,53,2,42463.31,20
646,2087,43,5,37016.3,0
647,1562,3,3,45871.86,20
648,2456,35,1,20994.36,0
649,770,38,3,4724.41,5
650,2676,1,1,19605.65,25
651,2174,16,5,26219.94,30
652,2983,10,3,14128.18,10
653,1428,104,4,34370.82,15
654,2599,27,3,15549.2,15
655,205,51,1,46112.61,30
656,1563,73,4,22567.61,10
657,2492,10,2,32870.04,20
658,2160,144,2,4715.77,15
659,1595,109,5,28459.07,25
660,1579,113,3,10138.13,5
661,269,122,1,16675.33,30
662,777,66,3,17421.49,15
663,615,140,3,49370.07,30
664,653,100,4,45275.81,25
665,178,18,3,21294.85,30
666,853,2,-2,17081.57,0
667,1893,46,4,28030.77,5
668,286,95,1,25917.06,10
669,978,2,5,45767.55,30
670,1933,33,1,11226.83,0
671,1947,121,4,5841.88,30
672,1307,33,4,9961.06,0
673,340,38,1,42884.6,0
674,2766,75,4,2638.86,25
675,2834,115,4,46399.59,20
676,2777,149,5,18269.99,20
677,1634,104,4,30489.53,20
678,961,50,3,30768.91,15
679,1154,36,4,39027.55,5
680,747,33,1,12231.67,0
681,1483,73,4,38125.04,15
682,2624,30,1,37273.82,0
683,1626,39,-4,6770.79,15
684,2940,54,3,29913.77,30
685,833,57,3,10390.45,25
686,2459,48,1,28528.21,10
687,2912,130,4,14217.38,5
688,94,54,1,34649.03,20
689,600,133,2,13230.29,0
690,2041,33,-3,34475.84,0
691,1603,13,1,39506.04,15
692,99,144,3,24800.59,0
693,2670,52,1,9947.47,5
694,1724,56,4,44843.25,0
695,239,15,1,29779.67,5
696,1817,134,1,15520.64,30
697,711,135,2,3270.22,30
698,2459,47,5,11544.25,10
699,2595,114,4,20903.33,0
700,2633,7,5,49253.01,20
701,1429,147,3,49070.57,25
702,1424,57,1,4459.43,15
703,869,63,1,46496.94,25
704,1189,36,1,37362.45,0
705,2484,60,4,17831.11,0
706,426,104,4,4959.77,25
707,514,136,5,46345.51,20
708,2724,92,1,43960.94,0
709,1645,45,5,21777.32,30
710,2109,3,5,32196.89,0
711,1331,44,2,33815.12,30
712,3,119,3,15933.66,30
713,1325,88,5,21720.01,25
714,103,141,2,37115.5,0
715,297,75,1,47363.87,20
716,2259,150,2,6996.8,15
717,1438,24,5,5751.83,10
718,162,15,0,30193.28,10
719,2884,47,5,44455.23,15
720,204,60,1,949.99,0
721,615,88,1,41788.88,0
722,701,147,1,17264.25,0
723,775,105,5,28061.63,20
724,172,4,4,6848.27,10
725,1577,109,2,22589.05,5
726,2602,74,1,44212.27,0
727,1135,79,4,18405.56,20
728,2032,66,1,24672.69,5
729,1245,65,3,3325.89,20
730,2249,138,4,9971.4,10
731,1216,144,2,32762.96,20
732,1706,127,2,15020.69,15
733,121,118,4,46219.37,10
734,2665,105,5,32458.95,10
735,2986,111,5,1632.1,0
736,1252,82,1,29814.24,30
737,1899,43,1,8652.16,5
738,2855,120,4,45353.92,15
739,1415,2,2,21114.42,15
740,1439,29,3,34875.24,0
741,1407,6,2,10525.4,5
742,571,119,5,33633.17,5
743,2014,85,2,45287.1,0
744,2691,91,-5,8385.15,15
745,1888,68,2,19046.19,0
746,1409,29,1,26450.06,30
747,1434,90,3,31614.44,20
748,2473,21,5,23857.99,10
749,1465,81,2,46194.12,20
750,764,140,1,22140.98,20
751,576,23,3,21187.76,0
752,1055,26,2,12914.05,0
753,2683,114,4,46648.82,20
754,344,111,-2,46151.21,15
755,1786,127,1,16530.01,30
756,513,108,4,47384.76,5
757,939,136,5,25128.99,0
758,2664,39,1,12152.46,10
759,2784,38,5,5398.0,10
760,1482,95,4,30501.21,0
761,1200,7,3,4299.79,5
762,1019,112,5,4273.59,0
763,643,150,4,5404.79,0
764,2799,150,1,30267.58,20
765,1392,17,4,5621.56,20
766,2517,22,1,41013.84,0
767,2432,141,2,39352.97,25
768,1887,112,4,6888.6,30
769,1997,1,4,29763.1,0
770,805,15,3,40452.78,0
771,2647,97,5,30665.24,5
772,1269,89,1,20018.26,20
773,2657,13,-3,39444.52,10
774,2826,118,3,35563.62,0
775,1737,139,5,12217.17,30
776,1829,45,1,5051.43,5
777,247,26,5,4972.08,30
778,693,93,2,37024.59,0
779,2753,100,5,20583.18,20
780,974,138,5,32443.22,25
781,1559,4,4,15347.51,25
782,755,12,-1,12886.11,0
783,1942,3,4,28053.4,0
784,2750,137,5,22965.95,30
785,452,150,1,15231.41,10
786,1722,121,2,19504.79,0
787,1858,110,4,36731.36,0
788,2768,129,5,21311.57,15
789,551,103,4,10977.0,0
790,2026,54,4,42611.02,25
791,191,43,2,35883.53,10
792,282,78,3,8836.64,20
793,895,1,3,40286.52,20
794,2803,77,2,9319.16,30
795,2462,102,5,46157.94,10
796,1026,100,3,19405.58,30
797,90,56,4,11604.76,0
798,901,125,5,36460.38,0
799,2362,47,2,47404.6,0
800,687,124,1,14043.97,0
801,205,97,2,22610.55,0
802,1151,123,1,26846.85,25
803,1641,14,4,30660.46,30
804,2362,123,3,30033.36,15
805,553,28,4,42690.68,15
806,1458,133,1,5145.17,0
807,2018,55,3,49658.01,5
808,689,119,3,8941.52,20
809,2445,79,5,28049.66,0
810,866,135,5,2724.92,30
811,683,13,1,697.75,0
812,2023,90,2,5790.22,5
813,2831,50,4,12141.74,25
814,2159,85,3,2318.18,0
815,2755,42,5,25818.63,15
816,1400,108,2,27430.53,0
817,1141,56,5,16141.72,15
818,1116,18,5,27904.69,0
819,1041,127,4,5359.37,0
820,1663,10,1,28593.84,10
821,401,54,5,15731.87,5
822,2471,63,1,29910.9,30
823,1384,12,5,18150.01,30
824,2579,72,1,30287.32,0
825,1888,124,2,46290.18,20
826,264,18,2,9645.87,20
827,1959,35,1,14722.03,0
828,739,79,2,36762.02,10
829,2527,135,2,33701.78,5
830,962,112,3,44583.43,0
831,1270,75,3,27659.71,10
832,2737,8,2,41847.36,15
833,2462,79,4,46902.1,0
834,2109,110,1,13734.52,10
835,2028,90,2,3294.43,5
836,1311,80,2,4712.27,0
837,734,99,1,3576.43,5
838,1309,69,2,8812.65,0
839,1566,98,4,21200.16,0
840,2335,89,2,28455.62,0
841,2561,139,2,31074.52,5
842,1252,33,3,14738.1,20
843,728,132,2,40307.37,30
844,943,61,3,46956.59,30
845,2508,66,1,18130.47,10
846,1021,144,2,6720.86,15
847,1843,69,2,28902.01,15
848,2292,134,5,43962.94,25
849,34,64,5,43687.54,20
850,859,83,5,20272.64,0
851,511,141,5,29616.3,15
852,2255,131,4,14275.86,20
853,2115,112,4,28990.57,25
854,2871,28,4,1161.34,20
855,349,67,5,1364.53,5
856,1068,115,1,17956.9,20
857,1,87,1,47186.96,0
858,2713,75,3,9076.06,10
859,1508,112,5,48821.43,10
860,69,86,4,39559.84,5
861,1274,12,2,13251.46,0
862,1781,19,4,8432.54,15
863,510,77,1,49017.87,5
864,2891,126,4,43733.49,10
865,293,106,2,12262.47,20
866,213,99,2,996.32,0
867,326,37,4,16706.5,150
868,2633,129,3,35420.25,25
869,1541,122,1,20776.95,0
870,1731,56,3,31461.96,10
871,2449,97,2,33729.55,0
872,1519,113,4,37152.09,0
873,901,32,4,23076.16,20
874,1694,35,4,26932.23,0
875,2271,126,4,38680.49,15
876,2803,74,2,35657.46,0
877,780,115,4,43467.18,5
878,1908,108,5,43612.36,0
879,1967,108,4,22285.35,5
880,312,82,4,10437.65,0
881,2636,12,5,39825.62,15
882,2974,130,2,13206.41,5
883,1367,109,3,45693.72,0
884,1761,9,1,23347.43,0
885,1006,79,5,41232.37,0
886,2824,129,5,15752.19,0
887,417,82,5,39388.39,10
888,314,80,3,4695.82,20
889,2740,1,3,20609.86,20
890,604,5,3,17187.52,15
891,2630,18,3,34598.19,0
892,2353,48,4,916.59,10
893,2787,62,5,7820.52,10
894,276,56,1,15450.93,10
895,998,55,5,22716.46,30
896,1070,117,3,183.0,15
897,1156,27,1,33626.27,5
898,1970,58,3,37398.56,20
899,2036,123,3,10217.61,15
900,2762,49,1,9819.99,20
901,2190,21,3,26385.05,30
902,688,31,4,43847.38,0
903,2141,78,1,27722.33,20
904,2126,29,4,8931.84,30
905,398,57,3,4630.41,0
906,804,137,1,9494.48,0
907,709,80,2,18530.27,25
908,992,14,5,3212.55,15
909,792,76,1,20108.79,5
910,1362,92,3,3185.45,5
911,242,79,-3,4443.15,0
912,2526,105,3,38414.29,15
913,2900,111,2,49398.27,10
914,2288,48,5,46941.04,10
915,226,107,3,45872.18,0
916,429,98,4,2990.73,30
917,656,65,2,26800.58,20
918,516,39,1,46397.14,20
919,1561,146,4,9717.96,10
920,2902,23,-1,7000.66,15
921,544,142,4,7331.07,0
922,2708,119,3,36764.05,10
923,2280,119,1,14797.32,0
924,184,85,5,1202.25,0
925,2114,103,1,27643.28,0
926,746,68,1,15056.77,25
927,1635,88,1,43537.7,30
928,2394,130,3,13016.28,0
929,1594,85,3,25765.43,25
930,2091,114,4,45570.56,5
931,1595,14,4,6945.7,0
932,401,50,5,24125.62,10
933,1832,21,5,882.98,15
934,2954,66,5,16166.47,5
935,2942,146,3,37686.61,10
936,2308,13,3,28061.67,15
937,1675,122,2,16602.49,5
938,2991,101,-4,43233.35,30
939,2568,136,4,34453.89,0
940,684,95,5,7984.57,0
941,7,29,5,10522.95,20
942,2107,88,4,47108.98,20
943,1678,127,-5,13963.17,30
944,1102,72,5,16769.41,0
945,2606,52,1,17263.42,15
946,650,129,5,22894.83,10
947,2810,17,3,44371.76,0
948,1324,31,1,21248.82,15
949,2512,105,3,17941.61,20
950,458,104,4,46771.5,0
951,205,145,2,9225.09,0
952,786,10,1,23796.23,0
953,1151,38,2,39604.42,5
954,2715,43,4,28407.89,30
955,1786,13,1,48542.87,10
956,836,51,3,42723.9,5
957,992,96,5,24324.22,15
958,1117,107,1,44630.19,0
959,1792,125,3,20174.88,0
960,197,86,2,39675.75,0
961,2830,40,5,22250.15,0
962,1493,11,2,47465.12,15
963,2659,56,5,24881.51,15
964,2249,36,1,20868.41,5
965,1519,102,4,37432.0,0
966,2497,6,4,39074.77,0
967,265,117,4,28650.7,10
968,1257,43,3,45886.76,30
969,2757,63,5,28539.71,10
970,1780,90,4,1883.19,0
971,1242,68,2,49200.33,20
972,2693,127,1,28205.68,0
973,2385,69,5,20275.52,5
974,462,89,2,6293.22,0
975,450,32,3,42947.47,10
976,1077,62,1,34727.01,25
977,1444,94,4,12765.39,5
978,2655,125,3,43783.03,15
979,2538,81,2,18367.59,15
980,73,150,3,41651.58,15
981,401,105,4,45501.93,10
982,482,50,4,36816.3,10
983,1232,5,4,29665.51,25
984,394,66,4,40477.41,5
985,510,143,3,49734.97,30
986,2046,73,3,6176.93,0
987,1591,26,1,33906.34,0
988,1796,10,4,13522.03,0
989,1772,46,5,19923.53,0
990,1496,149,2,46171.16,20
991,2773,64,3,24366.01,5
992,2760,92,5,2936.76,0
993,2206,55,3,11562.67,15
994,795,2,1,23431.37,10
995,2602,80,5,33634.99,5
996,2918,146,4,3174.65,10
997,92,51,1,33693.54,5
998,2576,112,3,41226.89,30
999,1404,47,4,40498.42,10
1000,280,37,5,21486.75,0
1001,518,33,2,13229.51,0
1002,652,97,1,39496.42,30
1003,602,86,5,37923.25,15
1004,1082,70,4,9084.13,15
1005,313,29,5,26639.56,15
1006,1565,116,2,16939.46,0
1007,2655,139,1,41883.19,20
1008,409,138,3,13045.53,0
1009,306,67,5,13384.8,0
1010,456,48,4,19488.91,150
1011,1618,75,4,28671.85,20
1012,1980,112,1,23278.35,0
1013,1529,1,4,41924.97,20
1014,385,128,2,42285.5,20
1015,2691,77,1,11157.4,5
1016,2750,42,4,39802.47,10
1017,1914,77,1,1898.4,5
1018,84,100,3,48264.54,25
1019,940,77,2,5768.91,25
1020,506,142,1,28714.72,5
1021,2232,37,5,23145.46,0
1022,1361,64,1,19928.76,0
1023,1397,44,4,5698.43,0
1024,2090,117,3,7121.15,5
1025,1508,140,2,9646.6,0
1026,1484,115,2,4268.83,10
1027,1040,97,5,17290.8,0
1028,334,78,1,7569.56,30
1029,356,147,3,29166.19,25
1030,49,57,3,22717.1,25
1031,334,125,1,25040.84,0
1032,1243,19,2,19130.24,15
1033,1607,65,5,31578.28,15
1034,1836,99,5,22704.6,20
1035,2733,112,-1,15542.69,25
1036,2738,60,1,11854.89,5
1037,1083,149,4,22586.88,25
1038,1082,88,1,14081.26,30
1039,2403,78,4,5897.53,0
1040,1586,6,3,2620.65,15
1041,2942,77,4,5419.75,25
1042,2360,122,4,14532.0,15
1043,1890,39,5,8362.65,5
1044,1384,69,1,30462.31,10
1045,1558,136,3,21721.97,0
1046,2663,105,1,20517.87,30
1047,2560,114,4,18760.53,0
1048,841,146,5,18843.61,25
1049,753,114,1,47320.31,5
1050,505,34,5,33051.41,0
1051,2676,43,3,34236.32,5
1052,587,56,5,14032.15,0
1053,2902,8,4,35400.51,0
1054,1409,34,2,19619.8,0
1055,371,35,5,41740.48,0
1056,1086,65,5,14399.06,25
1057,1396,63,1,37684.5,30
1058,1049,43,3,7201.47,0
1059,1819,106,3,40045.68,25
1060,1738,141,5,19874.53,0
1061,2958,34,2,45856.81,0
1062,382,84,5,10481.93,0
1063,1934,145,5,44283.12,25
1064,2866,20,3,28390.83,20
1065,464,122,5,21384.16,5
1066,749,139,5,1018.34,0
1067,733,135,4,7545.65,0
1068,653,1,1,14912.99,10
1069,1129,136,4,34823.99,0
1070,1103,104,4,32529.19,0
1071,1457,44,4,12680.47,0
1072,942,102,1,17115.64,30
1073,773,52,1,47619.74,0
1074,2822,143,2,572.76,0
1075,1064,86,4,6772.38,25
1076,2719,137,3,31731.68,0
1077,182,28,5,42358.81,25
1078,114,34,3,6001.95,30
1079,2965,91,2,48478.09,25
1080,1101,148,2,25300.77,0
1081,2588,96,3,42123.78,25
1082,2464,43,1,41532.97,25
1083,454,80,2,41344.96,20
1084,534,89,5,11924.84,0
1085,2676,148,4,46204.01,20
1086,1889,123,2,9603.9,10
1087,1404,78,5,8281.31,20
1088,452,87,4,11178.88,30
1089,2653,12,2,38156.82,5
1090,2188,5,3,43213.99,0
1091,2954,13,5,20976.56,15
1092,1958,107,2,19128.05,0
1093,1072,40,1,11584.9,0
1094,1100,16,1,12124.25,0
1095,756,47,4,24592.55,15
1096,53,3,1,30538.3,5
1097,1352,136,3,7937.84,30
1098,2652,83,5,34692.3,25
1099,338,91,2,8482.1,20
1100,670,78,4,16256.14,0
1101,587,145,1,31825.94,20
1102,1857,105,1,15090.25,25
1103,1022,84,3,35734.21,10
1104,1019,32,4,36219.71,0
1105,1815,94,3,9862.82,5
1106,1640,5,3,38904.75,0
1107,2822,89,2,11160.48,25
1108,2093,26,2,11660.55,15
1109,2783,54,1,15545.8,0
1110,1949,65,1,9584.33,25
1111,991,59,3,20018.07,0
1112,541,84,1,4534.23,15
1113,2043,14,5,49883.46,0
1114,624,77,3,29706.88,0
1115,1525,23,2,40642.44,25
1116,309,24,2,44302.01,0
1117,915,80,5,48706.62,25
1118,2835,128,3,44712.12,20
1119,945,45,5,13919.47,5
1120,1764,31,4,33583.98,30
1121,2934,111,2,38966.23,25
1122,300,81,1,30375.31,20
1123,1469,108,5,15338.29,5
1124,1731,7,5,1945.2,0
1125,1166,107,1,30014.79,25
1126,2149,129,5,1961.33,20
1127,1581,63,5,25437.4,30
1128,363,136,3,2335.01,15
1129,2707,98,3,26838.33,0
1130,722,135,-1,35741.06,0
1131,2966,142,1,14554.64,0
1132,1877,54,3,25812.46,0
1133,910,13,4,26045.42,15
1134,1046,89,3,23099.46,0
1135,1970,68,5,26366.42,20
1136,281,144,3,4245.85,10
1137,187,90,5,10401.05,10
1138,367,129,1,10514.98,0
1139,133,35,3,21454.69,5
1140,1924,123,4,10043.14,20
1141,2283,124,1,20813.39,15
1142,1969,40,1,33256.08,0
1143,1189,87,-3,17137.97,0
1144,2949,10,5,10478.6,25
1145,1877,61,5,18906.45,20
1146,829,73,2,3018.98,0
1147,1193,58,3,46845.08,0
1148,2925,72,1,48090.61,20
1149,1112,106,4,34674.69,15
1150,2481,97,2,38910.56,20
1151,680,33,2,47698.45,0
1152,1918,116,1,18479.68,0
1153,419,133,2,45415.38,15
1154,1649,111,1,42497.55,5
1155,1999,135,5,31762.54,0
1156,1564,50,4,19575.86,15
1157,1155,78,3,39972.27,10
1158,612,65,5,36223.14,5
1159,962,119,1,47153.95,0
1160,130,40,4,40618.06,10
1161,2476,64,5,1274.14,25
1162,379,129,5,5141.69,0
1163,1550,37,3,27632.97,5
1164,186,57,3,37793.14,30
1165,2304,27,-3,46085.41,5
1166,2606,30,4,15520.4,25
1167,1480,107,1,2435.93,20
1168,1213,129,4,9936.73,10
1169,1449,100,3,38240.3,25
1170,1935,69,1,11163.08,25
1171,2533,149,5,235.31,5
1172,437,59,4,14482.08,0
1173,1657,77,-1,11246.16,20
1174,1847,90,2,27848.23,15
1175,1625,62,1,1386.77,30
1176,2638,86,3,16139.85,20
1177,1183,6,1,26076.63,25
1178,2300,97,5,25462.84,30
1179,50,64,4,2725.18,25
1180,17,19,4,43088.05,25
1181,1270,51,2,22235.35,0
1182,303,114,1,41615.76,0
1183,97,44,1,47243.42,15
1184,2425,109,4,33295.89,30
1185,2313,105,3,28398.97,0
1186,2785,7,2,45348.23,0
1187,2846,150,5,48998.34,5
1188,2940,29,5,11806.13,25
1189,2327,78,4,25353.01,0
1190,804,144,3,16512.0,5
1191,629,123,4,13075.69,0
1192,989,71,5,38267.05,20
1193,137,111,1,5108.34,5
1194,1895,33,1,6855.56,0
1195,2407,143,5,37518.26,20
1196,855,137,5,14833.73,15
1197,21,60,5,6659.4,0
1198,1619,102,5,6350.85,0
1199,2545,45,4,33357.12,0
1200,227,22,3,42312.09,25
1201,1057,65,5,47380.56,120
1202,2684,50,5,18804.63,0
1203,2813,144,4,46611.78,0
1204,2726,68,5,47199.58,25
1205,1004,106,3,3556.85,0
1206,295,136,5,20562.5,0
1207,1629,74,1,31503.17,5
1208,638,49,4,31408.18,5
1209,776,82,5,23148.95,10
1210,999,38,2,35665.2,5
1211,1407,36,5,40261.81,25
1212,717,98,5,30270.42,15
1213,678,48,3,38092.44,10
1214,2131,72,2,21488.77,30
1215,463,30,1,11078.28,20
1216,2479,134,1,4304.39,15
1217,1425,15,4,24100.01,25
1218,214,44,3,839.78,10
1219,965,120,2,36237.68,20
1220,93,56,2,3669.39,0
1221,1309,89,5,23446.94,5
1222,2340,51,5,42643.11,15
1223,277,145,2,34125.37,0
1224,2767,56,4,10959.98,30
1225,1455,101,4,8057.62,30
1226,657,53,2,2195.91,20
1227,132,131,2,12674.67,30
1228,1911,58,2,23611.58,30
1229,341,44,4,17689.44,10
1230,612,48,1,30878.28,0
1231,565,140,4,21870.83,0
1232,2860,111,2,7892.66,15
1233,375,5,1,1666.44,0
1234,2821,138,3,43861.82,5
1235,53,54,-4,6493.65,15
1236,2680,136,-2,33499.79,0
1237,2621,71,2,10275.33,0
1238,2348,37,5,43566.45,20
1239,1729,110,5,36357.82,10
1240,846,1,3,3260.67,0
1241,1786,101,0,34304.42,10
1242,1357,142,1,4794.44,20
1243,2377,106,2,14821.12,0
1244,1302,5,5,28678.63,20
1245,2945,50,1,16604.26,0
1246,2853,42,2,46775.65,15
1247,2246,50,4,11788.83,10
1248,2865,79,4,17026.13,5
1249,192,28,1,7999.91,15
1250,2810,112,2,27630.56,0
1251,906,22,4,48470.03,0
1252,1470,137,-5,23570.85,30
1253,1268,34,2,18430.41,15
1254,1209,94,5,36835.79,15
1255,1815,83,4,42636.85,0
1256,1840,141,-2,16601.35,20
1257,1812,65,3,4433.77,150
1258,2174,147,4,37837.81,15
1259,688,47,1,35480.53,20
1260,2106,51,3,3563.88,30
1261,2115,59,1,14074.13,0
1262,1010,147,5,44198.65,0
1263,2595,85,4,42822.22,5
1264,2773,125,5,44131.61,0
1265,2633,144,5,5290.42,10
1266,2357,120,4,45472.92,0
1267,1927,61,4,49011.89,10
1268,1281,119,3,5560.45,0
1269,2382,44,4,46316.28,10
1270,1220,116,3,19580.41,10
1271,2375,132,2,47742.5,0
1272,2483,147,4,22549.45,5
1273,2036,85,4,3648.57,25
1274,894,79,1,10565.27,25
1275,401,120,4,46064.23,5
1276,105,1,4,29214.22,0
1277,2931,129,3,9495.07,15
1278,2271,86,1,38260.72,0
1279,2800,101,3,15712.42,15
1280,1167,116,2,9459.31,0
1281,1975,125,1,16520.47,0
1282,2910,92,3,49335.39,0
1283,610,10,1,3728.46,20
1284,1088,93,5,19611.82,0
1285,2309,64,5,23906.57,0
1286,1331,8,4,7733.38,0
1287,2217,61,1,20991.35,15
1288,18,66,3,17038.46,15
1289,1671,55,3,24390.06,30
1290,2754,80,2,20526.63,5
1291,2461,16,3,1510.13,0
1292,1001,103,5,40989.88,0
1293,1738,145,1,7525.85,25
1294,1382,6,4,1904.45,25
1295,2955,18,3,2838.06,5
1296,2506,9,4,8221.31,0
1297,2983,19,5,37757.71,5
1298,2602,19,5,39170.67,0
1299,1382,58,1,45986.23,0
1300,2291,33,2,22251.35,10
1301,222,81,3,36780.14,30
1302,683,141,2,7981.03,30
1303,106,21,2,2698.15,10
1304,2883,108,3,37045.55,10
1305,54,146,4,32354.28,10
1306,2846,66,3,22679.78,25
1307,1923,127,5,22103.87,10
1308,1961,120,4,21727.12,0
1309,2106,129,5,27310.51,0
1310,252,35,5,20082.63,0
1311,1547,66,0,9833.96,25
1312,2114,109,1,19920.82,30
1313,825,20,4,48472.23,15
1314,592,120,5,44011.86,10
1315,2805,93,2,13539.34,20
1316,348,148,5,34061.63,30
1317,1803,1,1,38983.25,20
1318,421,94,2,5217.86,0
1319,1169,15,3,27421.19,15
1320,2446,98,4,14718.86,0
1321,1342,18,1,46261.44,0
1322,209,28,4,36339.31,0
1323,609,90,3,38141.93,5
1324,2531,45,1,8648.82,25
1325,2558,122,3,32714.94,15
1326,2455,109,3,22592.68,10
1327,685,89,2,30795.73,10
1328,679,15,3,17493.63,5
1329,162,94,1,11955.86,5
1330,1736,102,5,22392.07,30
1331,2770,97,1,24845.41,0
1332,1876,78,5,26072.2,20
1333,323,71,3,2962.69,15
1334,701,73,1,13313.39,0
1335,2366,143,4,38254.39,15
1336,1808,28,1,48141.76,30
1337,2839,19,5,44858.53,30
1338,2978,83,5,12176.01,20
1339,2728,54,1,34737.61,10
1340,2179,3,1,42928.38,10
1341,2524,127,-2,14860.51,0
1342,2118,124,5,7088.27,0
1343,1155,121,3,22370.48,20
1344,715,150,2,24114.86,30
1345,2795,122,2,22927.66,25
1346,195,70,3,44857.93,20
1347,1753,129,5,49657.88,30
1348,1928,85,3,44179.71,10
1349,966,72,1,49756.01,5
1350,14,85,5,16676.92,0
1351,2382,54,3,30160.39,0
1352,1142,136,3,12157.94,15
1353,287,93,4,35277.29,5
1354,255,120,1,12653.54,0
1355,951,27,4,22503.06,10
1356,217,55,4,44253.35,25
1357,1696,42,3,17639.59,5
1358,431,34,1,24602.56,0
1359,2000,139,1,15981.55,10
1360,2092,85,5,21678.77,10
1361,118,43,5,7018.52,0
1362,2144,139,4,46270.04,10
1363,2928,135,3,7858.14,30
1364,1840,10,3,33508.95,0
1365,2214,143,4,43250.45,5
1366,69,54,4,49009.13,0
1367,1969,140,4,35136.05,15
1368,590,136,4,36132.64,0
1369,1979,115,5,48498.97,0
1370,2728,138,2,31683.1,15
1371,1402,109,2,42945.98,25
1372,2924,10,1,26560.49,25
1373,516,119,2,6371.86,30
1374,1836,6,3,2135.85,0
1375,1384,75,4,35032.88,5
1376,1843,118,1,23859.97,30
1377,284,93,5,14310.18,25
1378,1602,88,4,48269.14,30
1379,1084,111,4,35598.19,0
1380,668,73,5,23288.99,25
1381,2701,109,2,47003.84,10
1382,1728,71,1,27780.17,15
1383,349,33,1,28817.24,0
1384,989,130,4,7231.85,5
1385,1738,141,5,27428.32,0
1386,2760,5,1,22878.86,5
1387,1878,6,2,8326.75,25
1388,1306,98,3,18436.14,10
1389,2027,88,5,48814.32,0
1390,1328,62,4,4194.79,0
1391,1494,74,1,47105.88,15
1392,2715,94,2,22683.89,30
1393,2051,42,1,43689.63,0
1394,1533,126,3,3049.11,5
1395,2724,35,4,44091.31,25
1396,2101,141,2,41135.59,15
1397,992,45,1,14261.44,10
1398,2877,45,5,11715.9,0
1399,370,46,1,18116.79,0
1400,2342,82,5,14151.54,25
1401,1036,23,2,45216.67,15
1402,34,23,5,48328.47,0
1403,1240,60,3,23675.93,5
1404,2809,111,2,20829.74,0
1405,1190,33,1,38674.94,0
1406,2899,53,5,4658.73,10
1407,667,135,5,26438.18,0
1408,2775,106,3,5895.01,0
1409,2418,10,5,9650.05,20
1410,2979,53,1,38030.75,20
1411,1231,18,4,10921.87,30
1412,378,30,5,1836.45,0
1413,2959,53,-2,12488.32,10
1414,1761,8,4,23763.73,20
1415,2931,127,4,17937.39,25
1416,309,97,2,9832.52,25
1417,2064,20,1,37230.44,0
1418,2827,113,1,28687.89,20
1419,843,16,4,732.53,10
1420,2447,102,4,35799.89,5
1421,1890,16,1,15947.87,0
1422,2376,127,1,21071.77,5
1423,1222,56,1,44483.14,25
1424,2851,139,5,32571.98,5
1425,2457,2,5,42553.35,15
1426,2837,37,3,13753.67,15
1427,462,55,5,47743.03,0
1428,1274,133,2,24805.67,30
1429,2244,126,2,31763.55,0
1430,2179,5,1,12804.04,15
1431,1693,108,3,47189.32,10
1432,946,126,1,5327.18,15
1433,691,148,4,13044.4,30
1434,2101,27,1,39972.69,15
1435,2229,29,3,44587.04,0
1436,1562,31,1,42994.4,20
1437,2116,43,4,16675.73,15
1438,1105,98,3,19941.92,5
1439,1047,60,4,40357.39,5
1440,2772,70,3,28351.79,20
1441,118,3,2,4681.16,20
1442,564,39,4,48435.27,20
1443,1932,69,2,36352.58,25
1444,851,100,5,39315.87,0
1445,1331,116,1,12968.96,0
1446,1478,9,5,40186.23,10
1447,79,62,3,28120.55,5
1448,1941,119,-1,40533.02,15
1449,2361,86,1,47735.04,10
1450,1586,110,5,4272.95,25
1451,2860,91,4,25049.46,0
1452,2943,18,4,29018.92,10
1453,1307,150,2,40814.93,5
1454,665,109,3,24346.35,0
1455,2800,12,1,27831.48,0
1456,2917,73,3,36896.46,5
1457,1109,145,3,46054.03,10
1458,2891,63,3,39369.42,30
1459,874,124,2,35661.44,20
1460,2351,143,1,6969.13,15
1461,2611,117,4,25906.74,0
1462,2986,17,5,47991.31,30
1463,1138,19,1,5843.88,20
1464,1232,103,3,4132.21,0
1465,2068,62,1,40022.21,0
1466,1237,126,2,33542.15,30
1467,1379,48,2,24168.49,10
1468,2982,127,-4,28047.45,0
1469,1396,63,2,4372.98,30
1470,2256,42,2,29298.52,20
1471,1688,5,2,35960.28,5
1472,881,147,3,20155.43,30
1473,445,1,1,23645.71,0
1474,1008,125,5,25630.19,20
1475,2888,112,5,40037.4,0
1476,2109,61,3,33635.71,20
1477,1248,139,4,8841.32,20
1478,1945,74,3,22110.01,20
1479,1477,71,1,25132.15,25
1480,1112,128,0,45975.9,0
1481,1368,34,2,9018.58,5
1482,513,100,3,18592.29,25
1483,42,9,4,38789.2,0
1484,931,86,1,32382.44,10
1485,1961,95,1,10045.28,0
1486,1468,54,4,30043.93,5
1487,2018,112,2,7514.95,15
1488,653,134,2,41653.33,5
1489,724,48,3,1815.49,5
1490,2863,14,1,7171.62,5
1491,140,53,-4,11699.42,5
1492,2590,138,5,19961.25,0
1493,2645,125,5,23263.76,25
1494,2146,96,1,32953.32,30
1495,2673,99,3,15392.8,0
1496,2005,139,2,21782.06,0
1497,2922,38,4,48416.16,20
1498,1486,53,3,49602.64,5
1499,2344,10,2,30379.08,30
1500,2776,55,1,8290.79,30
1501,2383,108,3,34062.72,0
1502,48,102,4,32485.05,20
1503,151,104,4,20906.68,0
1504,2328,148,5,29199.57,0
1505,4,60,5,42832.99,20
1506,423,84,3,45381.84,25
1507,2347,107,2,16874.0,10
1508,2279,145,3,20767.17,20
1509,2675,95,2,24555.49,0
1510,373,5,2,47003.73,20
1511,908,43,3,23087.15,0
1512,2989,53,3,28235.8,0
1513,1604,2,1,568.31,30
1514,1624,6,4,7754.88,10
1515,1833,143,5,23477.98,15
1516,2581,72,1,2961.07,0
1517,2031,25,4,35377.53,15
1518,2291,28,1,40739.75,10
1519,2354,77,3,34448.87,5
1520,2250,15,3,1548.22,15
1521,1413,23,5,44701.75,25
1522,2431,136,5,13708.27,10
1523,2484,104,5,2076.81,0
1524,237,39,2,32263.97,20
1525,2492,43,3,43749.53,15
1526,1662,85,2,5151.04,15
1527,964,130,4,2298.09,15
1528,1719,75,4,29390.9,0
1529,1649,67,4,45704.61,0
1530,336,110,1,16934.56,5
1531,2788,104,3,20468.33,30
1532,2876,18,5,39402.05,10
1533,2135,57,2,27213.21,120
1534,2112,81,3,1344.31,15
1535,1974,50,-5,44219.66,0
1536,1206,91,4,45565.47,30
1537,2680,24,5,28941.0,5
1538,2562,96,1,28800.56,5
1539,2361,106,5,39757.92,25
1540,32,138,1,7422.78,5
1541,2288,94,1,5115.59,20
1542,2421,57,2,9775.93,15
1543,553,11,5,40428.01,0
1544,874,123,1,18192.61,30
1545,633,115,3,5355.53,0
1546,538,9,2,29615.85,15
1547,1759,82,4,5938.09,20
1548,2635,17,5,36506.75,5
1549,2518,57,2,29206.64,30
1550,2379,35,1,5795.35,10
1551,1397,111,5,30284.79,0
1552,2387,100,1,27401.27,10
1553,1409,42,1,42135.29,20
1554,502,104,3,44503.34,0
1555,1668,11,5,25003.18,0
1556,2261,61,3,14060.45,15
1557,1655,3,5,16654.24,30
1558,540,117,3,27897.22,30
1559,1427,147,1,49140.96,0
1560,2725,5,3,42976.77,25
1561,734,81,2,14418.36,20
1562,2478,22,5,4831.52,10
1563,2149,103,1,35624.38,30
1564,59,35,4,47867.88,0
1565,1599,100,2,21797.54,5
1566,2139,33,3,27442.16,20
1567,189,32,4,24906.95,25
1568,1210,12,2,46741.1,0
1569,2937,38,3,10193.8,0
1570,1599,9,1,26147.9,10
1571,257,116,2,2875.44,0
1572,1475,59,3,35963.65,30
1573,1695,5,3,11535.28,0
1574,520,32,1,46071.77,10
1575,927,28,3,3801.49,0
1576,2205,125,5,40027.92,5
1577,2602,120,4,34474.28,10
1578,609,25,1,11442.9,5
1579,2318,133,1,48007.7,20
1580,1273,42,4,38629.23,20
1581,2783,86,3,14147.93,15
1582,1709,55,3,7228.12,25
1583,611,81,3,31987.76,5
1584,277,120,5,27699.25,15
1585,1023,65,3,26387.0,30
1586,651,2,3,19015.56,20
1587,2181,33,5,16081.6,30
1588,2962,34,1,3659.15,5
1589,1598,143,3,38867.92,0
1590,391,9,4,47031.36,10
1591,1079,57,1,40273.21,0
1592,1173,92,2,19128.46,10
1593,1890,80,3,29778.2,25
1594,502,93,2,13867.54,25
1595,1771,120,1,37328.27,10
1596,1236,128,3,17829.45,30
1597,2568,18,5,46632.94,30
1598,2911,34,1,24982.1,10
1599,1791,57,5,29189.41,0
1600,863,55,1,43553.64,15
1601,168,113,1,5927.09,10
1602,2152,56,4,23606.35,25
1603,1881,5,2,49900.96,15
1604,16,116,4,42747.63,30
1605,493,47,5,46400.17,30
1606,2201,43,4,22046.18,20
1607,883,53,2,36110.03,15
1608,1765,146,2,20144.7,20
1609,1119,140,3,10159.11,10
1610,1393,134,3,4624.04,30
1611,1774,90,1,5961.67,20
1612,1916,143,1,15381.14,5
1613,1034,136,1,16935.63,15
1614,2263,96,5,31152.11,25
1615,809,27,2,45484.02,20
1616,2034,46,4,24643.93,25
1617,859,93,5,38789.12,0
1618,2440,19,5,49794.03,0
1619,2673,140,3,42755.52,5
1620,2486,4,4,43301.03,0
1621,336,58,5,48352.52,10
1622,815,106,3,3775.56,0
1623,2975,135,4,38878.0,10
1624,2884,5,3,32950.75,0
1625,1972,58,5,22736.76,20
1626,947,100,4,33795.45,0
1627,743,50,4,33747.61,0
1628,1585,146,5,13384.52,15
1629,1921,27,3,30922.22,0
1630,2003,120,1,15447.31,0
1631,1911,128,2,41842.82,20
1632,2402,109,5,34408.6,30
1633,258,9,5,10063.3,15
1634,1962,76,2,49643.33,20
1635,2033,14,2,19810.89,25
1636,1437,101,3,32808.34,20
1637,1063,150,3,17476.08,5
1638,1816,65,3,6528.94,0
1639,989,114,4,27979.95,10
1640,2148,102,3,12971.98,0
1641,1432,72,5,48393.48,30
1642,941,137,2,46249.4,5
1643,2487,31,2,48802.09,30
1644,1134,8,4,48381.14,10
1645,6,99,2,12915.51,0
1646,188,37,4,26671.5,20
1647,1194,102,4,34598.26,20
1648,153,64,2,45176.28,5
1649,2337,122,3,39138.85,10
1650,286,14,-1,21838.72,25
1651,452,84,1,13155.42,25
1652,2597,121,2,43158.95,0
1653,1080,65,2,32782.27,10
1654,1938,136,5,47294.56,15
1655,2627,47,4,1498.22,20
1656,1927,86,4,4305.56,30
1657,491,41,5,19986.38,0
1658,2335,29,2,18227.58,30
1659,2754,27,2,20590.73,30
1660,1370,130,1,2291.26,20
1661,1489,31,1,24823.1,25
1662,2204,78,4,48450.81,0
1663,2120,90,4,16461.73,10
1664,30,75,3,25727.93,0
1665,1851,142,5,19528.52,10
1666,339,110,4,31227.54,10
1667,1095,11,5,15806.76,5
1668,763,9,4,303.69,15
1669,2537,14,1,41678.58,0
1670,2487,103,4,30039.84,0
1671,1468,103,0,12279.02,25
1672,2430,31,3,3053.06,0
1673,854,42,1,31416.38,15
1674,2288,84,-1,3965.38,30
1675,160,99,5,15082.77,0
1676,134,146,2,48038.77,10
1677,2904,115,2,37836.53,25
1678,838,135,2,31922.33,15
1679,430,96,1,42985.17,5
1680,566,112,3,43410.27,0
1681,757,93,3,38711.56,30
1682,325,87,3,46846.17,0
1683,2982,85,3,19414.65,15
1684,2903,76,5,5800.68,15
1685,2091,147,2,35606.68,0
1686,1362,7,4,46517.53,15
1687,2464,54,3,3936.26,0
1688,2916,35,2,15036.25,25
1689,2020,70,3,14229.4,0
1690,2107,115,2,40621.08,5
1691,1925,10,1,43714.58,15
1692,1165,141,3,23119.16,10
1693,433,112,4,17078.91,20
1694,2002,31,2,17208.13,0
1695,1845,111,4,1090.04,10
1696,635,40,4,18054.32,0
1697,1507,29,2,46448.0,0
1698,1159,94,3,17691.95,15
1699,1490,112,2,27934.27,5
1700,2696,124,4,41027.59,15
1701,1236,149,-1,35891.09,10
1702,1941,23,3,27979.81,0
1703,2942,149,4,27821.6,0
1704,2524,63,1,26199.43,30
1705,2238,90,1,18621.69,30
1706,321,24,1,2233.34,20
1707,136,49,2,21699.78,25
1708,758,1,2,25962.06,0
1709,2519,55,5,22517.24,0
1710,1689,116,4,13684.81,0
1711,2227,60,3,14732.61,20
1712,1970,72,2,13776.95,0
1713,2656,144,2,38093.19,20
1714,1812,84,5,23744.86,10
1715,2321,44,3,4461.19,10
1716,2498,56,5,4637.98,15
1717,1791,104,3,13993.48,0
1718,2390,3,5,13450.04,20
1719,2735,133,1,49318.34,0
1720,2362,38,2,48739.93,0
1721,2295,126,2,23412.13,5
1722,2286,70,1,3262.88,30
1723,1233,134,3,46415.7,15
1724,1578,84,4,33320.93,15
1725,1886,129,0,44340.28,15
1726,540,102,4,12809.64,10
1727,1697,58,2,5413.18,20
1728,1030,65,2,4434.62,30
1729,1025,117,1,12515.54,0
1730,380,147,5,1134.02,15
1731,2570,26,2,27389.14,0
1732,2564,68,2,35493.14,30
1733,1949,109,4,42717.71,0
1734,528,54,0,2075.84,30
1735,318,126,1,30176.79,30
1736,1881,76,5,30925.82,0
1737,544,122,1,31040.81,0
1738,1188,56,3,9727.34,10
1739,26,124,4,18345.71,5
1740,315,3,5,48918.98,0
1741,2408,117,3,41164.15,0
1742,1831,62,2,30498.98,25
1743,357,46,4,42801.89,0
1744,1646,23,4,1157.42,0
1745,1335,85,3,6985.35,0
1746,1660,122,1,5681.09,0
1747,1460,112,5,186.88,25
1748,291,46,1,19184.42,5
1749,987,94,2,34828.27,5
1750,1518,70,5,16017.6,0
1751,1715,85,4,29105.0,5
1752,444,136,2,19827.44,10
1753,2165,86,3,7177.09,0
1754,2673,17,3,1687.22,15
1755,2486,57,2,36184.08,5
1756,832,61,1,18446.81,10
1757,2870,14,1,14126.33,20
1758,1080,60,4,32355.65,0
1759,44,70,4,17083.4,0
1760,2786,58,2,28291.61,25
1761,2630,139,3,18960.63,25
1762,1453,25,4,34486.64,5
1763,2874,18,1,44629.37,0
1764,2485,141,2,24431.9,5
1765,1540,74,-4,40840.24,10
1766,1436,76,3,16735.75,5
1767,1510,120,1,49523.94,15
1768,1069,101,2,44042.77,15
1769,2673,47,4,8047.75,0
1770,2587,99,1,43044.01,0
1771,109,57,4,3446.76,10
1772,15,143,1,43624.25,0
1773,1664,44,-5,40123.2,30
1774,2011,127,1,23234.09,20
1775,412,27,5,38656.77,20
1776,116,126,4,29751.57,20
1777,2306,29,5,17737.35,0
1778,1509,103,2,28468.24,25
1779,2993,136,5,24824.66,0
1780,1089,135,4,27089.93,30
1781,463,126,4,49019.86,25
1782,978,96,5,47258.91,30
1783,2200,61,3,23510.31,0
1784,593,10,1,19029.31,10
1785,2368,32,2,28887.67,20
1786,2357,49,2,10683.73,0
1787,2274,123,5,19696.08,0
1788,2965,123,3,16607.57,20
1789,219,35,5,47807.42,10
1790,508,30,2,42731.96,5
1791,1509,32,4,40042.15,0
1792,339,113,4,46638.46,5
1793,1135,113,3,2821.27,15
1794,2838,127,4,22961.07,5
1795,515,78,2,17519.62,30
1796,314,18,3,29401.14,25
1797,2536,70,5,19057.73,15
1798,1444,107,2,10013.39,0
1799,1547,118,1,16259.43,20
1800,1116,59,5,40103.18,0
1801,277,5,3,37446.23,25
1802,791,90,3,46045.09,0
1803,2149,19,5,20812.16,0
1804,638,63,3,10546.35,10
1805,2598,20,1,1927.31,5
1806,1514,102,1,41863.95,10
1807,2815,42,4,16749.44,15
1808,667,1,2,17117.05,10
1809,2552,44,2,248.1,0
1810,1009,76,2,3149.84,15
1811,1062,121,1,2583.65,5
1812,2153,20,1,17905.65,20
1813,547,20,3,37023.63,0
1814,678,75,1,19179.34,0
1815,1383,112,3,36610.01,15
1816,786,56,2,40190.77,0
1817,2447,18,3,43969.46,30
1818,2650,26,3,28312.69,15
1819,1246,46,2,5851.35,0
1820,656,147,5,5689.51,0
1821,345,56,5,19868.73,5
1822,1166,44,4,6079.28,0
1823,126,28,4,2629.47,30
1824,2875,79,4,48019.8,20
1825,2557,77,5,23194.39,0
1826,1580,118,3,45661.39,10
1827,2843,148,1,9609.87,0
1828,2293,7,1,15766.54,0
1829,1472,104,5,11829.34,0
1830,2930,4,2,36752.07,10
1831,1610,123,1,7947.01,0
1832,1037,41,2,2015.76,25
1833,122,80,2,32608.05,30
1834,2893,110,4,48568.49,25
1835,550,20,1,39684.91,0
1836,896,10,3,33677.05,25
1837,593,73,4,13861.64,20
1838,266,112,5,8935.2,20
1839,2907,60,5,11015.55,0
1840,694,131,5,9625.61,0
1841,1882,141,4,49190.75,0
1842,2666,60,3,32539.41,0
1843,2467,95,5,36287.1,0
1844,2666,49,3,36009.75,15
1845,1923,1,4,27951.56,10
1846,2698,148,5,9931.1,15
1847,2067,107,4,27364.36,0
1848,2371,92,1,27644.63,15
1849,702,42,3,9847.42,5
1850,1342,18,3,10448.05,15
1851,2884,26,1,17164.11,5
1852,1757,59,4,540.33,15
1853,1032,17,4,45285.21,0
1854,551,108,4,23332.79,0
1855,814,45,2,7039.38,0
1856,2156,146,2,33753.54,15
1857,492,19,2,29088.14,5
1858,2040,56,1,47700.87,5
1859,431,5,5,12074.85,20
1860,1370,149,3,11782.08,30
1861,77,63,4,35777.4,0
1862,529,18,5,12678.71,30
1863,187,35,5,21259.36,30
1864,1826,50,2,30348.79,25
1865,45,54,2,32229.15,25
1866,2967,53,3,20597.36,0
1867,86,76,-4,14650.18,5
1868,1378,94,3,15207.9,0
1869,602,33,2,37763.28,25
1870,349,126,4,26160.59,30
1871,2271,128,5,24580.77,25
1872,1520,17,2,3869.01,5
1873,345,137,5,31811.26,0
1874,2076,122,2,29367.09,15
1875,2054,105,5,36840.4,25
1876,915,72,1,1579.52,20
1877,2982,11,2,17424.41,25
1878,2089,85,5,38373.21,30
1879,977,101,2,41370.57,5
1880,2391,47,4,12620.54,20
1881,1287,108,-4,36957.13,0
1882,808,118,5,34354.81,15
1883,2658,90,3,13385.65,0
1884,2115,106,4,43732.64,30
1885,2408,43,2,38126.19,0
1886,1866,36,1,37817.03,10
1887,279,32,2,22207.48,25
1888,64,72,1,34718.11,10
1889,1675,124,1,13707.4,20
1890,1198,77,4,27453.27,25
1891,65,31,5,11584.98,0
1892,193,74,3,23205.86,0
1893,1541,109,5,24170.09,10
1894,2783,16,2,39914.84,5
1895,415,119,4,25035.55,0
1896,2350,42,3,26393.45,0
1897,2786,50,1,48880.96,5
1898,343,68,3,4890.02,0
1899,1505,21,4,12139.55,25
1900,2986,40,3,23476.36,0
1901,2822,85,2,43773.19,0
1902,300,87,3,29614.04,0
1903,114,98,1,20130.46,5
1904,136,93,2,15499.13,0
1905,1737,113,2,10048.31,10
1906,1295,109,1,48167.87,15
1907,2545,147,5,20683.7,0
1908,1350,81,2,43900.78,30
1909,1645,136,2,3048.32,0
1910,2507,149,3,9615.62,5
1911,1518,59,3,47452.86,15
1912,703,131,5,40302.96,15
1913,2037,131,1,31541.08,25
1914,1478,67,3,14060.91,25
1915,1977,65,3,19556.39,5
1916,1750,73,1,28436.59,30
1917,1599,77,5,33596.2,15
1918,852,128,4,40787.96,30
1919,2669,75,-4,6108.11,10
1920,644,93,3,9945.87,20
1921,1779,16,5,49312.14,5
1922,2590,65,4,19887.09,0
1923,427,123,3,38703.88,5
1924,241,60,5,29894.46,30
1925,1096,40,4,34299.67,5
1926,2046,68,5,46326.48,10
1927,1452,91,4,8706.37,5
1928,2020,74,2,11467.66,0
1929,1147,7,2,19737.21,0
1930,420,119,4,1568.44,10
1931,1140,100,3,8210.36,20
1932,326,32,1,35382.11,0
1933,2471,42,1,33974.59,15
1934,696,135,2,21028.95,25
1935,748,53,5,10890.3,5
1936,1872,50,2,10836.63,20
1937,2370,48,1,2101.16,0
1938,2006,113,2,31420.2,10
1939,2855,134,4,39375.5,15
1940,2035,18,3,5614.37,0
1941,18,144,5,22686.14,0
1942,2328,93,1,11685.29,25
1943,933,27,2,44459.96,10
1944,1276,133,3,8037.46,25
1945,1529,7,5,975.94,0
1946,708,8,5,43576.98,0
1947,1144,89,2,34998.83,20
1948,539,61,2,31053.03,30
1949,1437,30,4,1526.33,0
1950,2257,135,5,201.11,10
1951,1905,87,1,14019.81,5
1952,193,114,5,32498.82,30
1953,1985,84,3,49545.04,15
1954,398,78,3,45441.15,0
1955,1601,106,5,22293.39,30
1956,1390,27,5,34505.44,0
1957,926,142,3,2346.95,10
1958,599,28,4,9709.27,10
1959,825,147,3,46076.53,20
1960,138,114,5,43856.8,20
1961,2853,93,5,3815.05,0
1962,2645,112,4,14520.36,0
1963,2560,61,5,15885.7,25
1964,297,41,3,5520.26,10
1965,2745,134,2,12380.05,25
1966,1108,113,1,29479.57,20
1967,2085,115,3,49288.23,0
1968,904,41,4,38826.91,0
1969,1595,124,2,12495.95,0
1970,1399,118,5,29369.54,15
1971,2891,79,2,1035.06,30
1972,4,86,4,32685.5,0
1973,842,8,2,41066.63,5
1974,1662,87,2,21712.46,30
1975,2784,114,4,24941.83,0
1976,102,128,3,13935.92,5
1977,1824,9,1,4013.28,25
1978,1163,51,4,36424.03,20
1979,2878,118,4,17921.48,25
1980,1234,2,3,25104.58,20
1981,612,75,5,13738.99,25
1982,958,17,3,25180.5,25
1983,849,67,5,6860.83,5
1984,2398,135,2,1239.33,25
1985,504,55,2,35932.81,30
1986,1439,108,4,18200.76,10
1987,1904,98,-4,27425.41,5
1988,405,103,3,24602.93,25
1989,1637,96,4,43073.32,25
1990,192,144,3,36882.73,15
1991,573,112,3,9293.02,25
1992,1178,147,5,6761.27,30
1993,589,120,3,8372.23,20
1994,2867,142,3,30385.85,30
1995,2783,60,5,1783.32,20
1996,573,79,4,29228.6,5
1997,360,66,2,34830.07,5
1998,82,21,1,25440.1,0
1999,1031,129,5,16023.14,0
2000,1457,40,5,13860.18,20
2001,1037,89,4,15903.19,25
2002,2238,52,5,32853.7,15
2003,1628,109,5,32869.65,5
2004,2223,148,3,21896.29,10
2005,2677,137,2,45202.7,0
2006,2389,29,4,46716.86,10
2007,1725,44,5,34216.0,30
2008,1768,135,3,29513.24,5
2009,2313,13,0,32766.2,25
2010,2486,15,5,33821.05,0
2011,770,139,4,6253.79,15
2012,2344,11,3,19165.41,10
2013,2962,70,4,4737.83,15
2014,890,61,5,1871.65,0
2015,2998,34,4,26946.08,10
2016,220,127,3,37848.04,10
2017,1121,41,1,14911.41,15
2018,1147,95,1,10657.29,5
2019,2112,14,5,30424.67,25
2020,1086,70,1,4347.65,0
2021,395,143,2,34488.51,0
2022,2003,122,2,12899.89,20
2023,522,114,3,16058.51,30
2024,1181,120,1,21428.13,15
2025,1012,149,2,43504.59,10
2026,2900,14,2,46690.19,0
2027,1044,57,2,23653.86,30
2028,2638,85,5,22350.83,5
2029,2315,18,2,2217.89,25
2030,2821,29,2,12158.9,15
2031,2736,23,3,36982.8,20
2032,766,46,1,42825.93,15
2033,188,1,3,12596.72,5
2034,1189,65,2,28193.19,20
2035,1036,38,2,35391.8,0
2036,616,43,4,15991.05,25
2037,2570,130,4,24146.07,0
2038,895,49,5,762.52,0
2039,2727,109,2,25748.22,20
2040,1950,115,3,20688.73,25
2041,2696,80,4,13747.17,20
2042,903,48,3,39458.18,20
2043,2165,73,1,36755.6,15
2044,1281,127,2,3445.85,30
2045,2987,128,4,35196.6,15
2046,1673,84,-4,32046.25,5
2047,1834,81,2,36851.33,30
2048,573,23,1,44370.72,15
2049,1088,87,3,18444.89,5
2050,535,59,4,3550.83,0
2051,1258,55,1,2359.61,0
2052,1994,40,2,856.24,5
2053,609,80,2,31916.17,0
2054,2760,79,5,13051.98,25
2055,2773,85,2,23418.49,5
2056,2689,76,4,1251.16,25
2057,1273,78,4,30397.93,30
2058,2803,2,5,20453.31,0
2059,1459,5,5,16743.18,20
2060,1953,48,4,7359.83,0
2061,651,125,2,41404.05,20
2062,2940,43,4,13560.57,0
2063,2753,62,3,48908.14,20
2064,189,91,1,36456.94,20
2065,198,97,5,27467.43,30
2066,1929,44,3,49249.74,0
2067,2787,93,1,35378.46,20
2068,941,77,3,27034.61,5
2069,2231,64,-5,37073.02,10
2070,2399,18,2,10214.38,25
2071,1015,142,1,7929.73,0
2072,881,25,5,344.9,0
2073,408,94,2,12156.18,20
2074,2809,56,0,27687.99,0
2075,187,47,2,21351.04,0
2076,461,47,5,42416.08,5
2077,1870,125,3,34478.44,0
2078,2828,27,5,4005.16,25
2079,1404,55,2,26503.48,10
2080,2091,124,1,14269.68,25
2081,2535,30,1,44900.57,30
2082,547,124,2,1707.28,10
2083,2553,61,-5,46657.95,5
2084,2923,146,1,5707.13,0
2085,2459,55,2,11710.14,15
2086,1847,99,2,2194.41,0
2087,458,26,4,14542.16,30
2088,882,43,4,37477.53,0
2089,2071,29,1,23440.65,30
2090,556,2,2,25384.69,10
2091,1771,114,2,2087.75,10
2092,2809,87,2,47273.92,0
2093,809,20,5,3079.4,15
2094,1321,82,1,8232.64,10
2095,2005,115,1,12562.64,25
2096,203,2,5,1233.64,25
2097,2703,76,1,16130.44,0
2098,670,114,2,22162.41,0
2099,2314,7,1,11851.09,0
2100,369,41,1,21387.52,5
2101,2188,8,1,18225.64,0
2102,1644,81,1,35677.19,10
2103,1945,20,1,13612.25,15
2104,1802,146,4,47608.82,0
2105,1043,15,4,15429.88,10
2106,329,64,5,28898.59,0
2107,1124,86,4,23262.87,20
2108,2394,87,2,1497.92,25
2109,628,25,4,46602.7,25
2110,1912,11,2,27778.19,10
2111,1434,59,3,22049.37,0
2112,777,39,1,29423.4,0
2113,2147,145,5,35452.24,25
2114,1879,44,5,10787.27,15
2115,2804,5,2,44719.28,5
2116,1643,109,2,15451.32,20
2117,1172,69,2,27883.98,15
2118,1610,89,2,27676.03,30
2119,1860,104,2,12483.97,5
2120,1277,1,4,5262.81,20
2121,1107,16,1,4638.72,20
2122,1047,88,2,20087.52,30
2123,746,56,2,13833.1,15
2124,2936,31,3,46704.07,0
2125,1914,87,3,49581.75,15
2126,1184,43,1,14999.17,10
2127,2072,29,3,6194.67,20
2128,2012,45,3,29352.46,30
2129,711,65,4,32608.12,30
2130,1535,146,1,3104.71,15
2131,1070,95,1,13934.06,0
2132,961,13,3,27907.37,10
2133,806,20,1,12587.15,10
2134,978,123,5,19227.19,0
2135,195,19,3,21064.88,20
2136,109,97,5,22321.4,10
2137,603,17,5,35017.67,0
2138,37,109,1,4222.05,0
2139,675,82,1,4115.76,150
2140,216,48,4,31068.15,20
2141,2095,59,2,27731.5,0
2142,2876,141,3,23131.56,20
2143,2531,116,5,46575.19,0
2144,1140,70,2,23810.5,25
2145,2890,137,4,28961.82,0
2146,1320,70,4,34891.58,5
2147,2007,129,2,15753.86,25
2148,2704,137,2,23478.87,0
2149,2403,56,5,5213.67,0
2150,942,146,1,40434.0,0
2151,2174,92,5,48193.32,20
2152,2529,108,2,45364.73,20
2153,1992,84,1,4475.7,10
2154,677,36,4,45748.07,30
2155,536,72,3,17484.54,5
2156,1530,62,3,12246.39,25
2157,2420,85,1,20896.95,15
2158,1322,118,2,28028.53,15
2159,634,85,1,46913.66,30
2160,1718,118,5,33000.6,15
2161,647,123,5,31077.22,20
2162,664,54,5,43677.57,0
2163,918,133,3,2989.56,10
2164,1403,147,1,20771.79,15
2165,1312,57,5,10125.73,25
2166,1015,86,2,15649.03,20
2167,90,70,1,19923.73,5
2168,1670,20,1,24826.51,25
2169,736,98,3,9470.26,5
2170,169,74,1,24074.11,20
2171,1005,52,2,14629.18,0
2172,1235,64,4,2758.37,0
2173,2583,51,1,27037.35,0
2174,274,9,5,36257.1,20
2175,1875,119,4,38273.97,25
2176,1463,90,3,10440.96,30
2177,1356,65,2,5596.41,0
2178,2557,53,5,41138.13,30
2179,555,50,2,4158.14,15
2180,287,80,5,1473.17,0
2181,1026,5,4,759.58,25
2182,435,82,1,40757.58,25
2183,440,108,3,49437.85,0
2184,2372,117,2,2731.32,15
2185,692,89,2,37039.32,15
2186,845,117,4,27332.59,30
2187,2292,22,5,29493.96,10
2188,1468,22,4,29139.75,10
2189,1613,76,3,7261.76,0
2190,298,95,2,43808.51,30
2191,2206,94,3,39383.78,30
2192,2000,89,1,18818.74,0
2193,2524,59,4,47655.11,0
2194,2063,8,1,3882.05,25
2195,133,127,2,2192.5,5
2196,401,57,-3,30923.24,0
2197,1099,90,4,17298.28,0
2198,2915,52,2,24519.8,30
2199,370,91,1,26077.38,30
2200,1469,120,1,20823.2,20
2201,1726,107,5,49018.67,5
2202,979,100,3,28455.28,15
2203,2850,106,1,10392.16,15
2204,770,48,2,3778.25,0
2205,2487,104,1,7308.95,20
2206,1848,80,5,19422.25,25
2207,2153,124,5,30345.52,20
2208,350,147,4,8143.71,0
2209,840,100,5,9062.53,15
2210,2998,21,4,47067.51,0
2211,1661,3,1,5440.56,0
2212,2058,109,2,898.12,30
2213,1417,58,-4,8730.15,0
2214,1427,107,4,24542.09,15
2215,2996,75,2,40029.36,0
2216,35,10,2,10201.81,5
2217,1264,135,2,34753.47,20
2218,1331,33,2,4089.14,30
2219,620,4,2,34352.28,20
2220,2755,150,3,48330.85,0
2221,819,17,1,25150.7,0
2222,2470,8,2,19692.54,20
2223,2526,78,4,12350.85,20
2224,1337,149,5,10092.52,25
2225,2938,45,5,41638.52,25
2226,1414,51,1,12584.13,15
2227,2824,115,3,29123.27,15
2228,2997,64,1,27794.67,25
2229,516,102,3,31148.14,30
2230,2051,92,2,25291.32,30
2231,694,2,1,23366.91,25
2232,2353,23,2,42863.06,25
2233,1419,36,5,6737.19,20
2234,2325,84,3,40739.52,0
2235,2302,68,5,42630.24,10
2236,1311,118,4,43178.89,0
2237,974,139,5,17029.82,0
2238,2387,24,3,37253.47,30
2239,854,145,3,37842.92,20
2240,480,149,3,1583.01,20
2241,1341,59,4,26768.65,25
2242,2740,36,1,46324.49,5
2243,2250,26,1,28913.12,20
2244,1953,110,2,10007.09,25
2245,1025,129,2,21055.35,0
2246,413,149,1,16332.53,10
2247,794,105,4,19585.12,25
2248,1000,20,4,29537.66,15
2249,1744,141,5,35948.15,0
2250,2120,129,4,8083.36,5
2251,560,46,4,15846.02,25
2252,200,9,5,755.76,0
2253,1582,32,3,36679.11,0
2254,2376,15,1,46912.32,10
2255,2905,60,3,42235.24,5
2256,2606,9,5,5410.26,30
2257,2357,97,4,5505.07,0
2258,516,139,3,17955.17,0
2259,2388,11,2,42997.95,0
2260,681,148,3,28257.62,0
2261,935,36,2,33985.1,25
2262,1763,10,4,26203.23,15
2263,291,52,-3,30614.11,25
2264,2187,119,3,9761.5,30
2265,806,105,2,33242.24,25
2266,739,99,4,270.52,0
2267,1266,144,1,11201.98,0
2268,1925,131,4,22481.36,25
2269,2429,35,5,1716.8,5
2270,640,136,4,1723.15,30
2271,761,61,1,21923.41,30
2272,2436,44,3,46444.33,20
2273,1907,17,2,42084.3,25
2274,2860,94,1,11482.53,15
2275,1456,114,3,40553.22,30
2276,1324,36,4,28693.58,0
2277,2133,94,1,5655.25,20
2278,1023,60,5,23024.35,10
2279,2026,10,3,43289.67,30
2280,2493,140,2,3432.16,5
2281,1326,16,2,47655.89,0
2282,2563,77,3,42712.81,30
2283,1001,77,5,13980.88,15
2284,1389,20,3,36137.24,30
2285,2614,35,4,41203.17,5
2286,1104,38,4,26290.47,20
2287,2930,131,4,36805.03,25
2288,737,56,-4,17259.9,10
2289,1819,48,4,43397.32,0
2290,635,46,5,39719.57,0
2291,2875,58,2,43358.66,20
2292,986,149,3,25114.92,10
2293,1140,17,5,44882.17,5
2294,15,14,2,10191.11,0
2295,1766,122,2,30638.04,10
2296,2374,140,4,41424.5,30
2297,1789,36,1,39698.12,0
2298,708,139,4,14644.0,5
2299,1584,13,5,8783.21,0
2300,1481,140,4,32570.79,10
2301,2722,55,4,12242.15,30
2302,172,27,4,44613.43,30
2303,966,54,4,41277.3,10
2304,2735,128,3,21683.71,5
2305,2671,57,1,35680.81,0
2306,963,97,4,7226.68,10
2307,1304,79,0,31801.27,25
2308,1550,39,2,38202.19,0
2309,2095,80,5,36569.16,20
2310,2703,16,2,14844.9,0
2311,1812,68,5,41474.1,0
2312,2946,98,2,48221.97,20
2313,2014,140,5,43688.34,5
2314,605,20,4,45563.2,10
2315,867,135,5,12749.48,0
2316,278,4,4,18774.38,0
2317,2699,7,3,42034.65,20
2318,1035,139,3,10000.06,0
2319,331,66,4,12810.61,0
2320,2263,43,3,7872.88,0
2321,2751,141,1,2425.56,15
2322,1805,101,-5,7938.24,20
2323,187,84,1,35637.15,10
2324,2459,17,2,2756.14,0
2325,690,125,3,39426.94,5
2326,2072,73,3,47442.97,5
2327,1610,91,3,13337.56,30
2328,2149,5,2,20573.8,10
2329,1178,143,4,29559.62,0
2330,84,86,1,33569.98,25
2331,1371,150,1,6306.6,5
2332,698,27,1,14482.57,25
2333,949,146,1,24247.03,10
2334,41,8,2,26417.27,30
2335,2171,102,3,10444.97,10
2336,2453,97,0,6798.27,20
2337,238,75,4,27938.53,150
2338,2117,54,5,42886.51,30
2339,2399,73,1,38697.06,0
2340,561,102,5,48714.96,15
2341,1764,108,5,2613.42,0
2342,1640,121,5,13118.16,30
2343,1386,63,4,30510.22,30
2344,2512,57,1,48904.99,5
2345,556,102,1,17319.01,0
2346,2290,120,2,4694.96,10
2347,2468,126,3,36389.32,5
2348,2680,116,4,47640.58,0
2349,1709,118,5,41152.89,20
2350,1378,148,4,19278.05,0
2351,2815,65,1,44856.0,30
2352,2988,149,1,37303.62,10
2353,2891,128,3,44525.84,0
2354,2923,42,1,39659.94,25
2355,280,109,5,25339.71,0
2356,1013,79,1,42957.63,25
2357,2925,108,4,7312.07,15
2358,2844,41,5,7221.35,0
2359,2010,144,5,18383.22,0
2360,2760,150,1,31926.89,10
2361,2850,90,5,9705.39,5
2362,1140,55,4,26504.13,15
2363,2024,6,4,31131.57,10
2364,2909,25,0,3002.54,10
2365,1821,95,4,43079.52,0
2366,1732,80,1,24339.05,20
2367,661,46,5,37470.45,10
2368,845,69,3,28807.37,0
2369,1536,30,5,20581.83,15
2370,1825,94,5,28036.6,5
2371,1984,18,1,48697.25,0
2372,2925,15,4,6062.59,15
2373,1644,1,1,35046.97,10
2374,647,90,4,14711.18,5
2375,1676,102,4,38831.73,0
2376,638,115,5,23462.22,25
2377,1335,3,4,8963.47,25
2378,2952,7,3,5079.55,20
2379,555,43,4,15634.94,0
2380,951,148,1,21079.34,25
2381,1715,14,3,44571.93,0
2382,184,53,4,45406.97,15
2383,2880,90,1,45518.8,5
2384,2874,121,2,39658.5,0
2385,2918,111,4,16182.43,0
2386,2601,46,3,5740.27,20
2387,1137,57,3,48317.56,20
2388,1911,141,1,12026.03,30
2389,1364,116,2,38799.54,25
2390,2677,144,4,18645.87,20
2391,489,8,-4,33296.43,25
2392,641,96,1,44479.71,10
2393,519,49,3,41876.69,30
2394,2687,45,3,43719.09,5
2395,103,9,4,17324.63,15
2396,2406,115,3,23757.37,30
2397,1371,56,1,40140.63,10
2398,1029,86,5,31239.4,25
2399,654,29,2,4504.52,10
2400,316,82,2,21604.95,15
2401,579,33,3,2004.35,30
2402,10,28,3,29163.8,25
2403,2288,138,3,30074.48,10
2404,1238,142,1,25790.55,25
2405,2464,64,1,954.96,30
2406,2428,4,3,25418.0,30
2407,66,50,2,17028.82,0
2408,461,13,3,11106.74,30
2409,2693,111,5,48073.45,5
2410,399,106,4,44490.93,0
2411,1191,111,4,7252.12,0
2412,2808,89,5,38877.42,0
2413,1096,131,5,45077.61,15
2414,706,100,1,12272.34,0
2415,1064,111,3,24797.04,0
2416,1601,91,4,31604.33,5
2417,2354,89,1,28511.99,20
2418,412,102,3,7251.19,15
2419,534,33,-2,49661.22,30
2420,1580,66,1,44635.39,15
2421,1488,126,3,25224.07,0
2422,2065,52,5,1855.03,5
2423,2595,72,2,26543.51,30
2424,512,45,1,19075.48,5
2425,2721,107,2,8203.47,5
2426,967,22,2,12753.13,30
2427,2488,89,3,28073.13,0
2428,550,132,1,4079.25,0
2429,2311,76,3,37457.57,10
2430,915,94,2,41955.03,10
2431,2545,19,1,11954.75,0
2432,1767,110,4,44427.36,20
2433,1053,121,4,2634.42,0
2434,252,76,1,12382.64,25
2435,711,101,1,22375.92,25
2436,1417,57,2,14160.94,0
2437,2423,58,5,18036.17,25
2438,744,117,4,16986.9,0
2439,2697,134,5,5035.39,10
2440,1770,9,2,11553.13,20
2441,2189,126,5,8858.48,0
2442,2733,74,4,34612.62,30
2443,2718,129,5,2846.09,20
2444,2959,63,5,6583.57,0
2445,1300,80,4,33274.97,25
2446,1188,106,4,39665.65,30
2447,2333,133,4,45979.43,5
2448,1334,75,3,35227.94,0
2449,2295,86,4,16642.81,0
2450,1151,118,2,6925.09,5
2451,2390,98,3,47185.57,25
2452,2336,22,4,40514.03,0
2453,2254,32,1,12813.35,30
2454,2736,107,5,4336.04,25
2455,1394,28,3,38069.61,20
2456,2591,4,-5,31576.57,15
2457,1982,47,3,42897.51,10
2458,2952,101,4,30976.88,30
2459,184,89,1,7806.66,15
2460,2673,56,3,16410.95,20
2461,2767,115,4,45164.87,0
2462,1372,137,4,3526.47,10
2463,2418,113,0,45627.45,0
2464,2809,47,-5,4312.69,0
2465,1083,101,4,30232.17,25
2466,1119,122,2,37511.51,25
2467,698,75,2,32838.86,5
2468,207,56,2,46515.25,15
2469,1485,84,5,19018.92,5
2470,44,122,5,33076.26,0
2471,918,77,4,36314.81,0
2472,1552,23,3,30394.33,20
2473,969,28,5,45830.6,15
2474,1222,66,2,29174.27,0
2475,1380,101,4,32614.68,5
2476,2913,31,1,12985.89,25
2477,2918,15,3,4565.78,15
2478,801,122,2,8046.57,0
2479,2440,82,5,23067.5,0
2480,1222,133,5,23736.46,0
2481,2479,99,5,16316.62,30
2482,1959,3,1,10883.7,0
2483,528,101,5,13127.91,0
2484,1023,112,5,18017.32,25
2485,555,18,5,32325.07,0
2486,1447,106,1,45364.3,15
2487,642,40,2,6525.82,30
2488,2009,7,4,7610.5,0
2489,2923,46,5,17872.88,0
2490,1798,135,5,44693.95,15
2491,2452,105,3,26336.09,10
2492,2044,69,4,1739.73,0
2493,1006,27,1,27553.87,15
2494,202,135,5,15838.8,10
2495,1437,7,3,16037.02,0
2496,2303,143,4,48311.65,10
2497,326,55,4,27425.26,20
2498,1574,76,4,11001.94,10
2499,1814,71,5,47636.01,0
2500,2837,111,2,3759.51,0
2501,1987,75,2,12281.44,15
2502,675,30,5,31688.08,10
2503,1707,7,5,28205.45,0
2504,1105,91,5,48513.56,20
2505,2182,82,5,21982.23,10
2506,2952,60,4,22088.96,30
2507,2147,116,3,34014.54,15
2508,1003,29,5,13234.11,20
2509,1783,63,5,12586.17,25
2510,971,113,2,13744.54,25
2511,1571,19,5,28161.13,30
2512,1530,127,5,48671.81,0
2513,2436,11,1,664.15,10
2514,465,113,2,14254.9,15
2515,276,147,2,14557.97,0
2516,1923,27,2,46889.94,0
2517,1665,87,2,9777.72,15
2518,1935,81,5,19827.77,0
2519,2992,31,0,24529.83,25
2520,1333,121,5,38924.46,25
2521,1905,109,2,22810.04,30
2522,1792,99,-4,28490.67,25
2523,1335,86,1,34321.59,10
2524,1491,12,4,7896.05,0
2525,71,114,5,47481.14,20
2526,1838,133,2,834.2,10
2527,1439,109,4,16008.41,30
2528,2970,114,2,27703.11,30
2529,141,130,5,35606.41,5
2530,10,94,2,31351.46,0
2531,889,95,1,48688.59,15
2532,778,12,4,3288.05,0
2533,1301,100,5,1453.28,0
2534,2133,86,2,27859.46,0
2535,2970,147,2,5216.08,150
2536,2821,50,5,18630.35,5
2537,2291,67,5,38929.27,30
2538,1735,114,2,16831.81,20
2539,1635,122,4,28227.89,25
2540,1340,75,1,37265.25,25
2541,2700,34,3,8982.83,30
2542,2057,141,-1,16041.83,15
2543,620,55,3,18021.46,25
2544,191,135,1,869.99,10
2545,243,120,3,18979.81,30
2546,1754,30,1,19151.21,20
2547,2654,73,1,32737.52,0
2548,1278,86,5,27708.85,0
2549,1957,6,4,34104.46,20
2550,1261,62,3,34815.79,30
2551,2777,58,4,14679.42,0
2552,1247,93,3,4909.07,0
2553,905,61,3,14874.51,0
2554,2650,105,4,1809.14,0
2555,1065,92,2,27461.21,10
2556,2967,141,5,31616.72,15
2557,42,148,4,28253.21,30
2558,864,19,4,25079.2,0
2559,1665,137,5,11529.65,30
2560,2469,28,2,5102.34,10
2561,1675,99,2,7781.64,15
2562,443,33,4,19763.37,0
2563,2393,91,4,47093.82,25
2564,153,143,1,30863.92,25
2565,949,57,1,4747.68,20
2566,1138,45,4,13289.53,10
2567,1710,86,1,5284.2,0
2568,1163,89,5,45151.16,20
2569,1171,95,3,28689.17,0
2570,2992,119,5,24281.06,20
2571,2470,49,5,29731.76,15
2572,1280,45,0,40092.3,10
2573,496,80,4,13549.52,0
2574,508,49,3,17693.43,20
2575,809,37,4,10430.7,10
2576,2818,93,3,33367.31,10
2577,2575,93,2,18421.16,30
2578,253,131,3,8637.56,0
2579,1929,19,2,1679.32,0
2580,868,126,5,12449.12,20
2581,1849,64,2,22468.82,20
2582,1780,86,5,29052.67,10
2583,2202,115,4,7594.88,10
2584,2501,50,1,31878.45,25
2585,2981,104,4,30196.74,0
2586,1354,59,4,32326.04,5
2587,131,49,1,35576.49,5
2588,1982,116,-5,2109.48,5
2589,2188,57,2,39784.67,0
2590,432,102,4,7918.1,20
2591,239,31,5,34671.51,15
2592,295,29,3,44710.0,25
2593,387,93,4,43019.74,0
2594,1547,110,1,11822.24,20
2595,1187,102,1,49443.57,0
2596,1274,127,5,46658.35,15
2597,2254,38,4,39614.12,5
2598,1704,33,1,3915.46,25
2599,2384,128,1,44219.53,0
2600,2506,123,3,26572.19,20
2601,204,137,2,19597.1,0
2602,172,114,2,26296.45,25
2603,1150,51,-5,30158.46,0
2604,214,88,4,24144.67,0
2605,1166,127,3,32681.18,30
2606,2170,44,1,26670.82,15
2607,626,54,2,33966.13,15
2608,460,76,5,27555.84,10
2609,1507,75,2,20120.83,10
2610,1099,117,5,31477.25,0
2611,1105,110,2,41800.05,5
2612,1436,93,3,45909.78,30
2613,2019,93,-1,37396.47,0
2614,223,49,1,31525.96,0
2615,1486,129,1,5544.06,15
2616,2379,108,-3,15653.5,0
2617,2532,52,2,46800.46,0
2618,1570,14,5,37174.9,0
2619,1633,59,2,2671.62,30
2620,780,27,1,22471.46,10
2621,1025,12,3,31860.14,15
2622,302,3,1,16669.1,25
2623,954,92,2,18271.84,15
2624,1771,62,3,32625.4,0
2625,761,135,4,19872.78,15
2626,89,44,3,18348.31,25
2627,1178,21,3,4318.23,15
2628,527,127,5,24685.41,15
2629,500,81,5,31241.1,30
2630,2926,30,4,12501.26,25
2631,1300,30,1,13191.56,0
2632,2052,80,3,22008.04,0
2633,836,114,1,42085.7,10
2634,3,105,4,47199.36,0
2635,1949,2,2,32493.98,0
2636,1652,23,-4,32530.05,0
2637,2753,33,4,4569.19,30
2638,2663,23,4,48242.25,25
2639,1465,109,-3,3238.06,15
2640,532,103,1,27670.12,0
2641,308,32,4,38126.97,0
2642,2707,18,1,15889.33,10
2643,1788,37,3,6390.13,0
2644,1204,33,1,25585.11,20
2645,2124,90,1,7482.96,10
2646,1731,101,3,24787.57,20
2647,772,60,1,13553.31,15
2648,139,83,3,10699.08,0
2649,2630,75,4,31655.19,0
2650,2226,12,4,34240.8,15
2651,1540,14,1,11409.72,0
2652,2849,83,3,41898.8,5
2653,2876,58,3,42834.78,25
2654,2470,123,1,38599.67,0
2655,1487,62,1,24210.18,15
2656,17,145,2,37394.32,30
2657,1630,143,5,941.58,15
2658,88,84,3,46088.95,0
2659,2174,69,4,25291.06,20
2660,2484,45,3,4787.72,15
2661,145,98,2,44602.38,0
2662,2183,14,4,38118.81,0
2663,483,118,5,27742.78,0
2664,334,48,3,17343.5,5
2665,1410,110,1,34980.23,10
2666,1144,45,4,7241.5,15
2667,953,126,3,33827.89,10
2668,49,65,2,44824.33,10
2669,2661,131,4,14410.05,15
2670,2714,85,5,39689.72,5
2671,2626,1,5,36972.6,30
2672,2490,58,4,24453.74,25
2673,1859,39,2,21142.66,0
2674,609,22,2,44412.91,0
2675,850,13,-1,18679.14,0
2676,1066,104,5,38821.01,10
2677,425,44,2,9108.93,0
2678,2285,124,2,35208.41,25
2679,2948,148,3,5286.1,25
2680,2158,91,5,10294.84,0
2681,458,109,5,2751.53,0
2682,2442,54,4,11632.66,25
2683,1236,70,5,40213.91,30
2684,1820,72,4,27209.3,0
2685,856,115,1,19814.64,10
2686,1283,79,1,49185.75,0
2687,953,92,3,6551.92,5
2688,2261,26,1,27792.53,0
2689,952,133,3,36471.54,30
2690,1972,142,2,36829.24,5
2691,1521,110,3,40352.69,5
2692,137,115,1,44590.5,0
2693,2714,103,2,5038.47,0
2694,2855,24,1,16881.12,5
2695,1004,126,2,12818.9,0
2696,2019,20,-4,24307.99,5
2697,400,138,5,777.66,15
2698,185,123,2,41414.87,25
2699,1223,33,3,23935.18,0
2700,1316,16,4,28797.89,0
2701,897,99,4,1260.22,25
2702,2983,9,5,33088.57,0
2703,1286,83,1,28440.09,20
2704,1078,72,3,22362.58,30
2705,2987,115,3,48488.16,10
2706,2605,93,1,46165.88,15
2707,1150,3,5,36480.79,25
2708,2464,63,1,11242.63,10
2709,322,78,1,2655.55,25
2710,296,66,3,25981.4,0
2711,56,11,3,20646.57,15
2712,1893,99,5,48390.09,25
2713,1480,105,1,29069.06,0
2714,1624,109,2,4203.62,5
2715,2854,121,5,49387.63,0
2716,438,99,3,3040.92,0
2717,1352,6,3,1125.64,0
2718,1052,19,4,40207.46,20
2719,416,11,2,12412.87,25
2720,238,42,3,20694.08,10
2721,1139,98,5,47420.28,30
2722,738,65,3,11435.12,30
2723,276,23,2,13629.22,10
2724,2918,41,5,48957.69,0
2725,1091,77,5,15322.18,0
2726,1268,99,3,12790.68,20
2727,2376,40,3,25181.72,30
2728,1953,63,4,40286.95,20
2729,2344,121,2,12449.16,0
2730,2306,26,5,42341.69,25
2731,1783,118,4,37689.8,0
2732,2464,49,3,6352.67,5
2733,1783,149,4,26570.82,15
2734,1833,82,5,42293.47,20
2735,871,107,4,13909.76,25
2736,1972,29,3,42301.22,25
2737,227,35,3,34875.74,15
2738,1156,66,5,39222.73,30
2739,1327,34,3,24556.04,10
2740,2252,69,3,33471.74,25
2741,2758,105,2,13610.78,0
2742,1368,7,5,39028.33,25
2743,1926,34,5,7188.37,20
2744,2754,130,5,27788.36,10
2745,646,110,-4,21212.27,30
2746,2606,48,4,13246.93,0
2747,2458,74,2,48027.25,20
2748,1771,91,2,23378.37,30
2749,1140,126,1,49749.04,0
2750,2787,110,5,34345.36,0
2751,721,89,1,17466.72,25
2752,1968,131,2,2351.75,30
2753,884,79,-5,38550.83,10
2754,1771,147,2,14106.26,30
2755,2854,98,5,30677.98,0
2756,715,147,3,12401.5,0
2757,2267,119,5,45746.4,15
2758,337,38,1,28165.98,0
2759,2469,99,4,12727.71,5
2760,1189,49,5,17894.48,10
2761,2171,129,3,23993.08,10
2762,2581,84,1,49057.49,0
2763,1946,35,1,40710.36,20
2764,191,85,3,30888.59,0
2765,2682,79,5,19759.02,30
2766,2898,125,5,43990.36,30
2767,1100,21,2,22150.04,30
2768,1054,128,5,2647.86,0
2769,2888,43,5,39729.15,15
2770,1154,26,3,25713.94,0
2771,83,68,1,40293.39,0
2772,1147,64,2,9042.62,15
2773,409,75,5,15926.62,0
2774,1516,54,1,5734.43,15
2775,1513,102,4,4626.85,5
2776,2845,12,1,13797.84,5
2777,1848,93,4,49946.35,0
2778,425,114,2,29798.46,0
2779,24,26,3,3883.62,30
2780,648,41,0,3913.41,30
2781,1106,110,4,15688.96,0
2782,1110,64,3,13873.51,25
2783,2282,8,1,4191.13,15
2784,287,29,5,45570.05,20
2785,619,124,4,44439.76,10
2786,2026,125,5,16400.36,30
2787,1362,97,2,41877.76,0
2788,1642,67,1,33163.09,30
2789,450,126,3,36949.57,0
2790,2044,28,1,39447.39,20
2791,2279,6,1,43147.32,15
2792,173,143,2,19101.75,15
2793,1076,70,3,49178.11,0
2794,1068,38,4,26525.24,0
2795,179,17,3,33470.63,20
2796,725,106,5,49697.9,0
2797,1044,17,4,5864.08,0
2798,23,114,4,32686.39,0
2799,319,68,2,7750.37,5
2800,2665,120,4,2416.21,10
2801,1881,22,3,21649.36,0
2802,1873,90,1,348.03,25
2803,2268,65,2,18161.35,20
2804,2561,110,4,21422.09,0
2805,2475,41,2,29330.42,0
2806,44,39,1,8876.45,15
2807,2191,57,2,45584.01,10
2808,223,135,5,2294.7,10
2809,2819,120,4,49448.7,30
2810,723,43,3,3088.37,5
2811,60,144,5,41198.94,0
2812,1653,44,1,12085.84,0
2813,1523,87,5,5325.16,0
2814,1552,20,4,28648.4,15
2815,1625,50,4,39038.39,5
2816,1539,132,4,3077.63,0
2817,1131,93,1,45689.71,20
2818,76,113,5,10255.0,30
2819,397,138,2,5907.31,0
2820,2621,2,4,25787.94,5
2821,2309,60,1,3145.78,15
2822,2927,107,1,42636.85,25
2823,1573,71,5,23542.01,0
2824,1915,14,3,2931.37,25
2825,2002,136,-5,21301.37,15
2826,771,2,1,2544.17,0
2827,2235,84,4,45150.02,30
2828,2220,73,2,8037.68,0
2829,11,114,2,706.73,0
2830,1478,19,3,5897.46,15
2831,1918,21,1,23725.47,15
2832,1481,32,2,34596.79,30
2833,360,132,1,14510.19,0
2834,2922,1,4,48877.87,15
2835,1753,149,5,40120.8,0
2836,2868,38,4,29216.59,25
2837,1907,52,1,18513.15,5
2838,1538,14,3,2316.08,0
2839,505,53,4,30801.72,0
2840,2193,18,5,28951.19,5
2841,851,110,3,32906.48,15
2842,2442,72,3,5911.17,0
2843,2391,82,1,11673.89,0
2844,2529,141,5,11451.84,0
2845,33,72,2,40656.18,30
2846,981,27,5,16253.57,0
2847,1059,2,1,41760.34,20
2848,1757,132,3,32633.24,20
2849,657,119,3,20952.32,20
2850,2063,8,3,9716.92,0
2851,2154,38,2,28233.8,0
2852,2379,139,2,31563.69,25
2853,2145,102,2,33028.41,20
2854,1654,118,5,25299.05,0
2855,2231,147,-4,44216.53,20
2856,2066,135,1,29420.27,10
2857,670,95,2,16160.14,0
2858,308,116,5,5088.11,25
2859,1814,3,2,26582.07,10
2860,18,140,3,45421.02,25
2861,183,70,5,45008.54,15
2862,2835,118,2,10866.74,30
2863,1730,109,4,32016.44,25
2864,1244,57,1,480.28,5
2865,709,86,2,36760.89,30
2866,95,74,1,24356.23,0
2867,1801,52,1,48524.56,25
2868,1589,36,3,48275.62,10
2869,456,128,5,40369.65,15
2870,2526,123,4,15479.95,0
2871,1805,134,3,44849.12,0
2872,1840,76,4,30014.94,25
2873,1297,110,3,17212.96,10
2874,1369,144,4,8973.85,0
2875,664,35,4,21701.07,0
2876,1065,27,2,46211.57,5
2877,2749,138,5,6791.18,5
2878,2730,135,4,44064.58,20
2879,1726,48,5,4389.49,5
2880,1528,128,3,45700.09,5
2881,325,79,5,11629.13,15
2882,1634,9,1,21426.42,10
2883,2608,10,5,30263.18,0
2884,343,2,1,17813.12,15
2885,1274,64,1,25970.42,10
2886,534,126,3,7855.73,0
2887,1290,47,2,28552.02,25
2888,809,15,4,5494.9,20
2889,1638,146,1,31378.55,20
2890,270,31,4,12678.73,0
2891,92,105,3,49697.7,10
2892,2357,79,4,33701.52,15
2893,1311,50,3,42496.14,0
2894,1685,4,2,43866.97,5
2895,2251,138,4,45018.08,25
2896,2310,48,1,17246.04,15
2897,2169,43,2,19998.34,10
2898,84,64,2,35260.13,10
2899,1177,59,2,29677.51,10
2900,1871,135,4,34676.76,10
2901,221,76,4,31832.7,20
2902,2541,124,2,40283.25,5
2903,1212,27,5,31409.56,0
2904,2444,147,4,8728.38,30
2905,2335,64,1,6099.04,30
2906,1457,130,3,38752.1,0
2907,2426,19,1,28209.5,0
2908,2166,67,2,44617.28,15
2909,2666,38,2,13797.88,25
2910,2106,6,4,47002.48,5
2911,2500,75,2,37488.43,10
2912,2537,6,4,41645.72,0
2913,301,26,1,7651.82,30
2914,1049,68,4,10909.6,25
2915,1867,14,4,22225.23,15
2916,2956,6,4,10904.78,25
2917,1046,52,2,215.67,25
2918,216,66,4,49937.39,5
2919,2119,128,4,48527.64,5
2920,2547,112,2,40547.49,10
2921,1097,28,5,25371.74,15
2922,2942,146,2,7383.03,0
2923,1442,27,3,8339.05,10
2924,2226,127,1,11232.86,5
2925,2653,115,5,39659.29,5
2926,2028,85,4,21179.91,0
2927,1555,93,1,40098.47,0
2928,2165,109,3,17870.96,30
2929,1901,15,1,47117.76,5
2930,2670,14,4,189.68,5
2931,1570,54,2,28798.51,0
2932,2040,74,4,45545.86,25
2933,364,20,3,39670.76,30
2934,2689,7,4,36658.5,10
2935,1228,65,5,5796.34,20
2936,1293,148,4,10165.27,10
2937,2354,37,4,42197.63,25
2938,937,106,5,2986.67,0
2939,640,90,1,1574.37,5
2940,2177,112,4,17788.66,0
2941,1529,107,4,20438.69,20
2942,2812,97,1,2776.88,10
2943,7,21,1,18633.37,25
2944,1246,119,3,38499.26,20
2945,1876,50,2,48708.87,0
2946,1383,1,4,39624.04,0
2947,224,77,4,15565.4,25
2948,1713,26,4,42495.73,25
2949,52,83,2,8287.53,0
2950,2906,136,1,7489.2,5
2951,2358,97,1,5622.08,0
2952,499,102,5,43509.67,0
2953,241,69,1,28727.29,25
2954,1765,52,1,20649.81,0
2955,2548,100,1,21038.55,0
2956,613,131,-2,24529.89,30
2957,1922,116,5,7698.88,5
2958,2547,104,5,21568.72,0
2959,1039,129,2,43641.81,0
2960,1804,17,3,29540.96,15
2961,797,56,4,32910.49,0
2962,1565,115,5,26808.29,30
2963,1204,104,3,41634.43,0
2964,1841,21,4,13963.82,0
2965,888,28,3,11828.7,30
2966,913,31,5,36369.93,5
2967,2377,6,1,2455.54,20
2968,1153,68,1,27339.23,15
2969,913,66,2,4701.51,0
2970,2809,42,4,2764.64,30
2971,1745,13,4,44632.33,10
2972,331,110,4,5186.18,25
2973,2496,72,2,43278.28,0
2974,123,88,5,7721.17,0
2975,2653,123,4,35126.42,25
2976,28,9,2,3271.78,30
2977,379,115,3,8944.76,0
2978,2502,78,4,5072.0,10
2979,1419,130,2,29974.23,0
2980,559,104,2,41761.28,0
2981,1992,122,1,42524.18,0
2982,706,61,5,18568.01,5
2983,1049,138,2,258.97,0
2984,1389,123,4,33626.41,15
2985,421,54,5,49134.41,5
2986,839,121,-3,30509.19,5
2987,1310,43,3,11057.24,10
2988,2862,38,1,39894.15,25
2989,1772,84,4,9904.05,5
2990,51,108,3,16337.22,30
2991,1249,133,2,23819.0,30
2992,1553,48,3,37437.47,5
2993,1851,6,4,32007.74,30
2994,2966,56,-4,17635.41,0
2995,557,108,2,33236.43,20
2996,1529,6,1,6827.16,25
2997,881,77,1,46863.7,25
2998,1383,98,5,10616.62,25
2999,1801,138,-4,40449.0,15
3000,755,139,5,39914.81,0
3001,914,100,3,42259.64,25
3002,1594,70,3,16418.21,20
3003,693,40,1,10315.36,10
3004,1051,69,2,19362.87,5
3005,1834,20,5,2266.01,20
3006,2672,52,5,1895.08,20
3007,2168,52,5,3576.63,0
3008,2115,97,1,25367.05,25
3009,434,15,2,672.72,20
3010,2668,107,2,29084.46,10
3011,878,82,2,29142.59,0
3012,2247,132,5,26287.98,0
3013,15,118,1,45708.64,5
3014,106,63,4,16718.01,30
3015,1173,67,3,6759.82,0
3016,712,111,4,10660.07,30
3017,917,19,5,2788.34,10
3018,1217,62,1,28521.23,25
3019,1540,132,3,27829.16,0
3020,2153,121,3,35684.37,5
3021,654,99,3,19413.05,5
3022,2811,55,1,5710.67,0
3023,2881,63,2,27244.97,0
3024,2184,82,5,10971.32,10
3025,1410,34,4,27684.07,0
3026,1410,58,1,44948.52,0
3027,2699,47,3,31879.79,0
3028,2672,5,1,1647.85,0
3029,2674,144,1,3783.73,10
3030,1588,22,2,23297.95,0
3031,642,10,3,28591.87,30
3032,839,90,2,1409.76,20
3033,1726,34,3,42161.99,10
3034,490,125,2,33293.84,15
3035,907,33,1,2802.75,0
3036,1,123,3,16931.49,20
3037,979,61,5,11303.12,30
3038,1483,124,3,29422.79,30
3039,48,8,5,34099.15,25
3040,379,80,4,13436.1,15
3041,73,58,5,49270.34,15
3042,2767,75,4,8108.76,0
3043,2645,6,0,18796.35,15
3044,2140,141,-5,42161.56,0
3045,1430,9,4,49157.08,0
3046,1891,122,3,4752.48,20
3047,2712,38,5,9854.14,20
3048,2204,143,4,7152.03,0
3049,2277,125,1,19203.51,15
3050,1999,97,3,7175.68,25
3051,2385,113,3,14864.83,15
3052,2294,14,1,972.3,20
3053,1434,79,4,45568.0,10
3054,1840,36,5,4687.16,0
3055,654,67,3,13242.61,20
3056,1811,11,2,22012.53,0
3057,1753,4,2,16183.86,5
3058,329,49,3,9364.44,0
3059,2360,89,3,13331.88,0
3060,1014,115,5,13444.69,0
3061,1826,49,5,30568.48,20
3062,424,7,5,32603.59,15
3063,447,35,1,14280.34,10
3064,1965,97,3,19151.6,15
3065,2274,67,3,32456.12,10
3066,2350,149,5,829.9,0
3067,491,3,2,38247.26,0
3068,2166,40,3,12343.44,30
3069,1382,145,1,43061.94,30
3070,1430,48,5,38579.96,0
3071,1388,50,1,44483.5,30
3072,218,59,5,5274.94,20
3073,1901,103,5,3305.09,0
3074,1346,4,4,1798.44,15
3075,1202,79,3,42490.62,0
3076,1013,131,4,27637.61,10
3077,2834,82,3,15757.47,25
3078,2307,97,2,35814.03,5
3079,1084,59,4,43093.05,0
3080,166,84,4,40297.5,0
3081,1088,17,2,22444.14,30
3082,945,39,5,40542.45,30
3083,2594,111,1,31382.0,0
3084,31,41,3,37480.17,25
3085,2710,56,4,10931.85,0
3086,1077,50,3,33714.55,0
3087,2301,37,4,49940.42,25
3088,699,7,4,24099.72,5
3089,1279,31,3,17482.02,20
3090,1852,50,1,25617.2,15
3091,1657,104,2,739.02,30
3092,1100,58,5,27373.04,15
3093,427,104,3,26499.28,0
3094,1084,18,5,47496.15,0
3095,1648,48,5,3326.82,5
3096,1547,9,5,21724.82,5
3097,2311,50,1,45549.4,0
3098,826,134,1,11498.98,30
3099,942,71,5,14347.11,20
3100,758,123,2,27771.41,0
3101,958,122,2,24394.74,30
3102,308,94,3,9310.89,30
3103,140,45,1,20434.05,5
3104,1274,19,4,716.3,30
3105,2449,4,4,34301.19,30
3106,16,87,1,24064.57,0
3107,2092,63,4,32423.56,15
3108,2324,58,1,48278.81,0
3109,2648,133,1,12533.88,15
3110,1728,133,2,8758.01,25
3111,1231,131,4,17065.99,0
3112,213,100,4,28821.38,20
3113,347,71,1,49766.66,10
3114,431,41,1,21020.43,10
3115,1260,129,3,22461.26,30
3116,288,123,2,22632.5,20
3117,1704,49,5,32049.07,5
3118,2331,150,1,14624.29,20
3119,1029,57,4,33789.03,25
3120,1522,107,1,17709.6,15
3121,1973,127,5,30488.74,15
3122,1696,19,5,25677.32,5
3123,1279,139,5,30992.44,20
3124,535,69,3,41638.58,20
3125,255,40,1,8694.26,15
3126,2408,143,5,37963.25,0
3127,1795,106,2,177.57,30
3128,2975,8,3,31275.55,20
3129,2249,3,5,42936.24,0
3130,417,119,1,37327.28,5
3131,847,21,2,8365.08,25
3132,2409,75,2,44373.18,20
3133,1493,94,3,10648.81,0
3134,45,127,1,43578.86,15
3135,1962,54,5,41913.5,0
3136,1658,2,1,41411.0,20
3137,2761,18,3,18954.4,0
3138,674,76,3,23177.98,0
3139,1202,55,2,40853.17,25
3140,1362,93,3,27851.89,10
3141,740,107,1,26268.3,0
3142,1271,112,5,27359.41,0
3143,1312,133,5,31989.27,5
3144,914,79,5,6948.77,20
3145,2310,62,4,7950.37,5
3146,2461,75,3,34341.04,0
3147,1126,83,3,29848.53,0
3148,1404,103,4,27872.92,0
3149,236,98,2,43182.74,5
3150,302,95,1,4997.23,20
3151,1980,98,4,32838.57,5
3152,2948,34,3,10945.18,0
3153,1932,81,3,5957.59,0
3154,2478,79,3,8203.69,10
3155,834,144,5,22371.25,10
3156,965,100,4,26069.28,30
3157,2389,101,5,23972.52,20
3158,323,77,1,29225.07,10
3159,2814,73,3,22929.17,25
3160,1230,70,3,20627.64,0
3161,1035,118,2,2787.91,15
3162,2514,63,5,39902.45,5
3163,690,144,1,47484.55,0
3164,77,144,3,71.2,25
3165,436,49,5,41910.04,0
3166,1613,116,5,23933.28,10
3167,1616,63,1,24145.26,30
3168,1665,105,4,20587.56,20
3169,928,144,4,12127.42,5
3170,1680,34,3,21097.88,0
3171,1649,102,3,24351.23,0
3172,922,101,3,12459.78,10
3173,2662,87,3,23280.62,0
3174,2216,9,1,30806.36,10
3175,670,137,1,29481.6,0
3176,1579,83,1,26255.59,20
3177,158,21,5,4519.23,15
3178,1231,4,3,15697.37,25
3179,2825,69,2,48804.19,0
3180,715,123,4,42104.08,5
3181,927,62,3,15570.11,0
3182,2259,69,3,48159.63,0
3183,2939,45,5,38577.93,0
3184,1153,17,1,3196.65,25
3185,2738,47,4,12818.81,20
3186,1483,73,4,32971.55,0
3187,2219,72,4,13052.44,0
3188,2466,132,5,44914.27,0
3189,2784,54,3,40774.48,10
3190,1405,111,2,43181.77,0
3191,2094,22,2,14222.09,25
3192,299,63,3,13696.79,0
3193,1300,5,3,48438.36,10
3194,1417,81,3,6600.44,20
3195,2712,111,1,36114.84,25
3196,1801,40,0,5985.73,30
3197,1268,59,5,41704.58,0
3198,2818,83,3,49491.67,5
3199,1454,13,4,44031.77,15
3200,2384,7,1,36570.22,5
3201,2551,41,4,34083.76,15
3202,2969,98,2,24916.39,20
3203,1813,140,2,29735.2,10
3204,121,149,3,25447.73,25
3205,2174,48,5,42331.77,15
3206,2974,131,2,655.25,0
3207,2304,111,3,38355.44,30
3208,2602,5,4,21006.77,15
3209,1545,120,1,22403.08,30
3210,2080,115,3,2720.06,30
3211,2722,34,1,33167.4,0
3212,1640,150,1,10447.45,0
3213,1064,137,3,30713.18,0
3214,2577,66,-3,31790.77,25
3215,2218,1,1,9833.12,20
3216,737,19,4,46394.19,20
3217,2616,101,4,3360.76,0
3218,2348,57,3,18365.12,0
3219,436,50,1,19343.5,30
3220,372,85,2,3017.78,25
3221,1570,97,3,18920.54,10
3222,2718,61,1,6578.64,10
3223,1033,72,4,39546.85,0
3224,2638,61,4,44283.01,0
3225,501,140,1,40325.64,0
3226,1054,121,5,36013.7,0
3227,1869,16,3,31904.0,20
3228,2210,95,4,1113.35,5
3229,922,103,4,29474.06,10
3230,2471,22,1,35820.63,5
3231,1979,136,3,15758.7,5
3232,2204,2,3,13264.98,5
3233,2507,140,-2,1662.26,0
3234,1920,90,3,40631.33,20
3235,2914,23,4,4079.39,25
3236,578,52,1,25372.51,0
3237,718,100,2,27226.93,0
3238,1058,142,1,35688.39,0
3239,1505,129,1,11621.69,20
3240,2792,119,4,22288.85,20
3241,4,145,5,42559.13,25
3242,1757,60,3,46608.93,25
3243,2677,116,1,378.18,20
3244,2155,111,3,15391.47,10
3245,964,90,5,28485.12,5
3246,1196,48,3,46272.91,30
3247,2334,126,4,41489.9,15
3248,2567,99,1,33420.19,5
3249,124,26,3,30770.98,0
3250,2647,20,3,31068.2,20
3251,2586,57,2,24408.82,25
3252,2940,108,1,48226.83,15
3253,2577,59,2,14596.0,20
3254,2800,149,1,38208.96,0
3255,2850,105,4,45433.37,0
3256,2359,137,1,26122.67,10
3257,1123,146,2,26396.06,30
3258,2522,64,3,35079.03,0
3259,1900,100,2,37272.21,5
3260,1668,74,4,10091.88,20
3261,2988,78,5,47496.02,0
3262,1375,27,4,29482.15,30
3263,1085,135,2,45293.67,5
3264,767,87,5,47552.13,30
3265,1612,104,2,5259.08,25
3266,1034,67,4,42496.56,0
3267,2503,103,5,5785.46,0
3268,1519,19,4,32869.67,30
3269,1068,117,1,404.9,0
3270,1801,67,3,24260.57,20
3271,1883,133,3,12523.77,0
3272,191,127,5,30352.05,30
3273,523,66,3,40183.52,30
3274,1585,4,2,15495.36,25
3275,1446,80,4,5204.92,0
3276,409,75,4,33039.79,0
3277,2364,130,2,12557.52,30
3278,2909,3,1,6816.36,25
3279,2857,27,3,16938.06,0
3280,394,116,3,47194.16,0
3281,9,50,1,37846.43,0
3282,2602,12,4,30905.08,20
3283,1211,9,2,21068.06,15
3284,1704,82,5,762.06,0
3285,1577,82,4,49378.01,30
3286,2375,140,1,26307.75,30
3287,29,64,-1,22830.43,0
3288,1628,135,4,32799.57,0
3289,781,3,4,27142.55,20
3290,697,43,2,18954.16,20
3291,1501,69,1,3434.7,30
3292,11,33,4,8374.83,10
3293,634,144,4,42606.1,10
3294,2882,100,2,31857.9,30
3295,2683,69,5,2698.17,0
3296,941,62,3,17454.47,0
3297,2661,57,3,25806.22,0
3298,335,7,3,24438.07,5
3299,2607,39,5,29280.07,0
3300,2771,77,1,31379.5,0
3301,767,119,5,34127.35,0
3302,1079,139,1,30817.99,0
3303,663,132,3,26824.9,25
3304,1055,11,1,9233.26,30
3305,1420,139,1,9310.69,0
3306,2284,6,3,28513.76,25
3307,862,83,4,45386.26,0
3308,2857,96,4,27384.66,20
3309,2986,4,1,28128.19,0
3310,1558,40,3,32293.8,10
3311,2779,10,1,5848.66,0
3312,2666,115,2,21277.24,15
3313,1938,125,2,24245.67,25
3314,223,137,2,26853.04,0
3315,388,15,1,12529.8,25
3316,2765,21,-5,38755.66,0
3317,643,50,1,23862.81,15
3318,880,111,5,46541.54,25
3319,1841,93,3,20710.39,15
3320,2215,93,1,19256.53,30
3321,688,103,3,5622.76,0
3322,720,88,3,17061.57,5
3323,1822,131,3,31352.53,30
3324,1865,2,3,15602.84,0
3325,1580,55,2,45480.17,0
3326,2141,27,5,26764.11,25
3327,1491,90,3,28764.58,0
3328,1009,39,3,23040.22,25
3329,332,134,1,18902.54,25
3330,794,98,1,48605.98,30
3331,636,113,1,20810.51,10
3332,2476,53,3,47427.3,30
3333,2930,130,4,4579.54,30
3334,1882,99,3,33711.02,30
3335,333,107,3,34727.83,0
3336,114,83,2,21025.06,15
3337,2008,77,1,39999.95,10
3338,2545,95,5,21201.78,15
3339,386,44,4,24825.09,5
3340,859,28,5,29096.98,10
3341,967,67,3,8863.23,15
3342,229,47,3,3924.16,0
3343,734,120,3,45524.52,10
3344,2107,106,2,7735.24,0
3345,2597,9,2,48116.44,0
3346,1985,100,2,10421.0,150
3347,853,63,3,20202.9,0
3348,2242,127,1,4777.16,0
3349,2621,59,3,6578.79,5
3350,2079,94,1,32972.44,30
3351,1592,14,2,16723.39,25
3352,691,66,1,46643.54,5
3353,1662,20,1,263.18,15
3354,2476,35,4,9856.24,0
3355,147,96,4,49632.36,5
3356,1500,92,4,27763.0,30
3357,2280,67,2,14889.55,20
3358,174,12,3,47952.35,5
3359,14,118,5,20332.5,150
3360,42,78,3,1360.0,25
3361,64,86,4,39099.37,30
3362,2507,10,4,43382.46,25
3363,2916,35,2,2154.44,5
3364,1636,62,1,41339.47,25
3365,413,64,4,3972.77,0
3366,2944,38,1,19924.88,0
3367,886,41,5,48594.02,0
3368,2932,34,3,7324.85,0
3369,983,6,2,35137.82,0
3370,782,34,4,27251.43,0
3371,966,86,1,28380.36,5
3372,663,83,4,49871.2,0
3373,2853,133,3,18823.74,0
3374,2202,117,4,18829.4,10
3375,776,1,4,12336.89,5
3376,528,125,2,16751.22,25
3377,672,108,1,39046.91,20
3378,597,75,3,28630.84,25
3379,801,140,2,25147.39,0
3380,681,41,2,26527.43,5
3381,2953,22,2,8871.26,0
3382,2464,8,4,38581.98,10
3383,174,25,3,16952.77,0
3384,635,65,3,26143.98,5
3385,929,90,1,34722.18,5
3386,1881,72,1,17133.2,5
3387,2140,115,5,39398.8,0
3388,2497,6,3,31968.44,10
3389,1976,93,5,49565.41,15
3390,1954,34,2,9594.86,0
3391,2292,108,1,15209.86,10
3392,1870,73,4,8450.97,0
3393,1023,94,4,31919.35,20
3394,2723,36,4,33046.4,0
3395,534,95,3,5573.02,0
3396,1508,91,4,3631.76,20
3397,1826,108,-5,28501.74,10
3398,1283,146,4,10058.93,10
3399,1184,84,2,21537.26,10
3400,922,36,4,11071.76,0
3401,851,123,1,35577.45,5
3402,177,17,3,26698.15,0
3403,1496,62,1,49570.27,0
3404,1646,71,5,23203.94,20
3405,2565,98,3,31381.4,5
3406,2700,8,4,36600.25,0
3407,1206,75,5,30319.76,10
3408,430,29,5,32662.94,0
3409,2393,18,1,3133.4,0
3410,2817,19,3,1586.81,5
3411,1697,75,1,3715.56,25
3412,1125,53,-1,39303.01,5
3413,2982,134,5,19382.52,0
3414,1823,92,1,11435.81,0
3415,87,146,3,46570.03,25
3416,640,17,3,5787.17,15
3417,325,112,2,4855.94,5
3418,2525,50,3,32375.49,20
3419,43,66,4,10811.77,0
3420,2045,20,2,16129.29,0
3421,1255,83,2,25902.14,0
3422,1756,33,3,11777.74,0
3423,62,150,5,41665.88,0
3424,2889,69,-1,34166.22,0
3425,2945,116,1,33105.2,0
3426,1833,79,1,45197.5,0
3427,1085,50,3,7475.03,20
3428,712,123,2,31286.31,20
3429,1141,141,1,3550.0,0
3430,2989,35,4,1010.54,20
3431,2039,133,2,25404.56,0
3432,2092,35,3,39629.44,15
3433,2846,57,2,17805.48,0
3434,739,64,4,19399.39,0
3435,1828,39,5,5900.9,0
3436,1644,15,5,29342.1,0
3437,82,142,-3,1396.95,0
3438,2751,123,4,20628.85,30
3439,847,56,5,2249.98,20
3440,2633,127,-4,17743.33,30
3441,2657,10,3,30440.42,30
3442,1705,48,3,38093.58,0
3443,1519,111,3,28716.98,10
3444,520,67,2,18621.51,0
3445,2394,11,4,38127.99,30
3446,1272,138,2,30515.21,5
3447,384,116,4,34792.09,0
3448,1784,113,3,49841.52,0
3449,2023,87,2,40935.32,15
3450,2724,34,2,26942.09,30
3451,811,150,1,27783.01,25
3452,1621,121,3,16283.29,0
3453,1018,67,4,6874.65,0
3454,700,15,4,35774.58,5
3455,365,1,-1,40120.05,0
3456,981,66,1,29884.1,0
3457,1424,126,5,5732.85,20
3458,2305,5,4,13329.77,0
3459,2417,74,4,32360.46,0
3460,1910,114,2,13464.94,0
3461,1563,5,2,39770.35,15
3462,2396,37,1,19183.84,30
3463,1025,148,2,22516.95,10
3464,2485,17,5,14737.1,25
3465,2618,78,3,42368.87,25
3466,1548,10,5,16497.95,15
3467,1917,79,4,26454.94,5
3468,737,147,-1,29702.26,25
3469,1401,41,2,32941.21,15
3470,654,29,4,41039.27,20
3471,81,97,4,31103.04,30
3472,2891,80,2,18058.63,0
3473,896,143,3,2123.19,10
3474,2565,87,1,27549.21,5
3475,814,65,4,30153.53,0
3476,1055,76,5,6915.43,20
3477,923,47,5,3882.58,5
3478,69,120,5,2170.25,10
3479,2851,128,5,17977.73,30
3480,2611,58,2,15970.5,0
3481,611,65,3,10476.33,25
3482,443,78,4,7278.04,15
3483,1264,57,5,10039.97,15
3484,244,15,4,43364.82,150
3485,779,82,4,31632.87,20
3486,2672,57,4,49871.85,0
3487,1038,121,3,41420.04,20
3488,614,81,4,13798.88,0
3489,1084,62,4,22208.56,0
3490,2791,93,4,19371.83,10
3491,1602,8,1,4344.29,20
3492,2973,16,1,16403.82,30
3493,2773,85,5,6363.88,30
3494,2281,122,4,57.37,5
3495,1930,32,3,22612.61,0
3496,2178,42,4,32261.18,20
3497,741,146,2,18129.15,0
3498,1032,88,-3,29228.1,30
3499,2345,64,5,16495.3,20
3500,2574,44,2,13137.08,0
3501,1065,127,4,34930.16,0
3502,2303,120,4,8260.65,25
3503,984,131,5,43314.16,30
3504,1447,133,2,38923.08,5
3505,2388,120,2,43648.84,0
3506,249,40,5,41015.51,30
3507,1236,109,5,44499.43,30
3508,192,139,4,42043.2,0
3509,1259,113,4,27516.04,5
3510,2200,22,3,44167.71,0
3511,2003,55,4,11765.62,30
3512,809,17,-3,10814.25,0
3513,481,102,4,6058.38,0
3514,2763,102,5,28880.26,20
3515,1611,45,1,23248.91,0
3516,2024,104,5,34363.0,0
3517,1816,24,3,23039.69,0
3518,2199,95,2,7609.15,30
3519,107,49,3,22101.76,10
3520,527,74,4,4839.45,0
3521,1289,133,2,27890.71,15
3522,378,1,4,23634.07,20
3523,2482,51,1,19590.25,10
3524,2268,51,2,17471.57,0
3525,1478,63,2,36235.69,0
3526,363,9,1,34920.48,25
3527,2441,18,3,17940.36,25
3528,953,25,-4,32914.45,0
3529,804,48,1,46142.43,15
3530,1591,50,4,25805.09,5
3531,1776,61,4,49149.37,10
3532,2374,130,1,47733.77,0
3533,1837,50,5,41043.27,0
3534,2378,76,2,37829.55,0
3535,717,69,4,38072.57,15
3536,2467,124,5,28972.37,5
3537,551,31,1,25604.5,30
3538,2441,11,0,33340.3,15
3539,1221,126,4,37611.45,20
3540,973,10,3,356.3,15
3541,2855,70,4,35051.85,5
3542,1124,55,2,24705.34,5
3543,442,31,3,31586.34,0
3544,2800,122,5,18977.42,0
3545,273,61,4,20844.05,0
3546,1510,147,3,19926.08,0
3547,306,108,-5,17049.37,5
3548,1706,5,5,15004.27,5
3549,2490,127,0,29190.37,0
3550,1523,51,3,48729.79,0
3551,734,89,4,33874.09,30
3552,2301,139,1,29817.16,0
3553,1132,142,3,4908.55,20
3554,862,42,3,38250.4,25
3555,2754,75,1,10282.34,5
3556,2568,1,2,3726.0,20
3557,1640,128,4,33921.38,15
3558,2079,86,5,43772.29,0
3559,775,67,2,39655.42,30
3560,586,84,5,25720.39,5
3561,2230,12,2,23601.05,0
3562,1509,142,5,15328.0,15
3563,253,117,3,3928.22,5
3564,92,90,1,2911.83,0
3565,995,99,1,1908.34,10
3566,1466,78,1,37064.14,5
3567,2074,27,1,33935.31,0
3568,1020,147,4,21596.6,10
3569,637,145,5,42025.31,5
3570,497,86,2,40325.15,0
3571,1262,132,2,1937.31,20
3572,556,106,1,39404.94,10
3573,2879,16,1,10391.23,0
3574,1863,149,4,49348.05,25
3575,765,57,5,49224.05,20
3576,408,76,2,8534.82,30
3577,1994,68,5,10025.71,0
3578,2514,95,1,36483.88,10
3579,2626,18,4,16601.37,25
3580,352,7,5,47677.12,0
3581,1527,150,1,37070.79,30
3582,345,96,3,29668.13,15
3583,1738,66,2,4846.6,5
3584,1252,37,3,32173.34,0
3585,245,42,1,32195.41,25
3586,1573,81,1,13171.64,0
3587,1375,126,5,12249.04,10
3588,1556,36,3,44191.35,10
3589,900,5,1,14120.48,10
3590,758,22,3,25133.54,0
3591,1521,86,5,23947.21,25
3592,2706,33,4,23345.65,25
3593,2123,116,2,21829.96,10
3594,868,90,1,39323.74,20
3595,2870,115,4,25326.18,0
3596,435,73,4,39057.39,0
3597,390,17,2,24205.06,0
3598,584,33,3,11811.71,0
3599,2261,22,3,44754.74,0
3600,1664,121,3,20695.22,25
3601,469,29,5,29023.03,0
3602,483,95,4,12031.84,0
3603,2027,31,3,25813.23,0
3604,1235,34,2,42034.3,15
3605,2203,74,4,22326.7,10
3606,2259,128,3,1201.93,25
3607,277,128,5,2501.65,0
3608,1067,131,5,46862.53,25
3609,840,104,4,15512.44,20
3610,1879,30,1,3439.15,0
3611,2937,113,2,14446.79,20
3612,2122,75,3,11791.09,5
3613,2622,27,5,5272.5,20
3614,1167,31,2,38385.66,15
3615,1795,117,1,35973.2,25
3616,2630,15,3,48437.1,0
3617,292,125,2,5261.27,25
3618,1440,45,1,27733.37,20
3619,521,67,1,32304.49,0
3620,429,128,4,21581.95,0
3621,1653,79,2,10840.51,10
3622,554,40,1,3688.57,20
3623,2339,104,1,7861.41,0
3624,2813,28,3,31164.3,25
3625,1799,44,3,49566.22,0
3626,1403,100,5,18755.44,0
3627,1423,11,4,31436.9,15
3628,2130,65,3,19876.16,10
3629,112,9,2,24609.16,0
3630,1688,37,2,18160.73,25
3631,2468,97,4,28850.14,0
3632,1763,91,2,39839.03,10
3633,736,9,4,10888.57,0
3634,1874,44,2,30914.05,15
3635,2321,50,4,27059.82,20
3636,1992,101,4,47773.18,30
3637,2114,15,1,1702.64,15
3638,2378,39,2,48254.36,0
3639,2023,86,1,40104.33,20
3640,2578,48,3,19986.15,10
3641,1142,29,2,37191.52,15
3642,532,120,5,28561.72,0
3643,1220,98,1,37226.19,0
3644,2742,98,1,42872.2,15
3645,339,12,3,1704.37,20
3646,135,85,1,41356.57,0
3647,1848,48,3,16308.61,20
3648,2201,92,1,45575.07,15
3649,2999,61,2,24286.66,0
3650,316,126,5,30158.92,0
3651,732,149,1,7023.86,0
3652,2486,37,3,27620.35,15
3653,1960,100,1,24253.92,0
3654,1492,134,5,21828.07,0
3655,2293,56,2,25713.12,5
3656,894,101,1,9166.24,20
3657,1663,98,-5,24092.41,15
3658,978,14,1,24252.67,15
3659,827,105,1,30958.65,30
3660,910,116,1,10835.2,25
3661,724,128,5,7236.83,20
3662,2882,129,5,13038.47,25
3663,516,64,2,43614.06,30
3664,1268,8,4,4319.35,15
3665,430,107,1,39981.39,0
3666,2300,16,-3,19732.12,0
3667,1101,78,3,18001.68,10
3668,2002,60,2,24244.52,0
3669,418,81,3,38868.33,20
3670,2370,49,2,12717.44,0
3671,2725,102,3,39079.06,20
3672,1635,45,3,43943.37,5
3673,1742,110,1,41405.65,15
3674,2628,148,4,47982.26,0
3675,383,132,1,32934.83,25
3676,2349,31,5,48670.16,15
3677,223,106,2,42893.23,15
3678,260,97,4,32457.8,15
3679,2535,149,1,49909.5,20
3680,1663,16,2,49172.9,15
3681,1186,61,4,9895.25,10
3682,1216,27,4,24897.7,25
3683,2901,70,2,9337.2,10
3684,2645,28,5,25685.04,0
3685,1055,114,2,1611.19,0
3686,1497,139,2,25330.53,5
3687,1942,26,1,47800.99,0
3688,1302,110,2,49811.51,0
3689,319,17,4,37997.03,10
3690,349,92,3,46842.49,30
3691,682,83,3,27248.3,0
3692,603,9,4,47332.27,10
3693,2258,11,2,17361.26,0
3694,1711,147,1,25735.61,0
3695,721,95,3,46018.04,15
3696,1714,87,1,48319.21,0
3697,1697,120,3,5068.33,0
3698,988,58,4,33426.15,5
3699,321,33,4,20909.33,15
3700,320,45,1,38306.27,10
3701,2716,100,5,29724.35,25
3702,216,70,1,9809.09,0
3703,1818,142,4,27932.08,10
3704,1059,4,1,18212.93,5
3705,1856,86,3,41904.49,20
3706,2892,60,5,13629.07,5
3707,1909,33,4,22028.36,0
3708,365,67,2,3137.35,15
3709,1674,15,2,8065.16,30
3710,475,54,2,24335.29,5
3711,1265,52,3,18269.98,0
3712,1898,120,4,46562.07,0
3713,2919,70,2,21075.63,0
3714,398,20,4,21889.14,5
3715,1403,86,3,46266.03,0
3716,2328,134,5,6466.91,10
3717,965,16,5,7565.93,15
3718,2572,71,1,41647.71,10
3719,349,80,5,45538.18,15
3720,2959,9,5,7394.26,0
3721,1478,127,3,38912.03,0
3722,2834,125,4,10092.95,10
3723,1766,98,2,48231.09,25
3724,2489,126,3,29159.81,20
3725,1449,26,5,8520.6,5
3726,1672,27,3,35621.52,0
3727,2103,40,5,7219.7,15
3728,2868,54,-5,34428.38,0
3729,384,78,4,42299.85,0
3730,225,89,3,25225.71,0
3731,2026,89,4,18868.34,30
3732,559,98,2,12319.29,30
3733,1260,107,3,10398.47,10
3734,218,144,2,5919.58,0
3735,1044,68,5,37226.34,5
3736,1191,31,4,31281.64,5
3737,2943,60,1,45832.35,25
3738,2948,39,1,4646.51,20
3739,1777,49,5,26427.82,20
3740,2601,134,1,41211.2,30
3741,249,40,2,44371.79,25
3742,2768,36,3,12026.56,15
3743,1108,17,1,17466.55,25
3744,2144,101,2,19637.78,10
3745,2718,41,2,31169.18,0
3746,1946,89,5,30379.87,0
3747,2549,94,4,30804.9,15
3748,2619,23,1,11362.69,5
3749,755,114,4,10859.19,10
3750,215,46,3,30805.94,0
3751,2283,93,5,9161.82,120
3752,2599,94,3,42468.44,25
3753,17,115,3,36404.35,30
3754,1910,4,2,36142.6,25
3755,2521,14,2,44849.41,30
3756,305,7,2,5336.07,0
3757,1994,34,5,7551.53,25
3758,1400,115,3,5765.47,20
3759,229,15,4,46351.6,5
3760,95,47,2,21499.37,30
3761,714,31,2,4977.77,5
3762,1493,148,3,47350.81,20
3763,1630,41,1,46753.67,15
3764,135,150,5,37547.76,25
3765,853,113,4,38054.14,0
3766,1710,75,5,15621.1,25
3767,2391,92,3,273.56,0
3768,1497,14,4,29074.46,10
3769,273,26,3,30831.44,15
3770,1870,1,3,18926.3,25
3771,190,140,1,19901.56,0
3772,2573,100,2,41444.21,30
3773,2933,76,1,16545.48,0
3774,2518,41,2,38309.37,5
3775,715,149,3,48954.24,0
3776,1549,63,3,43570.18,30
3777,2418,121,1,33662.63,15
3778,2296,62,5,49496.35,5
3779,2707,76,5,34141.34,0
3780,1424,58,3,30022.39,15
3781,2254,122,3,28588.53,0
3782,368,128,3,38319.02,0
3783,2488,109,2,28248.33,0
3784,221,81,1,16145.24,20
3785,418,116,3,18139.3,25
3786,2130,54,3,17912.68,10
3787,68,77,-2,14755.68,0
3788,766,140,4,41666.31,30
3789,1329,85,1,16763.0,0
3790,2351,53,4,23320.47,0
3791,1814,149,4,42887.88,20
3792,2747,109,5,18284.26,0
3793,2220,68,5,15692.73,15
3794,1493,138,2,34674.07,0
3795,1704,29,3,44563.02,0
3796,86,135,2,587.92,5
3797,316,36,1,12978.19,20
3798,1370,121,2,44046.49,30
3799,2601,109,2,43336.0,10
3800,349,63,5,26460.77,0
3801,2113,23,1,39828.78,15
3802,655,54,2,13810.49,25
3803,1906,26,2,30104.55,5
3804,2089,125,5,36246.52,5
3805,706,45,1,9093.42,0
3806,2127,76,2,24565.88,30
3807,1047,91,4,40070.68,0
3808,1396,5,1,9359.57,10
3809,1127,25,4,40045.85,5
3810,392,62,4,12909.36,5
3811,243,88,4,40351.99,0
3812,914,63,3,25066.63,0
3813,2573,86,2,24351.08,20
3814,1179,104,2,22611.59,0
3815,179,132,2,13428.01,25
3816,2689,97,4,16925.61,5
3817,2356,33,1,36201.25,0
3818,412,27,2,18879.97,15
3819,544,145,1,25461.28,10
3820,2739,150,3,17622.45,25
3821,2699,15,3,15366.41,0
3822,1835,93,4,144.68,10
3823,1334,26,3,34703.58,15
3824,2117,18,3,6774.79,30
3825,2188,101,3,44244.71,5
3826,1025,61,1,7805.01,5
3827,402,58,4,24987.53,10
3828,2521,55,4,6668.72,25
3829,1483,65,2,49776.93,0
3830,2159,54,3,23766.6,0
3831,1865,38,1,29979.99,15
3832,1956,13,1,11775.31,30
3833,2276,126,4,8007.01,0
3834,2169,49,4,27326.33,0
3835,928,41,1,49391.05,15
3836,2979,16,5,28217.88,30
3837,2737,24,5,47714.98,10
3838,492,128,5,32144.17,20
3839,822,82,3,9419.97,25
3840,2441,114,2,41441.07,5
3841,608,71,2,41826.26,0
3842,2511,21,4,11116.43,10
3843,16,133,4,12761.89,30
3844,2347,8,4,45540.16,0
3845,2538,139,5,3951.63,0
3846,457,146,5,23564.41,0
3847,1192,93,2,28548.47,0
3848,2214,54,1,23202.43,30
3849,438,110,4,46564.58,30
3850,1526,71,3,23365.19,20
3851,2726,33,2,42188.34,15
3852,138,5,2,26895.31,25
3853,980,150,4,13543.05,25
3854,374,140,3,3772.86,20
3855,195,46,1,26820.93,5
3856,1944,35,3,29807.9,30
3857,843,23,1,22061.03,15
3858,1862,76,5,17554.12,0
3859,1336,73,4,35208.05,10
3860,912,20,4,17727.33,0
3861,1386,58,3,44474.18,0
3862,836,113,2,21235.75,20
3863,515,43,4,3740.08,10
3864,2409,4,3,16799.96,0
3865,1206,44,1,13073.18,0
3866,2476,116,5,24140.21,20
3867,2650,49,3,31137.2,5
3868,1754,12,1,11765.86,15
3869,377,25,3,291.3,15
3870,1070,55,4,35202.2,20
3871,110,136,5,37430.13,15
3872,2642,58,4,28113.72,15
3873,1839,148,5,13034.07,15
3874,664,149,1,10689.16,30
3875,1956,84,4,24762.57,30
3876,2838,116,5,45374.72,25
3877,1301,60,1,26520.49,30
3878,1799,134,5,42313.47,5
3879,651,73,4,32143.39,0
3880,701,56,4,471.79,0
3881,2551,95,5,3733.26,30
3882,1438,116,1,2125.92,5
3883,907,6,1,13715.99,0
3884,1976,41,5,3595.5,0
3885,2020,84,5,39043.55,5
3886,2991,135,5,4615.1,0
3887,139,64,-4,26474.9,20
3888,2421,15,5,11744.7,5
3889,433,107,5,30500.4,25
3890,194,22,-1,30482.45,25
3891,212,1,5,25706.02,0
3892,2768,102,4,483.84,0
3893,1388,63,4,41475.87,0
3894,614,36,2,19818.5,5
3895,2516,11,3,6138.64,0
3896,2237,18,4,36327.73,0
3897,1565,119,4,42162.23,0
3898,451,73,5,40173.87,20
3899,736,144,2,28392.62,10
3900,2417,85,5,22331.05,0
3901,1986,6,2,15106.06,20
3902,148,41,3,35814.34,30
3903,582,84,3,34781.04,15
3904,1347,1,2,32559.87,0
3905,1004,96,2,31486.38,10
3906,2039,32,2,20060.96,5
3907,2612,34,1,20795.28,20
3908,1894,72,3,25538.51,25
3909,2044,50,5,44929.34,20
3910,2859,149,4,37894.29,20
3911,1550,9,2,42457.48,10
3912,2451,18,1,6194.29,20
3913,2439,84,3,31915.61,10
3914,1668,89,4,12293.61,25
3915,810,66,2,10634.34,0
3916,1902,56,2,40300.89,20
3917,1313,66,5,43069.13,10
3918,2821,79,3,9495.78,0
3919,637,26,3,37852.46,10
3920,825,142,5,6865.69,5
3921,1364,63,2,40462.41,0
3922,2146,107,3,15198.14,0
3923,906,141,1,31796.17,20
3924,2505,20,3,451.05,10
3925,472,21,3,31853.58,0
3926,1449,63,5,5702.08,30
3927,2960,104,3,18849.82,25
3928,1493,6,3,30294.87,0
3929,1519,17,1,41481.49,0
3930,2369,68,3,22998.53,5
3931,58,97,3,22351.12,20
3932,2268,3,5,46715.25,20
3933,1709,58,1,37342.86,25
3934,2445,129,4,13343.44,0
3935,1196,35,5,33529.63,10
3936,459,73,2,45262.61,30
3937,260,106,4,34541.82,15
3938,210,92,5,12343.95,10
3939,1377,35,5,41188.61,10
3940,2487,118,5,8966.47,10
3941,2835,76,1,7611.35,0
3942,1230,103,1,23687.49,30
3943,1146,96,2,1615.76,15
3944,2540,140,4,37216.18,0
3945,881,61,5,46476.46,0
3946,2752,33,3,29762.57,0
3947,1513,103,2,33426.24,5
3948,1470,41,3,24500.35,0
3949,390,30,1,11918.92,5
3950,804,106,2,31617.32,0
3951,1392,110,5,24798.82,30
3952,1875,18,2,30448.03,15
3953,2741,132,5,17523.25,10
3954,714,85,4,10685.58,20
3955,816,52,1,59.85,0
3956,1724,137,4,34747.42,25
3957,1289,57,4,2404.62,25
3958,1449,10,4,34219.17,0
3959,2239,81,4,13800.78,0
3960,2343,61,2,4403.19,20
3961,2898,139,3,19372.68,0
3962,170,101,1,20470.69,0
3963,1513,32,5,29754.98,0
3964,1451,103,1,41834.16,5
3965,2112,113,1,14492.05,15
3966,1262,51,-1,39139.07,25
3967,1921,75,1,21034.42,15
3968,2054,54,1,8792.31,15
3969,993,111,2,17691.7,30
3970,1655,15,4,45320.12,15
3971,2946,98,4,28800.17,15
3972,1479,38,4,25669.19,20
3973,857,35,4,13593.6,0
3974,1064,17,2,37640.3,10
3975,1786,134,3,29174.22,20
3976,22,18,5,45088.67,25
3977,2590,56,5,10815.43,0
3978,2320,25,5,27973.64,0
3979,2189,123,5,186.24,30
3980,1907,93,4,25595.25,30
3981,1801,82,2,29875.22,0
3982,2811,133,5,45353.6,20
3983,1381,21,4,10351.04,25
3984,2333,63,1,48571.91,25
3985,1748,47,3,24618.1,15
3986,2125,33,3,31320.79,15
3987,879,29,4,16519.32,30
3988,1694,45,5,47255.69,10
3989,1368,7,2,35694.69,10
3990,1704,130,4,37257.82,20
3991,1248,65,5,44448.13,25
3992,2285,46,1,45279.54,30
3993,2006,121,3,17600.49,5
3994,1395,17,2,18702.15,30
3995,1704,83,4,34502.17,5
3996,1092,76,4,15430.77,0
3997,977,133,2,1324.29,15
3998,555,115,4,38233.45,0
3999,2044,13,2,48949.07,25
4000,1995,117,3,43123.65,30
4001,2398,121,1,26012.61,0
4002,893,71,1,36866.21,30
4003,2803,30,4,6803.72,0
4004,2722,3,4,21807.56,15
4005,2055,69,4,35821.45,25
4006,2098,78,3,36279.97,15
4007,2380,123,1,4375.87,10
4008,2652,14,4,8887.13,5
4009,2340,91,-1,48139.02,5
4010,2021,133,4,27122.83,30
4011,73,6,2,40522.05,0
4012,204,82,2,37757.56,0
4013,1668,96,1,16898.58,10
4014,1952,112,1,37668.93,20
4015,290,8,5,31649.04,0
4016,2420,123,1,26099.34,20
4017,1632,18,2,20588.25,20
4018,2608,51,3,37543.38,10
4019,494,89,2,31365.21,10
4020,2625,148,5,48994.03,0
4021,207,9,5,2175.13,0
4022,121,45,3,1649.02,20
4023,751,63,4,10267.63,0
4024,1198,113,1,24143.25,20
4025,307,123,4,40738.68,10
4026,2629,46,1,6832.51,10
4027,547,21,3,38343.09,0
4028,2009,146,4,13729.27,0
4029,2977,71,5,45021.72,15
4030,1624,101,2,24237.58,20
4031,2827,137,4,41802.82,5
4032,1524,115,4,23182.23,0
4033,2420,147,2,30272.29,0
4034,2955,123,1,24498.42,120
4035,2649,113,5,36841.16,10
4036,1813,130,0,48469.2,5
4037,2036,129,1,14377.74,15
4038,1260,23,5,41194.17,10
4039,2094,125,3,8961.89,5
4040,579,43,4,25085.3,0
4041,848,121,3,39637.17,30
4042,1176,84,4,44346.9,5
4043,588,67,4,25288.23,5
4044,710,89,4,6949.28,20
4045,978,96,1,15794.25,25
4046,1174,146,2,8906.91,10
4047,1756,1,2,34033.9,30
4048,288,16,1,38637.9,30
4049,1756,70,1,12002.48,20
4050,2471,63,2,10193.17,30
4051,803,135,4,10552.04,20
4052,2169,39,3,10559.16,20
4053,420,97,3,16664.42,25
4054,2601,61,4,36651.1,15
4055,2375,134,1,46182.94,20
4056,807,54,3,39010.3,15
4057,1617,119,2,33150.17,20
4058,362,15,4,49047.54,30
4059,1816,59,5,3427.14,0
4060,2361,113,3,39376.78,5
4061,1481,56,4,7933.71,10
4062,481,15,2,27827.42,25
4063,1596,90,1,30302.32,30
4064,1612,21,2,20040.8,15
4065,748,68,4,27559.09,25
4066,1626,134,3,27660.17,10
4067,2082,91,5,1399.47,30
4068,2813,146,2,32261.4,15
4069,1339,17,3,37788.87,5
4070,2488,125,3,47567.96,15
4071,1564,76,5,3121.86,25
4072,2351,114,4,34896.81,10
4073,1552,22,3,1755.34,0
4074,557,118,3,23838.88,20
4075,2505,121,4,26899.26,0
4076,444,65,3,32471.74,0
4077,1782,133,1,1922.19,15
4078,224,7,4,30908.02,0
4079,1499,136,3,29291.82,0
4080,1059,66,3,9177.73,0
4081,1244,138,5,9517.31,15
4082,1832,103,5,2637.17,30
4083,1778,150,3,712.35,20
4084,2902,17,1,10472.98,0
4085,261,36,5,35261.37,30
4086,262,117,2,28916.43,5
4087,596,18,3,44463.81,30
4088,2378,145,4,46961.79,0
4089,767,142,3,25147.8,0
4090,214,144,2,7530.99,20
4091,2875,140,3,21080.88,10
4092,2260,18,5,821.8,5
4093,1753,91,3,9378.01,25
4094,211,96,3,23622.66,15
4095,628,58,1,2412.51,15
4096,28,150,3,5447.88,0
4097,568,57,3,18779.99,20
4098,227,93,1,41729.62,15
4099,2852,118,4,28745.66,25
4100,1019,150,1,13364.29,25
4101,2323,11,2,34710.61,20
4102,75,32,1,39097.2,25
4103,1264,48,3,4078.95,0
4104,2380,13,2,33703.3,5
4105,788,142,1,39453.97,0
4106,2201,63,1,8165.91,25
4107,54,54,3,36903.44,0
4108,1083,40,3,44949.12,30
4109,2177,9,3,2528.55,15
4110,2359,90,2,41617.05,0
4111,1287,70,2,37329.45,15
4112,437,144,1,48333.18,10
4113,2966,28,3,43572.65,0
4114,2600,30,3,44435.82,15
4115,1861,24,-1,45939.61,20
4116,1621,101,4,42840.78,15
4117,963,103,2,21306.69,15
4118,1443,12,2,46141.51,0
4119,2299,27,4,48625.85,30
4120,2515,28,5,19277.12,0
4121,958,104,2,3037.25,15
4122,823,23,3,33893.94,5
4123,466,28,4,25362.44,25
4124,1257,117,5,37419.92,5
4125,452,124,4,43392.62,30
4126,697,89,5,26157.27,10
4127,493,56,3,15255.41,30
4128,1831,71,1,23859.81,20
4129,1996,89,4,28608.28,0
4130,2076,63,3,4362.18,0
4131,1068,86,3,33143.2,10
4132,530,132,4,352.91,20
4133,357,116,1,19062.68,0
4134,1333,55,2,42165.27,0
4135,1473,98,5,33675.57,20
4136,1224,20,3,23784.76,30
4137,2965,23,2,25366.08,0
4138,1995,29,5,32866.51,10
4139,417,80,5,42864.71,15
4140,776,139,4,1862.31,25
4141,1615,110,1,26778.16,5
4142,2125,18,4,7039.05,25
4143,801,6,5,923.42,10
4144,1578,71,3,33166.71,20
4145,1072,92,1,25605.73,30
4146,865,14,1,18911.88,0
4147,1872,47,2,41644.66,15
4148,851,38,4,2451.25,25
4149,864,84,2,32862.22,15
4150,844,14,3,28188.52,5
4151,1513,25,2,30748.0,20
4152,1724,16,4,30522.67,25
4153,1046,3,3,12155.67,20
4154,283,23,2,35873.41,0
4155,1182,45,4,27023.92,0
4156,2133,67,2,45664.77,5
4157,2445,82,5,28136.5,0
4158,262,124,3,29844.52,25
4159,1631,94,3,38858.57,30
4160,2532,86,4,24548.12,20
4161,1860,15,0,8424.22,0
4162,2638,133,4,38862.66,10
4163,1235,74,5,14461.7,15
4164,1860,74,5,11591.79,20
4165,821,144,2,14353.29,0
4166,788,88,2,48225.41,15
4167,802,74,4,47019.3,20
4168,2965,147,5,7624.13,10
4169,1467,122,3,27299.86,0
4170,874,6,2,7037.04,15
4171,437,46,1,25625.62,0
4172,2276,91,3,46777.17,20
4173,2572,35,4,5733.88,10
4174,1945,28,3,6275.58,20
4175,1805,127,5,41488.86,0
4176,2617,91,5,26859.8,0
4177,717,101,2,20755.32,0
4178,2938,100,5,43825.52,15
4179,2325,117,2,5054.83,10
4180,564,117,5,38920.83,20
4181,747,56,3,33811.51,5
4182,2507,137,4,30005.38,15
4183,2851,144,4,19629.41,5
4184,444,146,1,14555.08,25
4185,483,45,2,34811.93,0
4186,1185,24,3,45644.84,30
4187,892,116,2,43983.38,0
4188,2430,103,4,40473.9,30
4189,2210,69,2,45693.29,0
4190,2843,104,3,15269.6,10
4191,847,104,3,10087.49,0
4192,1798,127,1,34032.23,0
4193,2349,107,1,49484.97,15
4194,2498,116,5,26094.09,5
4195,660,49,1,16704.46,0
4196,2897,141,4,48448.24,0
4197,2098,28,5,32681.36,0
4198,1237,27,-3,27939.88,0
4199,2884,62,3,8119.3,20
4200,1699,66,1,20625.98,25
4201,2835,69,2,8956.37,15
4202,2966,102,1,1357.07,0
4203,2900,71,2,28581.33,20
4204,1383,48,4,21653.84,0
4205,401,141,5,39178.06,20
4206,1064,41,5,129.98,0
4207,1918,4,5,43345.87,0
4208,2812,82,5,32487.15,5
4209,225,35,3,29947.97,0
4210,211,79,2,17312.01,25
4211,1507,51,4,34248.35,15
4212,931,7,1,16866.4,20
4213,1703,70,4,3404.13,5
4214,412,92,1,30528.9,30
4215,2836,78,2,9915.0,15
4216,870,5,5,49840.59,10
4217,482,64,1,17163.73,20
4218,361,54,4,35307.01,15
4219,1235,84,2,6826.84,0
4220,2814,56,3,9388.99,25
4221,2328,55,3,48677.48,25
4222,983,57,3,24835.1,20
4223,1775,74,1,47265.62,0
4224,168,40,3,10258.39,25
4225,60,28,4,1095.68,5
4226,2340,30,3,17345.26,20
4227,2575,102,2,14914.68,25
4228,2992,19,2,47332.33,15
4229,831,100,4,38401.86,20
4230,1253,100,4,19350.72,30
4231,797,2,1,6672.95,30
4232,2945,141,2,108.28,20
4233,1983,31,5,42843.46,10
4234,2213,91,1,21152.36,0
4235,171,54,5,48735.46,0
4236,1716,132,2,22948.05,15
4237,294,79,1,19049.12,0
4238,1510,44,5,16900.5,25
4239,189,141,5,21206.83,0
4240,2882,57,3,36848.68,0
4241,202,36,4,32516.25,5
4242,2562,93,5,41049.75,0
4243,632,10,4,39480.44,5
4244,2267,39,2,33803.51,0
4245,492,62,5,23506.28,5
4246,2710,118,5,23415.58,25
4247,641,63,-4,14687.82,0
4248,1570,105,3,13047.9,30
4249,1883,70,-2,41012.22,20
4250,1268,143,3,6211.89,30
4251,579,13,2,3194.42,0
4252,2121,70,2,6026.04,10
4253,2373,141,1,48006.9,25
4254,1021,50,1,49934.13,10
4255,1392,14,3,8581.89,0
4256,2420,43,5,348.36,30
4257,2662,68,1,33724.94,5
4258,1674,46,3,26335.3,15
4259,470,110,2,9830.8,0
4260,1312,124,3,20575.62,0
4261,2988,86,5,6474.97,30
4262,1434,22,4,3709.9,0
4263,1139,112,4,23969.18,5
4264,2539,16,1,41610.85,0
4265,2136,88,1,26306.29,0
4266,218,25,3,38306.89,15
4267,1384,102,5,4913.88,10
4268,2204,30,2,11428.9,0
4269,1567,102,1,28070.97,0
4270,2593,143,5,38585.05,25
4271,2234,20,5,11515.91,25
4272,1818,12,3,40911.84,10
4273,7,143,1,47082.57,5
4274,323,77,5,42794.99,10
4275,86,71,3,26649.61,10
4276,1343,145,4,41827.78,0
4277,375,116,4,11342.61,10
4278,251,67,1,4378.14,0
4279,1816,100,0,35156.92,0
4280,2963,103,5,15574.84,30
4281,555,8,5,15510.62,30
4282,291,132,1,30238.16,5
4283,1043,66,1,42539.5,10
4284,1890,44,1,20525.74,5
4285,1654,40,1,20437.89,10
4286,1207,29,4,9726.27,0
4287,229,100,4,18826.18,25
4288,2858,140,3,42123.12,30
4289,2977,14,3,46413.61,25
4290,651,107,3,42853.93,10
4291,1755,81,4,16791.8,0
4292,487,36,1,26139.35,0
4293,2565,135,5,21166.97,0
4294,1677,47,3,17292.5,20
4295,116,61,2,39914.98,30
4296,2194,13,5,33631.16,30
4297,784,3,3,8094.51,25
4298,889,34,0,35612.75,5
4299,2229,145,-2,417.51,5
4300,1722,89,5,44677.27,0
4301,1246,11,3,7445.39,15
4302,2001,10,5,2862.5,25
4303,2309,2,3,42944.22,0
4304,791,134,4,27062.11,20
4305,2404,107,1,47681.38,25
4306,1866,118,3,46150.71,10
4307,737,99,5,35380.43,25
4308,2230,23,3,16427.98,0
4309,1935,10,3,48726.17,15
4310,168,83,4,41162.05,0
4311,2955,138,5,22123.1,15
4312,416,58,5,26301.64,0
4313,1141,21,3,12075.96,30
4314,868,142,2,3804.28,10
4315,1600,46,3,36396.55,15
4316,758,56,4,11400.37,0
4317,2337,3,2,15528.82,30
4318,1020,46,1,2147.66,15
4319,2463,100,5,40118.63,5
4320,1935,145,1,43525.04,30
4321,1143,102,4,29854.84,15
4322,163,56,3,15959.75,20
4323,233,9,2,37917.36,15
4324,99,15,3,21350.52,20
4325,170,96,4,21718.54,0
4326,466,116,3,46056.51,5
4327,90,83,2,11380.05,25
4328,2878,8,4,10866.24,10
4329,2490,50,2,46177.12,15
4330,1950,70,4,10265.07,0
4331,1203,130,3,28099.58,30
4332,2983,10,4,31696.81,10
4333,1412,136,3,18617.23,10
4334,2849,149,2,12141.71,20
4335,522,144,3,9220.31,30
4336,852,84,1,26538.23,5
4337,2569,18,3,33273.67,25
4338,1670,51,5,47703.26,0
4339,2146,138,4,47708.07,0
4340,2329,108,1,25300.54,30
4341,1795,73,2,35160.09,15
4342,1213,104,2,10501.64,20
4343,2177,104,3,4340.33,0
4344,294,60,5,32099.75,25
4345,2178,111,5,46040.26,10
4346,1679,14,1,36911.42,5
4347,1897,10,1,16771.94,0
4348,1263,20,2,45032.63,15
4349,2696,93,4,48406.14,5
4350,470,98,5,40820.61,0
4351,1897,32,1,2557.08,0
4352,1139,133,1,26702.04,25
4353,1291,86,3,14541.14,5
4354,740,59,5,33138.82,0
4355,2600,62,4,49621.82,30
4356,2407,132,1,25821.58,25
4357,2366,117,3,21378.23,25
4358,2654,49,4,45742.53,20
4359,2152,71,3,36327.24,0
4360,116,147,3,2780.11,20
4361,1744,75,4,44790.61,30
4362,1097,69,3,12163.66,0
4363,2803,72,2,47345.07,25
4364,1007,146,1,4045.09,0
4365,304,88,1,25415.09,0
4366,2088,72,1,35768.26,15
4367,942,126,-1,45306.84,25
4368,317,14,1,36282.37,0
4369,1176,119,5,21336.45,10
4370,1269,109,3,38833.5,5
4371,951,140,3,35776.76,25
4372,1457,141,3,21170.22,10
4373,2468,108,5,4704.05,0
4374,328,39,3,25095.36,30
4375,2527,44,-2,13398.38,0
4376,1352,120,1,2971.77,25
4377,2882,48,3,17210.11,25
4378,2468,113,1,18724.49,20
4379,1993,54,1,7907.81,10
4380,2971,110,2,21399.85,10
4381,876,26,1,42851.71,30
4382,2063,122,2,34767.99,25
4383,768,126,1,9253.69,0
4384,2252,113,2,42093.02,0
4385,1781,107,3,18969.04,15
4386,2542,1,1,31547.99,10
4387,2712,62,3,16698.85,0
4388,317,31,5,48028.61,0
4389,574,46,2,6606.29,0
4390,2403,61,5,38328.58,30
4391,125,75,4,5870.98,0
4392,1172,121,5,41230.85,0
4393,1996,50,5,16243.55,20
4394,2579,129,3,1984.58,25
4395,807,32,-4,17451.85,0
4396,1394,4,4,6375.86,25
4397,250,90,2,4446.37,20
4398,1054,81,4,20813.38,25
4399,2603,66,4,13938.75,30
4400,72,2,1,38014.09,25
4401,1833,131,3,37908.41,5
4402,731,49,2,47079.78,30
4403,915,124,4,32127.81,0
4404,857,61,3,13833.36,25
4405,1512,119,5,21882.64,0
4406,207,10,1,42629.94,0
4407,1562,42,3,31176.3,5
4408,2082,148,1,48527.48,20
4409,923,23,3,17581.58,30
4410,78,129,4,23073.35,0
4411,869,29,5,36243.31,0
4412,2012,14,5,26822.88,15
4413,2735,51,5,35759.75,10
4414,2250,80,2,20177.26,10
4415,1858,12,1,48083.84,25
4416,1996,10,1,20111.38,15
4417,2967,145,4,11686.09,0
4418,1590,43,4,38740.67,0
4419,91,77,1,19441.0,15
4420,411,22,5,43183.94,0
4421,1283,129,4,40454.09,0
4422,1318,58,2,47890.53,0
4423,2424,105,5,6047.86,25
4424,1617,140,4,32996.14,20
4425,2735,44,-2,38402.49,0
4426,1406,136,2,41663.14,30
4427,2879,142,4,47701.24,10
4428,2528,25,1,11663.83,30
4429,984,22,5,22060.59,0
4430,1813,130,2,41774.19,5
4431,2056,21,5,4347.03,25
4432,385,31,1,2710.83,25
4433,1789,17,4,49719.8,0
4434,2513,17,5,947.64,0
4435,63,24,2,34378.13,0
4436,1132,141,-5,4030.47,5
4437,2632,147,2,27950.71,0
4438,1910,126,2,22442.04,20
4439,1321,97,1,44099.49,10
4440,2349,26,3,37230.34,5
4441,1627,85,5,44203.87,0
4442,1890,31,5,37706.29,30
4443,913,134,2,21131.96,25
4444,2379,97,5,20188.2,0
4445,2352,146,2,43471.16,0
4446,2058,109,4,39573.13,30
4447,1521,116,4,45435.02,25
4448,1976,55,-5,15939.25,20
4449,788,64,4,28318.3,10
4450,1158,24,2,20246.7,15
4451,1830,63,5,42013.75,0
4452,1473,40,1,46945.7,0
4453,893,1,3,28044.9,0
4454,2081,135,1,38797.68,0
4455,1420,86,4,2805.23,30
4456,2041,9,4,3468.35,0
4457,772,22,3,15362.78,0
4458,2016,80,-4,44490.02,30
4459,1999,32,1,7959.86,30
4460,2400,97,2,41527.11,0
4461,1027,27,4,38978.64,20
4462,732,69,1,28004.18,25
4463,2922,64,2,42659.31,20
4464,259,20,5,412.52,15
4465,2345,41,1,25810.02,30
4466,92,39,2,27784.97,20
4467,144,49,3,31717.88,25
4468,369,124,3,41779.01,15
4469,1343,22,2,46683.57,15
4470,308,107,3,32811.21,20
4471,2828,51,4,35763.44,30
4472,79,14,4,16312.51,15
4473,6,17,5,19911.03,25
4474,1610,112,5,38997.82,25
4475,2561,26,2,17141.7,10
4476,1129,141,4,34269.59,15
4477,101,147,1,17590.5,0
4478,1136,11,4,30072.45,10
4479,1655,94,1,45882.29,0
4480,1226,150,1,47681.39,10
4481,965,133,3,36657.58,30
4482,649,5,3,49691.31,5
4483,2770,39,2,6397.44,5
4484,2263,110,3,5600.59,0
4485,2351,28,2,38657.49,0
4486,1752,45,2,10631.81,0
4487,475,107,4,20029.05,20
4488,2541,22,1,45786.07,0
4489,2881,84,5,18100.75,0
4490,1013,91,4,42919.7,0
4491,1451,6,3,34618.24,10
4492,1829,128,1,8331.31,30
4493,2197,33,3,40647.51,0
4494,1538,34,5,21595.68,10
4495,2853,113,2,10924.25,0
4496,1034,41,4,27832.85,5
4497,322,41,3,49960.49,30
4498,2218,72,4,12945.3,10
4499,1814,109,3,224.65,25
4500,2736,9,4,17522.17,0
4501,2589,33,3,26903.31,5
4502,1533,31,5,45957.3,30
4503,2473,116,4,24730.29,30
4504,1320,116,1,17346.54,0
4505,1757,45,-2,41645.58,25
4506,1062,74,5,25923.78,0
4507,1428,45,5,33935.33,0
4508,1741,141,2,28005.72,0
4509,88,122,5,25745.23,0
4510,148,149,2,245.4,10
4511,801,89,3,2529.51,0
4512,2380,34,5,8417.93,0
4513,2755,43,2,39908.35,15
4514,2344,147,5,39451.77,10
4515,692,111,1,15017.48,30
4516,2658,120,4,24084.45,30
4517,434,89,1,7463.65,20
4518,2090,144,5,47772.73,0
4519,480,92,1,43012.71,20
4520,187,6,5,48336.89,10
4521,449,27,4,44908.17,5
4522,2052,126,2,30702.72,0
4523,598,81,5,26080.85,5
4524,940,35,5,27071.89,20
4525,305,86,3,43026.39,15
4526,2437,83,4,21993.88,25
4527,1916,23,5,35252.96,0
4528,773,57,4,31222.38,0
4529,1926,46,2,37677.26,0
4530,2184,140,4,5555.53,10
4531,2220,120,1,15229.78,0
4532,2855,134,5,12876.64,0
4533,2971,99,3,23819.29,5
4534,1598,109,3,4455.22,25
4535,96,1,1,5897.95,0
4536,1679,64,5,13605.33,0
4537,1088,146,3,31287.51,30
4538,2373,125,5,16320.74,25
4539,1419,73,2,39532.27,5
4540,2468,66,5,48734.74,10
4541,203,135,1,47799.87,20
4542,1642,139,1,9450.93,5
4543,1928,44,4,38124.49,5
4544,1831,89,1,28365.77,20
4545,2114,30,1,28782.45,25
4546,1514,26,1,30285.19,0
4547,1345,56,4,34544.39,30
4548,771,22,5,21759.4,15
4549,2314,63,3,5344.46,0
4550,1681,133,5,23474.62,30
4551,2888,62,2,2038.84,5
4552,2571,135,1,12516.54,0
4553,2176,140,1,41744.53,0
4554,1802,119,4,4813.73,0
4555,2060,69,3,21765.06,0
4556,2698,36,3,15812.56,0
4557,1052,77,3,22050.08,15
4558,1602,17,3,941.0,0
4559,2701,68,1,1122.35,10
4560,1232,80,5,46184.89,0
4561,1725,90,2,22864.77,5
4562,2757,13,4,20145.75,15
4563,1052,77,-2,5234.18,15
4564,2432,127,1,39190.63,0
4565,537,72,3,21911.23,5
4566,1341,11,5,43726.09,0
4567,1883,31,4,45394.63,5
4568,1719,1,1,22399.46,20
4569,2069,18,2,4974.49,15
4570,1065,35,4,4157.52,30
4571,829,34,1,45880.69,5
4572,2961,103,4,22685.56,30
4573,2943,96,2,17039.08,10
4574,901,83,4,36933.0,25
4575,2812,28,5,42434.01,5
4576,2305,39,1,43530.61,20
4577,2134,120,1,30595.63,0
4578,544,42,1,35660.15,30
4579,13,25,5,41599.31,15
4580,1077,23,2,5066.49,0
4581,781,50,-3,23484.63,0
4582,1246,69,3,44780.48,20
4583,2914,97,2,41672.63,0
4584,559,12,2,48578.28,10
4585,1821,88,4,30952.79,0
4586,24,13,2,6496.79,25
4587,1578,80,2,9671.1,15
4588,2455,116,2,15870.77,0
4589,36,149,2,23584.43,10
4590,2599,30,1,34684.91,5
4591,319,11,5,34067.43,10
4592,197,85,2,29290.81,20
4593,2191,103,3,42101.06,15
4594,2809,47,2,26488.44,0
4595,34,43,3,13429.54,30
4596,92,126,4,21813.82,25
4597,1634,81,3,29826.31,0
4598,410,66,4,43683.58,10
4599,969,67,4,48528.8,0
4600,1664,9,5,27229.37,0
4601,594,42,2,13587.67,10
4602,2735,78,5,33259.36,10
4603,1346,21,3,23200.27,0
4604,1555,15,4,28987.91,10
4605,2192,34,4,19858.04,0
4606,2463,91,3,47559.54,0
4607,2968,147,1,41951.28,0
4608,1920,113,2,33835.54,30
4609,2505,55,3,2590.86,25
4610,869,145,1,32982.1,5
4611,648,133,5,36075.49,15
4612,968,129,3,17019.29,15
4613,2087,31,3,20754.76,25
4614,1367,102,4,46921.08,20
4615,2765,119,2,41418.67,10
4616,1486,105,3,13463.96,25
4617,2664,9,1,10660.84,30
4618,1329,73,3,32789.23,0
4619,2528,134,5,3991.17,0
4620,2485,63,1,35639.01,0
4621,2873,39,2,35888.21,10
4622,2048,110,4,2329.12,20
4623,825,141,2,20467.61,10
4624,76,2,5,24412.56,15
4625,1203,149,4,29904.66,0
4626,579,24,2,2637.25,0
4627,1035,51,4,29095.22,25
4628,1948,85,4,31510.25,10
4629,752,31,1,40113.04,25
4630,1422,96,3,19862.63,30
4631,1441,82,1,29809.86,15
4632,2142,54,4,49265.84,30
4633,2369,148,2,39676.22,30
4634,2290,105,4,4942.96,20
4635,1395,47,5,36726.28,0
4636,2705,55,4,47327.48,0
4637,957,114,1,45614.72,0
4638,185,90,1,40204.82,0
4639,1813,146,5,22170.04,30
4640,342,13,3,46920.55,0
4641,1087,44,3,14165.02,0
4642,1259,128,1,42983.9,30
4643,2361,90,1,30513.29,0
4644,470,52,4,31446.23,20
4645,1155,4,3,34496.7,5
4646,2553,149,3,5047.97,0
4647,2681,148,2,15133.84,25
4648,1557,126,4,12138.47,25
4649,1672,97,4,10338.5,25
4650,1215,61,4,5720.97,20
4651,1512,96,2,5927.57,30
4652,2010,141,2,13680.39,5
4653,360,3,1,32918.32,30
4654,2842,31,3,13529.51,0
4655,530,12,1,23397.4,30
4656,1284,122,5,43497.91,10
4657,774,129,1,12914.77,30
4658,1958,3,5,2207.84,0
4659,2637,93,4,34711.38,0
4660,731,80,4,31244.9,0
4661,2710,75,4,6623.16,0
4662,2864,45,5,37706.72,5
4663,2950,134,4,20541.69,5
4664,1240,71,3,18027.01,0
4665,2333,6,2,16142.77,30
4666,567,143,3,7724.09,30
4667,2836,34,4,45414.27,10
4668,2780,76,4,22811.92,0
4669,2010,43,4,37983.39,0
4670,530,64,5,863.2,0
4671,2197,3,4,27635.8,10
4672,2587,81,-2,9090.1,0
4673,2106,141,1,39753.04,15
4674,890,45,2,11313.82,10
4675,293,101,1,46709.3,0
4676,2226,150,5,8379.26,0
4677,785,33,2,21277.38,20
4678,2391,146,4,4735.54,30
4679,601,29,2,37649.39,15
4680,2790,46,1,17891.32,10
4681,538,40,-4,13243.39,30
4682,2791,127,3,8796.53,15
4683,1854,52,1,42990.78,15
4684,2150,55,4,7295.63,0
4685,214,103,1,12363.81,25
4686,1781,98,4,17818.66,30
4687,1993,24,3,11668.99,5
4688,2044,10,2,49604.13,10
4689,230,84,4,41586.3,20
4690,2507,44,4,6033.96,0
4691,2589,103,2,28742.77,15
4692,1074,35,4,22521.14,5
4693,1830,39,1,34681.13,0
4694,1828,83,3,23008.21,10
4695,1509,29,1,15218.08,10
4696,2478,131,5,24573.2,0
4697,2000,126,5,25786.49,5
4698,679,74,5,33835.4,0
4699,40,144,2,26695.38,0
4700,2896,81,1,31287.98,0
4701,942,131,1,10329.56,5
4702,902,28,2,39810.01,0
4703,1109,142,5,36645.57,0
4704,2217,128,3,23150.17,0
4705,2631,150,2,1997.75,0
4706,964,148,5,4752.44,0
4707,128,71,4,45536.8,0
4708,2224,17,4,37740.27,30
4709,161,120,4,37501.66,10
4710,1123,17,1,5334.25,10
4711,1804,45,3,785.91,0
4712,191,135,4,8811.99,5
4713,661,122,2,18647.98,0
4714,689,125,2,35068.08,5
4715,2983,99,4,7976.39,25
4716,1497,150,4,5524.49,30
4717,1669,7,3,47634.51,15
4718,1804,74,1,11651.74,30
4719,2563,130,4,37844.15,20
4720,2516,33,5,37606.4,20
4721,1334,62,-5,27208.88,0
4722,53,6,1,27044.37,0
4723,2124,41,4,3581.37,30
4724,196,54,2,25784.59,5
4725,2761,39,2,32440.72,15
4726,2841,90,3,47362.66,25
4727,2025,45,3,33855.25,25
4728,311,117,-3,27924.82,25
4729,2367,67,2,18827.22,5
4730,2496,137,2,41118.43,0
4731,2952,53,1,38583.29,0
4732,725,129,1,8109.72,20
4733,2928,143,1,1728.44,20
4734,2906,84,1,20993.59,30
4735,1191,59,4,9220.69,30
4736,2966,26,2,2965.59,10
4737,191,145,1,32504.18,0
4738,2531,102,4,23351.15,5
4739,400,126,2,30770.85,5
4740,1948,90,1,44531.8,30
4741,1057,136,1,35663.72,20
4742,2518,26,5,31201.25,0
4743,1114,110,3,4604.75,10
4744,1652,139,3,40334.24,5
4745,224,26,1,8770.98,25
4746,2492,122,2,17016.92,15
4747,716,87,5,5926.6,0
4748,757,122,2,33888.59,15
4749,2561,4,2,15894.04,0
4750,1753,121,4,22114.45,25
4751,2309,3,4,10117.99,0
4752,742,104,4,30463.71,0
4753,1912,35,2,25001.7,10
4754,891,103,1,17823.97,10
4755,2941,47,5,18135.23,15
4756,1331,134,3,31978.31,0
4757,2203,58,3,6731.59,5
4758,263,21,4,49597.3,20
4759,2547,63,5,12696.64,0
4760,2708,68,2,24372.23,5
4761,658,109,1,33683.36,10
4762,824,20,3,19883.61,0
4763,206,136,5,18040.06,15
4764,1311,50,4,49714.63,30
4765,1745,108,5,16535.02,0
4766,2079,142,4,23764.86,0
4767,2624,116,5,23095.81,25
4768,1893,6,4,39752.55,15
4769,2079,49,3,20738.71,5
4770,1911,94,3,36314.85,15
4771,616,122,4,32139.79,20
4772,1643,145,5,18404.34,25
4773,2408,39,1,19932.39,0
4774,1137,105,1,31747.69,5
4775,978,125,3,10569.17,30
4776,922,59,1,7775.63,10
4777,2368,43,5,8734.19,0
4778,1614,110,4,30546.73,0
4779,88,6,2,56.01,0
4780,688,108,4,28058.3,30
4781,1664,66,3,29038.39,0
4782,589,127,4,7428.53,10
4783,663,91,1,40658.58,0
4784,825,95,2,49010.7,0
4785,300,119,4,18829.36,10
4786,778,55,-5,2470.15,25
4787,183,30,4,14719.57,20
4788,906,76,5,5898.31,15
4789,2243,52,1,11170.36,15
4790,927,70,5,41859.43,10
4791,123,57,4,19019.46,30
4792,1673,99,5,45944.97,5
4793,1860,50,2,8010.15,30
4794,2558,106,2,17822.16,0
4795,272,146,1,35758.7,15
4796,784,87,5,4244.94,20
4797,2332,125,1,42999.43,10
4798,2714,146,1,46492.33,0
4799,2622,53,5,31597.5,0
4800,2602,110,1,3381.13,0
4801,26,9,3,23602.8,0
4802,248,135,3,8806.17,15
4803,2886,133,4,30885.67,15
4804,1161,25,4,43112.78,25
4805,2999,37,5,32249.24,0
4806,38,98,3,7128.89,5
4807,2149,49,5,44323.25,15
4808,1493,36,1,2039.13,30
4809,30,115,4,43889.15,15
4810,2238,41,4,27947.16,0
4811,1617,42,2,39228.25,10
4812,1866,61,2,191.86,10
4813,1683,66,4,47455.45,5
4814,2467,84,3,15802.63,0
4815,2396,127,1,6090.04,0
4816,1108,56,2,29216.39,0
4817,2407,62,3,20473.6,0
4818,2167,124,4,19645.07,15
4819,1242,40,2,22020.24,30
4820,1375,94,4,15620.31,0
4821,2025,127,-3,7364.07,15
4822,1671,113,3,9391.97,0
4823,1579,15,5,9585.38,0
4824,2495,141,4,37348.5,5
4825,1870,128,4,12709.75,10
4826,2120,99,2,49734.05,25
4827,1439,53,2,14912.61,25
4828,2664,111,2,47717.3,15
4829,1459,131,2,49564.08,10
4830,2579,100,5,33809.24,30
4831,898,8,2,46344.71,30
4832,1100,80,2,35552.17,20
4833,1679,30,-5,15876.36,0
4834,2936,89,3,24711.78,10
4835,2563,140,1,37773.27,20
4836,354,96,5,24425.5,30
4837,517,117,1,44116.4,30
4838,479,92,4,9346.57,20
4839,2618,18,1,24098.91,0
4840,1011,86,2,39372.51,0
4841,1219,115,0,6593.19,5
4842,2893,27,1,39094.81,0
4843,1851,94,5,9088.06,0
4844,831,77,5,31843.56,15
4845,1030,53,1,3976.95,0
4846,1147,102,2,3603.44,20
4847,2992,117,1,24772.01,5
4848,2796,82,3,9518.36,30
4849,390,39,3,47950.08,25
4850,424,61,3,46623.43,10
4851,1842,106,3,32505.72,20
4852,2581,70,2,9513.18,10
4853,959,73,5,41541.19,0
4854,1805,137,3,49597.38,10
4855,1235,14,2,24199.16,20
4856,531,25,5,21717.21,25
4857,725,115,5,40879.27,10
4858,1438,32,5,14891.75,0
4859,32,143,-2,13870.48,5
4860,2007,27,1,8395.56,25
4861,1417,70,2,11953.06,5
4862,2317,117,2,20998.94,30
4863,2666,50,2,42379.7,5
4864,755,47,4,19807.37,0
4865,2122,66,4,23866.61,0
4866,2024,126,3,4171.21,0
4867,185,9,-3,33103.37,10
4868,194,49,2,32047.44,30
4869,861,92,1,15727.92,20
4870,813,104,4,37785.79,20
4871,2080,97,5,30307.5,25
4872,1316,30,2,14723.16,15
4873,1015,42,5,24605.52,15
4874,640,139,2,26291.03,20
4875,1716,103,2,39657.81,0
4876,399,87,3,8653.14,25
4877,1460,67,5,46605.11,10
4878,1756,96,3,4826.97,0
4879,1737,124,3,22928.26,5
4880,821,132,2,8255.07,5
4881,2731,84,4,34634.54,0
4882,876,14,5,20085.65,15
4883,1833,105,3,8430.25,30
4884,943,77,3,39949.88,20
4885,839,131,5,42393.16,0
4886,2633,58,4,31976.76,0
4887,2127,58,1,19569.78,30
4888,2826,68,3,49345.42,30
4889,817,34,1,48784.44,20
4890,1029,30,5,30161.02,0
4891,1913,15,1,27827.31,25
4892,86,90,3,40310.73,10
4893,2861,137,3,6151.63,25
4894,1600,21,3,15549.27,10
4895,688,43,5,42339.95,30
4896,896,118,1,11833.15,25
4897,917,23,5,1527.68,0
4898,150,31,2,33392.64,25
4899,1640,59,1,3611.21,30
4900,1812,14,3,36879.11,15
4901,1839,5,2,41519.73,20
4902,2676,136,2,42434.01,10
4903,2060,125,4,26909.22,20
4904,2124,73,1,11931.12,20
4905,2467,53,4,23219.33,5
4906,1603,70,2,42313.11,30
4907,2187,122,1,44773.44,20
4908,2542,130,3,15152.46,25
4909,216,146,4,18798.51,10
4910,2100,91,4,40316.26,30
4911,1695,117,4,36679.07,10
4912,1377,56,5,19567.46,0
4913,2338,145,2,12432.54,30
4914,2818,102,1,43954.38,10
4915,776,101,5,477.12,5
4916,1915,19,5,27247.69,25
4917,1652,30,2,16925.45,15
4918,1779,100,2,10527.59,5
4919,2261,30,2,33000.54,0
4920,864,15,3,2879.81,25
4921,2338,141,2,26878.66,5
4922,189,24,2,22395.49,5
4923,2580,121,3,30037.48,0
4924,99,18,2,14326.04,25
4925,2923,2,5,36218.67,25
4926,2466,21,1,26950.87,5
4927,1686,149,4,27324.37,0
4928,2298,58,1,1012.7,5
4929,2303,51,2,37371.78,5
4930,1658,18,3,24972.36,20
4931,1182,94,4,16012.24,0
4932,2643,20,1,30138.62,0
4933,2370,48,2,31040.27,30
4934,1405,134,5,2143.15,0
4935,2292,133,1,11522.21,0
4936,2756,128,3,11888.56,0
4937,1266,69,-1,10212.38,10
4938,1390,64,4,37915.73,0
4939,2053,85,5,2214.22,5
4940,2077,49,1,21986.67,0
4941,384,3,3,22259.55,0
4942,983,80,-1,7668.9,10
4943,189,83,5,2846.69,20
4944,1736,144,3,27430.86,25
4945,2757,139,5,46317.22,30
4946,766,145,4,15104.27,25
4947,2906,140,1,48296.88,10
4948,2959,8,5,46047.95,0
4949,1585,89,1,8094.68,15
4950,1311,39,5,15534.29,20
4951,1494,71,4,2201.82,10
4952,2404,86,1,45722.68,0
4953,1159,123,2,41447.36,30
4954,1808,85,2,43594.84,30
4955,1211,30,2,27622.49,0
4956,2799,19,1,802.99,0
4957,879,82,5,42941.49,0
4958,1919,80,1,18532.15,0
4959,2175,52,2,1833.98,0
4960,1277,58,3,35678.6,0
4961,2654,129,5,17330.92,15
4962,1173,108,3,11567.28,10
4963,889,12,3,5958.71,30
4964,968,88,1,30135.87,15
4965,2193,9,5,3197.37,10
4966,1816,51,2,49468.16,5
4967,1561,91,3,43385.53,0
4968,561,3,-5,35348.97,25
4969,2762,148,2,10656.99,0
4970,1147,102,3,18517.11,0
4971,465,43,1,36461.18,30
4972,1125,5,1,3819.43,20
4973,410,8,5,38782.79,25
4974,1266,145,4,18002.08,5
4975,1902,83,2,6607.07,30
4976,758,41,3,32070.08,0
4977,1282,147,2,42835.78,0
4978,1408,10,1,47658.84,10
4979,2749,136,5,24438.93,30
4980,559,59,3,33697.0,0
4981,1274,47,1,43588.83,30
4982,1588,60,3,32515.83,0
4983,2546,107,5,42566.23,0
4984,1511,21,3,39524.71,15
4985,774,60,1,13658.93,0
4986,2323,144,5,25849.12,10
4987,980,127,2,46262.96,0
4988,932,6,1,39821.98,5
4989,288,30,-3,48718.17,25
4990,1790,44,1,12654.89,10
4991,1180,60,1,13075.15,25
4992,1453,6,5,7317.06,30
4993,1615,21,2,29081.85,15
4994,2193,8,4,7219.19,25
4995,1560,58,3,15307.75,30
4996,880,140,4,43321.65,5
4997,635,33,4,11991.34,0
4998,2845,75,1,27504.57,0
4999,2293,13,2,6078.3,30
5000,1452,72,5,37326.8,0
5001,2701,133,5,24429.34,10
5002,189,147,3,4602.04,0
5003,591,76,1,36127.29,20
5004,888,90,3,12399.97,0
5005,1318,83,3,19567.37,10
5006,491,68,1,23194.41,25
5007,2287,15,4,7243.9,5
5008,1757,107,3,35151.83,10
5009,1,132,2,15889.4,25
5010,1686,90,5,49787.73,0
5011,780,59,4,20803.03,5
5012,945,127,1,12236.12,25
5013,238,85,5,8627.11,30
5014,1608,56,2,20209.51,15
5015,2037,73,4,10044.36,20
5016,1335,37,1,14929.4,0
5017,2080,117,3,38247.99,5
5018,2512,101,3,46853.5,15
5019,2912,87,4,16266.77,0
5020,1708,35,4,26302.89,0
5021,1957,16,1,4657.99,20
5022,764,37,1,32479.27,25
5023,2416,71,1,36865.17,0
5024,1400,58,2,39304.78,25
5025,2851,112,2,40678.02,5
5026,2698,13,4,23311.9,30
5027,709,54,2,27800.19,0
5028,2010,53,3,9296.14,0
5029,1859,142,1,32153.38,30
5030,901,85,1,34294.31,25
5031,1230,106,5,1890.07,10
5032,2771,67,4,29639.55,5
5033,1633,26,4,45390.62,0
5034,2349,34,5,19194.94,20
5035,2007,116,4,11553.44,15
5036,978,104,-1,18094.22,0
5037,2668,144,3,25542.71,30
5038,401,17,4,27224.47,0
5039,2631,121,-5,42632.52,30
5040,2200,103,1,20741.73,0
5041,1069,11,0,44518.67,30
5042,700,46,3,4215.61,20
5043,1938,93,5,9199.32,20
5044,2040,14,3,26519.86,5
5045,720,51,5,35607.59,0
5046,2453,20,4,27912.87,25
5047,1215,43,4,27665.18,10
5048,2782,117,1,15033.28,0
5049,2541,35,4,34408.0,0
5050,1692,118,5,5583.16,0
5051,1679,139,1,5769.28,0
5052,325,115,5,47075.03,0
5053,656,4,1,35029.36,10
5054,890,131,2,9074.82,0
5055,416,43,3,20100.94,0
5056,95,44,3,41028.67,10
5057,775,146,4,16500.66,15
5058,1596,82,4,21119.64,15
5059,2456,46,4,40455.42,15
5060,2012,40,1,9620.26,0
5061,805,3,4,8908.08,30
5062,2165,148,5,32964.28,0
5063,2357,141,1,39418.91,25
5064,1057,78,5,5271.84,20
5065,2214,14,4,23378.19,15
5066,106,49,5,23057.29,25
5067,153,87,2,25003.59,0
5068,2077,88,2,9066.5,25
5069,221,59,5,38093.35,25
5070,2105,1,1,33401.49,5
5071,2841,107,5,6202.32,0
5072,547,53,2,48463.57,30
5073,1493,140,4,9539.2,5
5074,1991,135,1,8402.67,0
5075,1167,113,3,44889.75,5
5076,1298,22,3,3545.56,5
5077,728,72,2,22936.37,0
5078,1941,103,1,16409.16,5
5079,161,86,4,42799.33,0
5080,1111,15,4,40510.03,10
5081,746,99,2,42700.92,0
5082,1311,15,5,6634.79,30
5083,2419,39,2,43928.74,0
5084,1319,11,2,48587.81,25
5085,1224,50,1,9427.18,10
5086,567,147,3,33713.27,0
5087,1376,86,5,12138.46,20
5088,163,40,4,36503.9,10
5089,1807,108,3,37298.72,0
5090,227,105,5,15931.46,0
5091,432,10,5,19915.67,0
5092,1601,121,5,37732.12,5
5093,465,34,5,42105.37,0
5094,691,55,5,9087.11,25
5095,1309,92,3,25086.62,15
5096,2121,86,5,47486.81,0
5097,207,79,2,25776.38,30
5098,2370,148,3,43322.02,10
5099,5,102,1,37809.18,0
5100,1499,79,1,5309.14,30
5101,76,48,1,24963.49,0
5102,2061,24,3,29016.45,5
5103,1587,120,4,24684.55,0
5104,2215,79,1,41919.15,25
5105,426,58,2,7038.12,15
5106,2297,131,3,34512.73,10
5107,1731,45,4,6478.0,0
5108,1336,78,3,37642.12,0
5109,1224,105,-1,19474.21,30
5110,15,127,1,33933.27,25
5111,2539,86,1,39441.86,0
5112,2022,45,1,8942.11,10
5113,1243,6,1,17154.45,20
5114,2622,53,3,16888.96,0
5115,2458,5,3,26468.17,20
5116,1741,110,4,19999.08,30
5117,825,98,2,1787.36,10
5118,388,105,5,44202.96,0
5119,1934,9,1,46405.56,25
5120,233,42,4,31090.99,10
5121,1891,138,2,39153.38,10
5122,119,131,5,38703.13,5
5123,2340,111,3,33907.49,25
5124,609,64,4,29589.48,0
5125,2660,23,2,315.53,20
5126,1651,74,-4,40662.5,0
5127,1034,95,1,20362.95,15
5128,688,98,1,36850.08,0
5129,912,134,1,46541.93,0
5130,1606,44,1,21819.48,10
5131,239,77,2,34661.68,20
5132,635,109,1,20223.79,5
5133,2946,7,4,19700.38,20
5134,42,92,2,35171.47,30
5135,1163,123,4,39119.72,25
5136,1973,48,3,12883.59,25
5137,2834,19,2,32039.64,0
5138,2068,38,4,41734.95,30
5139,2496,146,5,41564.72,30
5140,1277,10,4,42352.13,15
5141,370,3,3,23636.47,5
5142,2135,101,5,1558.49,0
5143,305,100,3,31464.97,30
5144,1299,18,-2,17773.8,0
5145,2987,124,5,23255.31,25
5146,1722,149,4,44252.85,0
5147,791,98,2,18590.18,5
5148,296,54,4,19386.62,0
5149,1343,76,2,8175.97,0
5150,2233,145,4,41954.43,15
5151,197,87,1,39457.04,0
5152,2633,98,-4,2261.39,15
5153,2627,67,2,25219.88,15
5154,2565,131,2,41335.59,0
5155,440,106,5,33234.42,0
5156,2208,47,5,30747.07,20
5157,1780,25,4,46751.79,15
5158,2768,142,2,37031.69,0
5159,2285,57,2,31984.79,10
5160,806,73,4,11677.37,0
5161,1908,141,3,21740.51,0
5162,1348,90,4,20482.53,0
5163,1569,79,1,42473.74,20
5164,2999,20,4,47511.49,20
5165,1165,121,-2,27084.02,0
5166,2452,128,2,10155.54,0
5167,2516,110,5,19793.63,15
5168,625,28,4,19608.58,30
5169,2838,140,5,21214.58,10
5170,928,143,1,13717.74,10
5171,2358,91,3,36099.98,25
5172,269,88,4,29801.39,25
5173,2169,21,3,32463.3,0
5174,2569,59,2,20165.16,0
5175,2588,73,5,41117.73,25
5176,1900,99,3,49255.38,25
5177,329,124,3,29068.27,0
5178,2353,113,3,15837.5,5
5179,1160,72,1,1790.19,0
5180,748,111,5,46177.24,0
5181,1864,130,2,8927.89,5
5182,817,17,5,15263.86,20
5183,293,33,1,34434.53,25
5184,1879,31,3,31936.95,25
5185,61,19,2,10609.08,10
5186,1199,21,4,34307.43,15
5187,1768,101,3,45238.38,0
5188,1343,96,4,20033.85,15
5189,615,39,2,970.85,20
5190,1420,123,4,13643.35,0
5191,2697,1,2,113.71,20
5192,2251,120,2,14064.97,20
5193,1936,8,5,19420.22,0
5194,1777,124,1,19509.31,15
5195,1628,94,0,37165.3,0
5196,1701,92,5,11271.5,20
5197,685,40,1,34258.62,0
5198,86,94,1,41525.9,10
5199,796,76,5,19856.5,30
5200,2852,114,-3,28342.52,10
5201,1273,80,3,23381.47,15
5202,1580,23,5,8553.8,5
5203,740,96,1,42528.31,25
5204,337,11,2,17016.81,30
5205,2279,118,2,1742.95,15
5206,2988,30,5,10737.55,0
5207,1109,88,5,23532.21,0
5208,338,63,1,1703.6,30
5209,252,90,2,38260.8,25
5210,1439,106,4,5418.24,30
5211,1374,7,2,6286.74,0
5212,2323,91,5,9378.79,0
5213,730,70,3,35866.51,20
5214,352,89,5,6757.14,25
5215,2872,72,5,37447.45,30
5216,1383,31,3,39776.22,25
5217,1434,97,1,8785.28,30
5218,2263,106,1,25690.34,30
5219,455,52,3,15380.86,5
5220,1087,40,1,17931.03,0
5221,1765,94,5,15830.68,0
5222,766,123,0,13126.02,20
5223,2521,138,1,3521.78,25
5224,352,59,4,36212.57,20
5225,1583,122,2,7290.23,10
5226,679,107,2,712.5,5
5227,77,149,1,6149.22,5
5228,1046,18,3,4564.97,0
5229,2115,43,2,4029.68,25
5230,2216,133,4,46493.48,0
5231,168,78,2,33545.48,30
5232,2407,2,1,33718.99,25
5233,1154,41,4,30335.73,25
5234,1509,39,3,29369.54,0
5235,2145,83,3,43088.03,25
5236,1070,65,5,34946.47,15
5237,699,58,2,18681.6,30
5238,1486,85,-1,7654.0,0
5239,6,134,4,4055.67,20
5240,1626,3,5,41228.36,15
5241,2032,128,3,49380.19,0
5242,1782,138,2,23605.07,0
5243,2935,29,1,5962.96,20
5244,2489,134,5,39057.18,10
5245,826,24,4,48439.73,15
5246,301,100,3,993.65,0
5247,1140,88,1,41599.73,0
5248,103,98,4,30858.13,0
5249,1113,133,3,13474.14,20
5250,1901,31,5,45680.95,10
5251,1998,51,-5,17667.33,15
5252,2311,144,2,10463.93,15
5253,465,61,2,46652.66,15
5254,805,35,2,11008.47,15
5255,2528,128,5,46441.03,25
5256,647,14,3,24910.53,0
5257,2248,70,2,18827.44,20
5258,1155,91,3,42950.18,0
5259,76,53,3,20101.93,15
5260,1255,1,4,29600.73,10
5261,888,42,5,321.96,30
5262,402,139,4,28407.56,5
5263,674,10,1,31374.81,15
5264,674,52,5,36696.25,0
5265,1760,18,5,47123.52,20
5266,243,106,5,39109.98,15
5267,309,132,3,45420.93,5
5268,965,31,5,23026.01,10
5269,917,47,2,20349.8,5
5270,943,109,4,294.46,0
5271,602,24,4,49986.76,0
5272,2287,45,5,40643.73,15
5273,636,117,1,32070.71,0
5274,2561,148,4,18880.46,5
5275,889,10,5,45653.44,25
5276,2111,135,3,39565.59,20
5277,1122,84,5,20175.25,5
5278,1954,54,2,11175.21,0
5279,406,98,4,14257.03,0
5280,2644,12,1,40382.25,0
5281,49,1,1,6753.37,25
5282,2059,27,5,4931.14,20
5283,1711,61,4,13072.61,5
5284,1945,50,4,11838.57,5
5285,1440,68,4,34067.84,10
5286,1658,100,1,39124.92,0
5287,374,40,4,27766.41,15
5288,396,140,3,2883.05,10
5289,2480,103,3,19362.3,15
5290,1115,81,4,41234.11,25
5291,1755,18,2,49181.48,15
5292,2509,7,-3,1329.99,20
5293,2942,70,-2,5505.85,0
5294,173,77,2,25914.5,0
5295,347,141,3,23757.98,10
5296,2930,62,4,35158.73,5
5297,408,55,4,23344.26,25
5298,2427,93,2,18206.58,0
5299,1306,64,3,28548.54,0
5300,432,75,2,12033.41,25
5301,1176,61,1,27942.1,20
5302,1746,68,1,36919.09,15
5303,2828,13,5,9645.65,25
5304,1990,147,1,47858.84,30
5305,1754,52,5,13613.93,0
5306,2894,47,5,2343.44,10
5307,2972,129,1,43009.27,30
5308,1282,14,3,13858.68,0
5309,1485,93,3,6267.74,10
5310,2415,87,1,28812.79,20
5311,1226,10,2,13477.85,10
5312,2129,11,3,9418.98,10
5313,873,6,5,45594.93,5
5314,510,107,4,16195.82,25
5315,2956,148,1,14823.94,20
5316,910,50,1,39215.65,0
5317,2811,20,1,48212.9,0
5318,2004,121,2,45777.07,0
5319,1828,128,5,4748.53,20
5320,1856,3,4,25491.5,30
5321,819,51,1,27169.25,5
5322,271,47,4,37319.27,0
5323,1104,14,3,11549.0,20
5324,2117,134,3,43791.29,5
5325,880,125,2,683.93,15
5326,2729,95,5,43273.23,0
5327,921,10,-2,30435.44,20
5328,1633,16,1,16198.07,15
5329,203,89,1,35217.83,25
5330,1544,24,3,6970.58,10
5331,2026,123,1,34968.55,0
5332,165,14,2,13812.91,0
5333,1318,123,3,29652.39,20
5334,1524,39,4,22185.32,0
5335,946,114,2,19275.85,5
5336,1055,50,3,30901.52,0
5337,127,7,2,39517.28,0
5338,1539,8,4,6685.87,15
5339,1929,140,4,6510.09,30
5340,1176,45,1,49791.01,25
5341,2586,39,1,2795.61,10
5342,1937,143,5,10169.38,25
5343,288,107,5,33434.21,30
5344,2322,20,2,26578.92,0
5345,2435,79,1,39483.74,0
5346,980,55,2,26092.93,0
5347,2106,42,3,27354.34,0
5348,1197,115,2,47203.3,20
5349,2699,76,4,21704.91,15
5350,1022,26,-1,18648.17,0
5351,2561,136,1,17802.3,30
5352,672,51,4,26362.66,20
5353,2692,142,2,18603.29,0
5354,2399,85,2,28790.04,10
5355,79,54,1,5180.89,0
5356,2678,55,2,24071.3,0
5357,1199,21,3,17936.89,10
5358,2788,71,3,46932.2,5
5359,794,2,1,13148.24,30
5360,1511,115,5,36846.43,0
5361,1447,86,1,27908.07,10
5362,888,112,1,4697.6,25
5363,656,45,2,34561.4,10
5364,405,145,4,19252.46,10
5365,404,141,1,573.56,30
5366,921,133,1,38476.02,0
5367,1910,102,1,43033.05,25
5368,2424,110,3,11346.66,0
5369,2047,6,5,16707.99,10
5370,2791,31,4,44068.0,20
5371,2767,148,5,40612.96,30
5372,485,109,5,27855.77,15
5373,2114,94,4,3346.08,15
5374,1182,22,3,39268.17,30
5375,433,140,5,33936.48,25
5376,2192,126,2,27996.83,15
5377,1034,104,4,5051.48,20
5378,1190,7,2,48680.09,10
5379,2812,99,5,33567.32,15
5380,901,91,-4,27373.31,10
5381,2563,38,2,47099.44,0
5382,1824,138,5,10190.03,0
5383,2993,120,4,180.62,20
5384,754,109,2,7573.53,15
5385,1745,44,1,27510.67,15
5386,2932,114,2,48557.97,20
5387,1510,71,5,28889.6,5
5388,986,117,3,12808.41,0
5389,2881,133,-2,41032.86,10
5390,1811,14,3,24431.28,10
5391,2950,22,5,47370.87,5
5392,2523,134,1,22398.49,0
5393,2987,136,5,10717.86,25
5394,2000,1,5,1999.1,0
5395,689,77,2,4409.07,0
5396,890,37,-1,20227.91,10
5397,146,48,3,13212.59,25
5398,2414,132,2,42707.56,30
5399,1141,49,1,41155.86,30
5400,172,85,3,39543.75,0
5401,2609,92,5,25946.29,30
5402,2021,72,5,14978.25,25
5403,640,44,2,48525.4,10
5404,1371,3,3,4724.83,25
5405,1585,93,5,45733.33,20
5406,348,39,3,21676.41,0
5407,643,70,1,34548.45,0
5408,732,26,1,30540.37,0
5409,742,24,4,36570.73,0
5410,799,18,3,29594.63,10
5411,746,150,3,261.08,15
5412,2176,100,3,19721.08,0
5413,2014,45,3,45376.82,0
5414,2765,54,1,24566.12,20
5415,1265,69,4,14118.62,10
5416,1948,19,5,34003.59,5
5417,607,19,3,13957.73,25
5418,318,60,4,29896.79,0
5419,786,133,2,23141.61,5
5420,586,77,4,14901.05,0
5421,524,81,4,21087.06,10
5422,116,72,5,18034.41,0
5423,1090,57,3,35717.65,15
5424,1673,102,2,25055.45,0
5425,183,99,2,24729.65,25
5426,2448,120,3,20957.96,20
5427,2032,97,4,48212.55,0
5428,2878,131,1,49278.95,10
5429,871,43,3,21190.17,10
5430,818,35,3,31752.82,0
5431,390,4,1,15803.65,0
5432,1370,129,1,9635.5,15
5433,1200,103,5,4326.0,5
5434,1448,53,5,1866.5,25
5435,888,66,-1,17928.29,15
5436,867,83,3,10513.74,20
5437,154,33,5,36416.3,0
5438,2298,86,5,49528.26,0
5439,2860,25,3,28755.34,15
5440,709,69,1,21697.08,15
5441,888,98,1,32312.25,0
5442,2245,12,2,26887.89,20
5443,1176,69,5,41169.72,20
5444,1277,140,1,47415.0,10
5445,1673,142,4,5954.91,5
5446,709,32,3,44257.58,15
5447,837,93,3,46350.56,5
5448,2721,28,2,40435.88,0
5449,757,80,2,19009.72,20
5450,2477,29,2,48646.51,0
5451,2427,71,-3,3890.14,10
5452,463,34,1,13797.43,30
5453,1851,96,2,3129.77,25
5454,447,52,2,34712.93,20
5455,1128,17,4,33698.16,25
5456,1584,95,5,13082.46,5
5457,2288,97,1,34005.87,30
5458,9,87,1,35137.0,0
5459,522,145,3,15722.26,5
5460,1655,114,2,37831.14,20
5461,2826,133,4,22971.37,10
5462,484,21,2,35546.86,5
5463,932,146,3,8550.57,0
5464,2182,131,1,18429.15,20
5465,221,45,5,23042.07,0
5466,2224,21,2,48782.85,0
5467,2413,40,3,6578.02,15
5468,1663,140,5,12426.63,5
5469,2547,100,1,21142.67,30
5470,943,29,5,46122.4,30
5471,1929,72,3,21010.44,0
5472,2719,32,5,19307.59,0
5473,2446,80,5,30325.42,20
5474,1166,134,2,36671.06,15
5475,2598,32,5,41436.21,5
5476,1271,115,4,27141.91,10
5477,178,30,3,27851.73,5
5478,2423,97,1,25624.52,30
5479,2714,133,3,8571.92,25
5480,2618,130,1,46760.88,0
5481,2490,145,3,41364.69,25
5482,2615,79,4,37536.36,5
5483,509,129,2,15187.96,0
5484,790,117,1,1179.95,30
5485,563,2,2,25743.39,5
5486,2528,114,5,39689.69,20
5487,2877,68,3,18140.81,25
5488,1488,17,5,40170.24,15
5489,1467,41,2,24155.81,0
5490,2584,150,5,16017.22,15
5491,558,41,1,25124.42,25
5492,2367,29,2,44024.69,20
5493,1018,94,2,21451.39,5
5494,210,1,1,42981.89,15
5495,1459,123,4,18740.87,0
5496,1696,33,1,31783.56,25
5497,2284,97,2,2592.76,0
5498,1611,63,5,6417.32,30
5499,478,117,3,48149.02,15
5500,274,137,5,9165.6,30
5501,1922,100,1,44337.41,0
5502,1205,24,1,47118.0,30
5503,2164,116,1,23865.59,10
5504,2837,145,4,48201.78,0
5505,204,110,3,2565.34,25
5506,295,45,3,20929.9,0
5507,1346,86,2,1553.58,0
5508,2295,48,1,5770.35,0
5509,2671,59,5,38432.35,15
5510,506,91,2,43339.06,10
5511,225,141,5,46672.37,0
5512,889,125,4,32880.97,30
5513,1574,3,4,43813.77,20
5514,1454,25,1,36514.88,0
5515,399,76,3,13707.16,30
5516,786,83,2,7364.59,10
5517,1438,92,2,4058.48,5
5518,324,76,5,20769.64,30
5519,1576,95,5,31820.31,25
5520,839,105,5,35807.65,20
5521,2502,69,3,42400.86,25
5522,2487,56,1,33311.06,20
5523,425,47,2,12875.75,10
5524,21,119,5,41548.02,10
5525,2667,16,2,24041.68,25
5526,1269,99,3,49943.51,0
5527,54,20,1,41762.09,0
5528,298,140,5,37797.77,25
5529,461,29,0,32749.3,10
5530,1037,66,3,49565.13,0
5531,1925,35,1,3261.79,15
5532,355,2,5,33974.52,0
5533,2152,34,1,15037.15,20
5534,45,1,1,37446.49,25
5535,1223,28,3,8319.86,0
5536,1336,110,5,3955.23,10
5537,1455,74,5,36068.99,25
5538,1899,107,1,36126.9,5
5539,1932,116,2,8541.58,15
5540,792,117,3,10460.69,30
5541,2846,89,1,2014.32,0
5542,1768,122,2,31158.76,30
5543,334,27,5,37839.93,0
5544,2793,9,3,46032.04,15
5545,2596,119,1,34629.85,25
5546,2934,105,4,18693.45,10
5547,1566,8,4,31729.98,5
5548,2030,33,2,5882.87,0
5549,1786,47,5,26146.8,0
5550,1086,44,5,40410.47,0
5551,1330,75,0,32734.59,20
5552,2159,148,3,30441.81,5
5553,289,20,2,13931.97,0
5554,2479,84,2,38958.26,20
5555,1434,4,3,1288.45,10
5556,2659,75,1,21268.38,20
5557,1179,25,4,10986.14,0
5558,1806,69,2,2003.84,20
5559,2762,129,1,16331.98,0
5560,2968,144,5,25065.01,30
5561,1798,37,3,16508.8,0
5562,2300,114,4,29949.0,20
5563,925,72,5,34836.21,20
5564,366,84,1,27794.49,10
5565,2916,75,4,24842.3,0
5566,586,113,1,16040.76,20
5567,503,132,4,21543.84,5
5568,2922,122,2,38600.27,10
5569,1291,67,4,33312.05,30
5570,2397,105,2,11444.52,0
5571,991,99,2,19578.29,0
5572,1007,62,1,4059.91,30
5573,1557,43,-3,18929.1,0
5574,144,112,1,42863.2,20
5575,2509,52,2,16245.25,20
5576,463,77,-3,3632.5,25
5577,234,59,4,19269.84,0
5578,269,73,2,35848.6,0
5579,2153,21,2,35713.1,0
5580,2673,62,2,2303.5,20
5581,963,41,5,48216.73,15
5582,931,120,4,37203.52,10
5583,89,141,5,1622.16,0
5584,1383,70,1,29240.85,0
5585,970,6,5,12759.72,15
5586,2925,35,3,31101.67,10
5587,693,131,3,12999.82,5
5588,831,38,3,21587.23,0
5589,778,55,1,44807.54,5
5590,508,63,4,49264.33,20
5591,2819,14,5,47265.39,15
5592,721,39,1,25852.12,0
5593,2250,56,1,10702.24,5
5594,2463,17,2,4168.79,30
5595,1732,6,-2,45180.65,0
5596,1668,130,1,10236.21,15
5597,2640,133,4,44161.23,15
5598,2299,3,3,38687.96,25
5599,2429,112,5,24772.02,0
5600,1163,108,3,32821.43,30
5601,2596,98,3,36292.18,0
5602,1933,8,2,45366.09,10
5603,627,68,5,15093.61,20
5604,2254,54,4,37731.99,15
5605,1605,92,5,36035.03,0
5606,1010,70,5,48161.26,15
5607,1863,146,2,20858.83,5
5608,2796,114,1,46076.17,15
5609,2430,97,4,14604.47,20
5610,2128,69,5,40052.92,15
5611,202,124,1,43448.04,0
5612,877,87,5,17570.4,15
5613,712,46,5,1193.31,10
5614,1782,5,3,14421.89,20
5615,272,137,1,37410.95,25
5616,533,111,2,33978.88,0
5617,2380,122,2,21227.77,0
5618,1127,109,4,9798.91,0
5619,2794,117,1,1534.63,5
5620,1192,59,1,6747.57,25
5621,2550,109,2,17841.22,10
5622,596,101,1,16617.78,30
5623,624,98,2,4233.03,25
5624,2131,87,4,14101.98,0
5625,1523,75,-2,4560.15,20
5626,2092,45,4,15205.48,0
5627,2236,24,3,22019.1,10
5628,306,129,2,47724.51,0
5629,451,70,5,38221.61,25
5630,897,70,2,11689.09,25
5631,2180,136,4,15901.27,10
5632,946,120,3,41708.48,25
5633,1082,117,5,34417.71,30
5634,304,33,2,5201.53,0
5635,1359,91,3,41546.01,25
5636,2800,116,4,13591.36,0
5637,2871,87,5,10867.9,10
5638,998,95,5,1683.63,5
5639,2072,118,4,13038.71,30
5640,64,73,0,47540.62,25
5641,2130,133,3,3500.45,20
5642,2702,100,4,28332.08,0
5643,2202,50,4,38915.83,25
5644,2447,11,5,26700.19,0
5645,2048,148,5,34992.61,30
5646,54,28,2,322.8,5
5647,1370,39,4,14331.12,10
5648,1685,50,2,36767.23,0
5649,2657,98,4,41500.39,10
5650,2277,3,3,14377.69,0
5651,2184,146,2,11082.91,25
5652,386,76,2,33826.05,30
5653,503,63,4,13663.67,0
5654,1214,9,5,15860.02,5
5655,1379,60,4,8831.38,0
5656,562,22,3,31689.81,0
5657,23,46,2,1821.35,0
5658,2826,22,2,9578.05,30
5659,70,16,4,34384.82,10
5660,608,147,2,16364.53,0
5661,2404,49,2,417.83,30
5662,525,77,3,6101.83,0
5663,414,1,5,24319.95,10
5664,772,105,-3,19136.12,0
5665,447,32,5,5678.9,0
5666,2364,96,1,8985.69,0
5667,496,56,5,46321.15,30
5668,2078,31,3,15881.39,0
5669,2922,69,5,2667.72,0
5670,2379,87,2,53.26,25
5671,1218,46,5,32665.27,5
5672,494,78,1,47197.53,30
5673,1989,105,-2,40760.52,0
5674,1132,54,1,49974.56,0
5675,450,1,3,28013.58,0
5676,1665,68,3,31298.35,0
5677,772,46,4,7297.11,5
5678,536,96,2,15804.48,15
5679,2993,119,5,21310.63,0
5680,584,119,5,995.62,5
5681,2362,116,2,32448.55,0
5682,2581,150,4,9921.78,20
5683,2245,131,4,41381.59,0
5684,249,35,2,2302.78,0
5685,379,110,4,12821.04,0
5686,1769,34,2,25942.13,0
5687,1190,86,5,27486.98,10
5688,146,88,4,33876.43,25
5689,508,44,4,41188.15,5
5690,1472,58,2,1094.81,0
5691,1859,130,5,2566.89,0
5692,205,129,3,18193.15,10
5693,2145,3,2,26878.79,15
5694,2524,94,1,12890.33,5
5695,1416,9,3,35400.57,10
5696,2886,145,2,18632.91,15
5697,2469,23,2,41743.87,25
5698,2337,73,5,6612.08,30
5699,2557,147,3,49490.07,10
5700,2457,106,-2,42907.39,15
5701,1246,114,5,14288.67,20
5702,2266,44,5,49875.95,15
5703,2309,42,3,43558.54,30
5704,1157,98,2,4221.83,20
5705,1511,100,2,11168.22,0
5706,1210,50,2,2074.8,15
5707,1210,4,4,41858.57,15
5708,2323,74,1,36408.32,25
5709,1394,38,5,30797.89,0
5710,1944,118,3,6171.44,20
5711,1491,107,4,20129.72,0
5712,998,99,3,22408.4,0
5713,2337,105,4,30809.29,0
5714,2395,105,2,21183.6,0
5715,1293,22,3,10349.8,25
5716,1166,114,4,36856.39,5
5717,1699,15,1,26911.85,20
5718,2800,12,3,16772.56,5
5719,2244,26,4,33194.18,10
5720,2213,15,4,19134.76,30
5721,2024,97,1,18578.79,25
5722,1253,110,1,43959.6,0
5723,534,138,4,4969.57,0
5724,917,105,4,21790.48,25
5725,2488,15,4,2261.77,25
5726,2040,127,2,20705.04,25
5727,1061,118,4,37178.31,25
5728,1707,66,1,5545.66,0
5729,1047,150,3,22456.76,10
5730,2436,23,4,45423.99,20
5731,2152,19,1,17042.83,25
5732,291,144,2,894.89,0
5733,979,30,3,24190.91,15
5734,1018,11,5,26801.34,30
5735,236,102,5,49716.99,30
5736,1492,107,5,9755.33,30
5737,2410,113,3,34650.49,0
5738,226,76,3,19830.93,0
5739,15,102,2,9731.32,20
5740,53,75,5,45898.97,15
5741,1960,68,5,18042.91,10
5742,220,44,3,23017.05,5
5743,2451,37,4,33487.32,10
5744,1379,139,-5,21910.76,5
5745,512,83,2,35021.95,25
5746,699,76,3,11454.35,5
5747,453,36,5,41546.31,20
5748,366,118,2,49693.77,30
5749,1622,142,2,16704.61,0
5750,2592,16,1,35290.2,10
5751,1755,40,5,20285.62,0
5752,1073,50,2,38731.92,0
5753,1322,125,3,10999.12,30
5754,1557,130,2,6699.17,30
5755,582,65,3,16400.6,5
5756,2768,13,4,2829.74,0
5757,2759,148,4,23270.2,10
5758,1323,58,3,24665.57,0
5759,2757,29,3,21313.75,5
5760,1671,21,1,42208.02,0
5761,737,49,1,8018.9,30
5762,938,11,5,2160.0,15
5763,2968,70,2,35968.67,15
5764,37,71,2,16538.18,0
5765,2701,111,5,29256.87,0
5766,1280,64,4,22606.92,5
5767,2791,68,4,24149.52,20
5768,2523,54,1,10477.98,0
5769,2069,116,4,48549.25,5
5770,1400,5,5,33635.25,0
5771,1381,90,3,31702.27,30
5772,2576,66,2,11708.64,30
5773,1154,117,5,25569.82,30
5774,492,134,4,1481.41,25
5775,2928,57,5,29517.49,15
5776,1850,109,1,35225.34,0
5777,2417,132,2,48807.42,10
5778,2153,150,3,10849.75,30
5779,34,94,2,12626.16,0
5780,2822,100,4,40744.44,25
5781,2270,16,3,15536.09,15
5782,2400,44,3,29037.91,10
5783,2288,115,3,32558.59,5
5784,2918,11,3,38318.74,20
5785,2988,66,4,42288.07,20
5786,2041,17,3,27605.36,25
5787,2748,31,1,43991.38,20
5788,1133,109,2,46947.7,15
5789,2799,127,5,11674.0,25
5790,1717,101,4,38956.73,5
5791,396,29,2,4147.79,10
5792,2368,130,3,5109.54,15
5793,2435,106,5,37110.23,0
5794,2184,15,5,5524.6,15
5795,47,43,2,1064.89,25
5796,1006,39,4,13669.55,25
5797,2214,26,1,19558.03,25
5798,2063,95,1,49596.98,25
5799,489,99,2,48563.11,30
5800,1645,37,4,39054.76,0
5801,2351,17,5,35760.35,10
5802,535,112,1,11273.74,30
5803,2221,146,4,18766.42,10
5804,2086,81,5,15012.25,15
5805,2527,46,5,33503.11,20
5806,932,134,4,15628.34,15
5807,871,34,3,49807.31,5
5808,831,126,2,19793.15,10
5809,2132,25,5,28123.6,0
5810,598,7,5,11720.11,0
5811,524,24,3,21428.7,10
5812,2915,136,2,40292.93,0
5813,1283,38,5,28765.0,20
5814,1172,110,3,31434.35,0
5815,1445,104,2,20771.51,0
5816,640,10,4,18385.81,20
5817,2611,108,4,48563.58,25
5818,210,145,3,24204.79,15
5819,2080,136,2,22682.8,10
5820,1880,24,1,42139.08,30
5821,2854,104,5,35984.41,30
5822,2295,125,3,4466.47,30
5823,490,136,4,23351.56,10
5824,2654,119,1,17267.24,20
5825,725,28,1,12955.02,25
5826,287,147,3,44792.57,30
5827,2424,10,1,256.5,30
5828,260,78,4,2751.03,25
5829,711,56,4,22334.01,20
5830,971,29,3,48579.76,20
5831,1517,105,2,19415.82,0
5832,1589,35,1,11643.62,0
5833,1031,131,4,35257.4,30
5834,537,129,1,6027.88,20
5835,2226,85,2,37015.06,30
5836,1755,64,4,22358.65,30
5837,2169,37,3,6272.05,30
5838,463,56,2,7471.65,0
5839,647,58,5,22898.61,10
5840,834,136,4,14316.42,10
5841,1375,77,4,14783.24,0
5842,1725,11,4,36253.74,10
5843,481,72,-1,4947.73,30
5844,2315,108,4,34438.82,150
5845,1245,88,4,43083.93,5
5846,1863,54,2,34426.21,15
5847,604,66,3,36195.18,0
5848,652,97,5,32478.35,5
5849,665,12,1,49563.04,30
5850,1278,14,2,25424.77,15
5851,2894,121,1,1804.47,5
5852,2024,69,5,27858.64,0
5853,912,126,4,3508.74,15
5854,2341,63,1,33377.38,25
5855,106,84,1,16438.79,0
5856,1120,4,4,16538.3,0
5857,44,99,-1,2956.96,0
5858,430,94,2,4849.42,25
5859,1074,2,5,23698.27,25
5860,870,20,1,16152.38,0
5861,879,63,5,11783.23,25
5862,167,117,3,27629.84,20
5863,563,142,4,4844.58,30
5864,767,50,1,46237.14,25
5865,1667,25,4,5059.13,5
5866,152,53,2,20121.61,0
5867,1754,125,2,20866.18,0
5868,1251,22,1,33372.44,0
5869,825,131,1,29835.06,0
5870,2291,14,2,44511.82,0
5871,1292,135,1,8771.53,0
5872,2176,51,4,5398.41,5
5873,2829,57,2,2478.88,0
5874,2210,28,2,877.84,5
5875,2300,16,1,6853.49,5
5876,2795,107,3,4802.13,0
5877,2617,70,3,36284.45,0
5878,2362,21,1,5881.57,30
5879,1522,32,1,43855.56,15
5880,2868,78,1,42695.94,0
5881,466,43,5,16608.54,30
5882,1915,11,2,12351.91,0
5883,2415,25,3,45562.51,0
5884,130,71,3,19102.82,30
5885,496,127,3,28322.76,30
5886,1212,139,2,40836.46,25
5887,934,107,2,30724.77,0
5888,941,50,3,38688.59,0
5889,2256,50,3,32351.85,10
5890,2584,95,5,3699.32,30
5891,1845,122,1,42189.05,15
5892,1776,34,4,35499.4,0
5893,1168,45,1,46054.7,15
5894,1600,136,2,31148.56,25
5895,39,120,5,44213.24,0
5896,2133,82,2,15768.05,25
5897,2150,26,3,38147.55,10
5898,2467,44,4,10872.81,15
5899,2854,134,1,44014.85,5
5900,2870,78,1,9055.07,0
5901,1930,117,1,30258.66,20
5902,1607,6,1,12162.93,25
5903,277,139,4,33313.62,30
5904,2372,43,5,2922.81,25
5905,577,82,5,2637.85,0
5906,766,85,1,20444.77,20
5907,16,86,1,46814.01,0
5908,1515,41,5,22784.53,25
5909,1079,7,4,5796.37,0
5910,1099,31,4,5251.86,25
5911,782,128,5,1656.93,0
5912,919,50,1,16519.04,30
5913,1156,115,1,38838.97,0
5914,338,64,4,36510.76,10
5915,493,89,4,23697.44,15
5916,2899,8,1,11119.01,30
5917,2204,38,1,35887.96,0
5918,587,104,2,33995.4,20
5919,2346,94,4,36514.15,30
5920,2457,115,2,21839.43,25
5921,1404,132,4,29160.89,0
5922,2699,54,1,449.02,30
5923,2022,132,2,42295.27,0
5924,241,51,4,49245.91,15
5925,2078,22,5,41007.33,25
5926,89,108,1,6656.11,15
5927,227,116,3,30490.88,25
5928,654,108,3,47831.91,10
5929,1120,79,2,25897.63,15
5930,1282,22,1,24451.19,20
5931,2794,64,0,9773.96,30
5932,1738,134,2,48084.19,5
5933,2806,101,3,216.9,0
5934,1613,150,2,6862.98,10
5935,1823,105,1,10993.89,30
5936,2637,98,1,35696.24,30
5937,540,67,3,45703.02,25
5938,571,100,3,5891.09,0
5939,1065,105,4,17899.12,20
5940,1025,9,3,46811.5,0
5941,881,114,3,21244.09,15
5942,302,41,1,27636.28,25
5943,1233,20,3,44519.39,0
5944,1016,17,5,18956.13,5
5945,2873,13,2,28859.09,20
5946,723,46,1,38517.12,0
5947,1499,8,2,37580.39,10
5948,1180,37,4,24090.63,10
5949,694,75,3,28635.88,15
5950,1498,70,5,12689.57,0
5951,2814,103,1,8744.01,30
5952,2048,29,4,29520.49,10
5953,759,144,2,41577.28,10
5954,46,80,2,18605.67,15
5955,2964,70,4,1869.15,5
5956,362,99,5,39603.58,0
5957,1005,122,4,16030.06,0
5958,2326,146,5,24046.98,15
5959,210,93,5,29209.43,10
5960,1130,107,3,5808.6,30
5961,952,70,4,21161.44,20
5962,2212,68,4,38040.84,20
5963,19,113,2,28072.54,0
5964,1637,64,3,14319.33,30
5965,2519,6,1,41036.19,0
5966,33,19,4,29623.6,5
5967,2246,30,3,47103.25,0
5968,1478,62,2,29893.91,0
5969,978,44,5,12078.21,0
5970,330,142,4,2311.73,25
5971,588,99,2,12661.58,0
5972,2706,125,4,42530.26,15
5973,568,72,3,24087.49,0
5974,1736,74,4,32101.55,5
5975,967,41,4,34332.3,5
5976,615,115,3,44487.13,15
5977,1251,70,1,31176.94,30
5978,2849,22,5,28736.6,0
5979,2702,37,3,29997.99,5
5980,2468,127,3,25438.66,0
5981,2538,57,5,27383.88,0
5982,2483,46,5,26703.49,0
5983,1432,88,3,14241.45,10
5984,2460,119,2,9448.45,5
5985,1040,137,2,18627.18,25
5986,897,127,5,29732.14,0
5987,1595,85,2,21034.6,15
5988,2846,97,4,1794.35,25
5989,1962,24,3,27018.34,5
5990,928,60,3,32687.33,15
5991,502,53,3,38054.59,0
5992,995,67,1,9668.47,0
5993,2711,33,2,22781.59,30
5994,517,111,1,19723.67,30
5995,2633,106,4,873.84,20
5996,2228,139,4,37466.45,30
5997,1282,110,5,31268.05,15
5998,332,23,1,15294.4,5
5999,779,82,1,46685.92,15
6000,2531,100,5,19845.74,0
6001,335,63,1,39029.94,5
6002,2460,101,5,27926.54,20
6003,2796,29,1,19298.06,10
6004,1365,38,2,46359.41,25
6005,1772,150,1,14126.5,0
6006,657,107,1,25222.86,30
6007,2704,49,5,13406.16,25
6008,88,94,2,33004.03,5
6009,660,3,3,8106.63,0
6010,1725,32,4,33207.21,25
6011,2289,53,5,37358.82,0
6012,1483,26,1,42574.81,25
6013,1239,145,4,33721.09,0
6014,2383,113,4,45441.72,5
6015,136,13,5,3882.28,10
6016,880,99,3,23668.5,10
6017,1973,46,-3,40569.0,5
6018,522,118,3,45370.94,10
6019,341,127,3,10746.29,20
6020,302,102,1,47308.15,20
6021,127,125,2,44350.59,15
6022,2234,67,5,5991.32,0
6023,868,132,5,7222.63,15
6024,2275,134,2,46621.11,5
6025,1380,136,4,43183.66,0
6026,1195,34,2,6124.54,10
6027,579,50,1,39215.6,25
6028,52,104,1,49176.01,25
6029,1237,45,-1,49745.31,30
6030,2306,52,-5,21791.72,20
6031,1770,133,1,41534.02,30
6032,2292,89,1,41353.21,20
6033,2923,110,1,40083.41,20
6034,2260,84,5,39251.04,0
6035,1506,11,2,42091.86,25
6036,1682,72,5,40180.24,25
6037,1207,76,4,2089.78,0
6038,2716,99,5,43177.54,30
6039,1987,34,3,47427.97,20
6040,932,81,2,3136.03,15
6041,1947,35,4,27553.5,0
6042,195,38,1,10078.56,25
6043,73,8,1,18050.99,5
6044,2059,140,3,16974.83,15
6045,1759,42,4,19241.63,0
6046,1501,73,3,19480.15,20
6047,1774,36,5,33278.59,20
6048,1635,90,1,43510.44,10
6049,807,124,1,3278.62,10
6050,592,61,5,37559.14,25
6051,111,2,5,17327.06,20
6052,841,88,4,25772.14,0
6053,1327,77,2,21536.84,20
6054,847,127,4,1998.96,25
6055,1010,121,2,26877.12,5
6056,2495,114,-4,754.88,20
6057,90,12,3,36984.96,10
6058,771,71,3,32667.34,20
6059,2530,12,2,34953.07,0
6060,709,36,3,44417.21,0
6061,1069,89,1,1957.68,20
6062,1703,60,-3,35491.27,20
6063,321,107,5,44891.78,5
6064,823,75,3,1601.21,5
6065,1583,66,3,25559.3,20
6066,1120,107,1,31794.06,20
6067,1343,28,3,37576.31,25
6068,2407,65,5,44263.57,0
6069,2742,139,1,3150.49,0
6070,2526,136,2,27522.41,25
6071,1950,14,4,40800.88,0
6072,75,5,2,37257.19,25
6073,2843,108,3,32588.47,30
6074,118,22,4,15554.6,20
6075,1689,149,3,3369.65,0
6076,2580,8,2,40229.24,10
6077,624,135,3,24359.78,15
6078,863,109,5,38786.88,0
6079,1092,97,2,48060.22,0
6080,2659,35,4,4723.67,0
6081,433,35,1,48901.44,15
6082,2988,129,3,47824.17,0
6083,2853,54,1,15105.67,10
6084,1910,132,1,16913.33,0
6085,2415,61,5,8347.89,5
6086,269,80,2,18156.1,10
6087,2384,116,1,31321.6,30
6088,2692,59,1,8738.42,20
6089,1287,59,5,12262.62,0
6090,1135,89,1,33245.4,5
6091,2852,134,5,21938.35,0
6092,2161,116,4,10884.09,0
6093,214,26,5,44114.12,20
6094,2452,140,2,40697.75,0
6095,1546,45,5,20802.75,0
6096,1902,62,2,28732.81,15
6097,2627,9,4,46769.99,30
6098,76,111,4,2842.28,15
6099,1518,60,3,2556.3,0
6100,2020,22,4,22894.78,15
6101,2502,145,3,4725.53,20
6102,302,139,4,13986.5,0
6103,474,130,3,12111.06,0
6104,2770,71,5,13363.12,30
6105,1643,27,4,5868.53,15
6106,203,24,1,46527.72,25
6107,2260,112,4,40135.09,0
6108,1358,124,2,3506.06,5
6109,1285,19,4,33936.27,5
6110,609,125,2,35722.41,20
6111,1411,57,1,18024.29,0
6112,2452,28,2,9127.8,10
6113,1772,25,2,9543.53,15
6114,108,117,4,44690.78,0
6115,2809,65,3,25593.64,15
6116,1543,58,5,16320.04,10
6117,2240,30,5,9649.27,0
6118,1818,60,4,34117.04,15
6119,147,133,1,41450.44,0
6120,1866,127,5,26345.27,20
6121,2838,78,4,17800.7,15
6122,910,18,1,49572.7,20
6123,2495,114,3,15989.09,0
6124,2439,17,2,31007.64,20
6125,2495,127,5,535.67,15
6126,1692,107,5,28903.2,0
6127,655,93,3,43604.49,5
6128,2965,39,-3,9456.72,30
6129,2954,19,2,29046.71,5
6130,431,81,1,44292.83,5
6131,476,80,2,3133.19,10
6132,1810,124,3,28386.51,30
6133,1212,145,3,29549.12,20
6134,2912,116,1,14840.8,0
6135,1697,148,5,22889.07,30
6136,1898,107,2,37303.75,20
6137,856,1,4,36760.55,25
6138,720,19,5,24213.84,0
6139,228,104,5,19706.34,0
6140,1016,78,3,9579.12,15
6141,2988,118,2,10793.72,10
6142,739,81,5,20418.0,10
6143,920,31,2,43671.9,15
6144,319,52,4,11816.67,0
6145,141,75,-4,14679.91,25
6146,138,121,2,46490.43,0
6147,446,132,4,5162.32,25
6148,91,139,3,34957.69,0
6149,2853,28,1,24695.41,0
6150,838,109,1,9407.74,10
6151,1630,64,2,8636.32,30
6152,2631,149,4,4024.64,0
6153,869,7,4,4548.36,20
6154,450,149,4,39359.17,25
6155,1560,45,4,13578.5,20
6156,712,105,3,22287.05,0
6157,455,36,4,7072.39,15
6158,2544,114,1,7727.46,5
6159,1757,122,2,31070.72,30
6160,592,111,4,41237.45,30
6161,39,83,3,32533.59,0
6162,434,33,4,12484.85,0
6163,1091,129,4,34540.93,30
6164,2490,33,4,36475.97,15
6165,958,56,5,24600.21,5
6166,1723,69,2,45487.69,0
6167,1601,18,1,6794.61,0
6168,1292,97,3,28044.5,5
6169,1753,120,2,37728.88,10
6170,664,112,4,1434.98,10
6171,828,88,2,13422.18,10
6172,1875,19,4,20073.14,10
6173,2924,79,5,19225.56,0
6174,2902,6,4,2265.78,0
6175,2032,37,5,49083.4,15
6176,27,14,1,757.84,30
6177,1758,87,5,113.39,5
6178,891,38,4,16152.62,15
6179,2588,76,2,20997.62,0
6180,1123,100,2,45053.31,30
6181,1852,86,5,17858.21,25
6182,223,37,2,39630.89,0
6183,1544,79,1,47091.86,0
6184,1577,127,5,36286.21,30
6185,1120,26,3,41825.35,15
6186,70,117,3,15343.36,20
6187,2345,47,1,28526.68,10
6188,1129,16,3,14577.63,15
6189,306,110,1,6942.89,20
6190,1356,109,4,21026.04,0
6191,1139,25,4,3299.23,10
6192,174,138,5,48090.07,30
6193,1224,105,5,41234.06,0
6194,2387,57,4,23971.45,0
6195,712,131,4,12570.24,10
6196,291,138,4,11412.06,0
6197,2212,14,5,36622.21,5
6198,2870,84,4,1627.35,5
6199,2440,22,2,16806.43,15
6200,1373,55,2,8269.65,20
6201,2855,46,1,19631.76,0
6202,2513,1,2,15222.18,0
6203,2930,31,-2,7777.54,20
6204,1374,95,3,46358.48,25
6205,374,70,1,17924.37,30
6206,1665,75,4,40319.78,0
6207,1034,83,2,43847.76,30
6208,1202,99,3,24338.64,30
6209,523,43,2,26684.9,5
6210,2066,9,2,46047.44,15
6211,2309,115,3,42836.39,15
6212,2004,10,1,35000.3,10
6213,790,38,5,44960.77,0
6214,1746,12,5,34295.0,15
6215,2612,112,1,39657.62,0
6216,30,53,4,28610.48,0
6217,616,3,5,25653.44,20
6218,2842,128,4,46284.12,15
6219,1354,99,2,34204.98,25
6220,1674,17,3,39774.91,0
6221,492,141,1,38649.48,0
6222,73,56,2,20320.25,0
6223,1394,25,1,12441.34,30
6224,138,62,-2,13853.68,25
6225,1716,108,5,22315.58,0
6226,1204,23,1,31158.8,0
6227,2687,40,5,8596.68,10
6228,2160,87,3,22428.19,5
6229,1160,147,1,33216.2,0
6230,2567,88,4,44131.36,5
6231,2654,79,5,24413.93,25
6232,1760,54,4,10470.66,0
6233,2956,53,4,45786.07,5
6234,2762,21,1,20956.85,0
6235,1449,13,4,35311.6,0
6236,250,104,5,25587.91,20
6237,2286,46,4,49085.7,5
6238,1015,10,1,44585.38,0
6239,298,24,4,35194.3,20
6240,992,29,4,39290.01,0
6241,419,149,2,44274.87,20
6242,2407,127,1,31023.3,15
6243,384,7,2,21448.45,30
6244,1760,50,3,11300.39,25
6245,1552,116,3,36098.5,0
6246,1039,40,2,38793.84,0
6247,813,29,2,4105.84,10
6248,786,139,1,2882.54,0
6249,1114,27,3,7803.25,15
6250,559,128,1,31519.71,25
6251,321,28,3,30429.95,25
6252,775,34,5,26062.66,0
6253,512,112,4,34837.74,0
6254,2283,150,2,22480.56,0
6255,312,95,1,39773.59,25
6256,1160,67,1,34374.11,5
6257,2748,42,2,14992.18,0
6258,1812,43,3,31679.48,15
6259,909,129,5,21249.46,10
6260,2395,83,2,42431.51,5
6261,1948,76,2,22132.81,20
6262,1047,62,3,14363.47,20
6263,164,83,3,44670.23,15
6264,1386,147,5,31821.79,0
6265,1097,121,4,37260.54,15
6266,2273,86,2,40789.17,0
6267,288,58,1,7287.23,0
6268,429,110,1,39210.45,25
6269,1461,24,5,5040.21,0
6270,2613,133,2,21881.57,0
6271,392,1,1,42673.9,30
6272,2677,138,4,12825.58,10
6273,1008,143,1,20484.35,15
6274,2686,20,3,47584.38,20
6275,990,62,5,38698.13,15
6276,2785,80,4,45104.4,0
6277,1232,134,5,45092.35,0
6278,2463,23,4,34113.04,25
6279,679,107,5,46109.27,0
6280,2666,104,4,44345.65,15
6281,1995,3,1,42671.85,10
6282,1497,133,5,6394.74,10
6283,2428,58,1,25277.87,30
6284,1981,53,3,27027.28,25
6285,1656,113,4,43755.8,5
6286,1659,122,2,20467.27,0
6287,2356,148,5,18490.66,0
6288,792,87,4,9888.89,10
6289,2506,119,1,2483.88,0
6290,2558,95,2,13595.52,25
6291,1803,76,3,6114.74,30
6292,2112,2,5,48955.07,0
6293,791,43,1,14654.31,30
6294,267,122,3,6522.53,15
6295,943,17,2,16110.74,15
6296,113,50,1,23327.75,5
6297,1949,105,1,25941.98,0
6298,1024,35,1,45987.6,5
6299,853,11,2,25569.86,15
6300,1758,120,3,1176.84,30
6301,2175,134,2,27450.71,0
6302,1798,82,1,34398.18,10
6303,1904,17,5,33742.24,20
6304,2629,89,1,29291.6,10
6305,1665,115,2,19583.24,30
6306,837,138,4,3087.63,25
6307,406,44,4,31004.11,25
6308,1311,132,5,44590.22,0
6309,594,124,1,47768.31,0
6310,1488,107,2,26617.69,5
6311,2043,46,5,7069.2,10
6312,242,150,3,17920.6,0
6313,2001,77,3,1776.56,0
6314,2516,44,1,32347.15,0
6315,805,149,2,12143.85,0
6316,843,14,4,31346.44,0
6317,1678,67,2,36526.22,0
6318,1446,126,5,6184.7,0
6319,481,108,1,35664.07,0
6320,2761,96,4,49251.99,10
6321,697,25,3,25467.93,0
6322,227,42,4,44609.69,30
6323,692,132,5,13818.3,15
6324,2710,38,2,23899.28,25
6325,1591,46,1,23782.29,15
6326,1387,113,1,34468.47,0
6327,1283,15,2,45348.5,20
6328,500,68,1,19516.92,10
6329,2062,48,-1,37838.13,0
6330,1039,92,1,15397.69,20
6331,1904,1,5,33440.86,30
6332,750,58,2,35604.25,25
6333,101,142,5,14942.7,0
6334,272,128,1,15874.01,30
6335,2779,41,1,46278.18,0
6336,2361,64,1,6204.4,0
6337,1656,24,5,38517.1,0
6338,743,17,2,33539.7,0
6339,485,13,2,19524.53,10
6340,2886,121,4,28590.37,5
6341,954,56,3,22112.75,0
6342,1802,77,4,16022.45,20
6343,2357,97,3,13126.59,20
6344,954,28,5,46022.07,120
6345,2881,41,4,29974.71,20
6346,1159,132,2,45535.25,0
6347,850,139,1,41010.75,25
6348,843,47,3,33017.97,15
6349,2398,103,4,3066.57,0
6350,2331,115,2,26996.07,30
6351,2188,65,1,14491.53,0
6352,2792,141,3,13843.7,30
6353,1784,119,3,23713.94,0
6354,2932,74,2,33089.27,25
6355,2959,95,3,40442.68,0
6356,193,83,2,26262.84,0
6357,1771,70,2,47331.68,30
6358,420,139,4,4002.72,10
6359,1034,20,1,48355.78,0
6360,2023,15,4,8972.24,20
6361,620,128,2,22739.75,0
6362,2382,110,4,3285.85,0
6363,636,92,2,40382.84,15
6364,1820,87,4,6176.53,0
6365,32,10,3,15860.69,5
6366,2721,65,1,10000.52,5
6367,647,116,1,30319.46,5
6368,2537,46,3,12569.54,0
6369,617,140,-5,3172.29,20
6370,2151,20,1,29414.86,5
6371,2393,88,3,47067.18,25
6372,319,35,5,37907.74,10
6373,1508,142,5,43443.0,0
6374,467,141,4,9646.11,0
6375,1347,14,5,42072.55,10
6376,2766,94,5,33436.45,30
6377,2229,61,2,33992.33,25
6378,2697,59,3,41640.92,30
6379,2577,150,5,37403.57,0
6380,2120,138,1,3391.09,15
6381,1124,104,3,9187.69,5
6382,1701,62,4,40247.18,25
6383,576,136,1,27066.66,0
6384,2542,75,3,31796.33,25
6385,2468,147,2,39000.87,0
6386,37,51,4,13554.25,0
6387,402,127,5,16620.14,25
6388,84,130,1,3527.62,5
6389,681,47,3,3638.41,0
6390,526,35,1,25367.1,20
6391,279,143,4,23639.61,10
6392,2383,83,4,46204.55,30
6393,2080,66,3,19529.91,30
6394,304,10,3,516.68,5
6395,1172,146,2,40393.07,5
6396,2211,17,1,45097.67,5
6397,1664,92,1,1368.08,25
6398,691,100,4,41963.17,5
6399,2519,97,2,28273.85,25
6400,121,47,4,6995.19,5
6401,2873,42,2,38109.05,30
6402,458,120,1,37850.18,30
6403,1390,135,1,1507.19,15
6404,2638,83,1,32183.42,5
6405,729,19,1,44048.64,15
6406,1618,24,3,3070.22,25
6407,1998,141,3,8611.52,25
6408,2548,22,-1,21770.55,15
6409,1663,95,-2,43325.71,0
6410,1660,89,2,6840.04,0
6411,655,38,3,13117.39,30
6412,1213,129,3,20203.56,0
6413,82,144,5,42309.36,30
6414,2824,141,4,28495.98,0
6415,1220,71,4,6339.84,0
6416,552,7,5,45927.26,5
6417,2020,30,4,6843.56,30
6418,705,118,5,12575.06,5
6419,1034,134,1,25164.38,0
6420,1443,16,1,22599.31,15
6421,2641,20,4,42234.09,30
6422,1875,49,4,33488.67,20
6423,475,45,-1,48088.58,30
6424,500,118,1,16967.69,15
6425,1184,10,5,44193.27,5
6426,666,18,5,4638.99,0
6427,1223,143,2,35671.67,10
6428,229,141,4,11066.57,0
6429,1603,60,3,44070.37,25
6430,2064,37,3,4820.02,10
6431,859,44,5,40389.13,15
6432,2168,59,3,34750.88,10
6433,2355,8,4,12601.73,0
6434,2330,34,1,6879.32,0
6435,592,61,4,11525.05,0
6436,2187,122,1,36873.19,0
6437,1443,36,1,1573.32,30
6438,100,99,5,23723.07,25
6439,572,63,5,24243.38,5
6440,2995,76,2,35641.38,25
6441,694,132,1,34816.57,20
6442,1799,76,2,2698.16,30
6443,364,149,1,26968.43,25
6444,1349,34,4,24815.73,0
6445,1030,29,1,42315.52,0
6446,1174,21,1,24563.12,0
6447,2261,60,1,33030.55,20
6448,2384,6,2,3815.35,30
6449,2005,38,5,1550.54,0
6450,2221,90,3,24270.16,10
6451,1991,6,2,44850.07,0
6452,1097,124,3,39816.52,25
6453,999,37,5,24201.09,20
6454,102,85,4,39885.04,0
6455,1893,43,4,30187.42,0
6456,2937,94,5,35178.81,0
6457,1784,37,3,19526.84,10
6458,2202,126,3,36443.32,0
6459,823,66,2,38765.64,20
6460,1258,66,3,5619.45,0
6461,1263,87,5,29800.08,25
6462,693,142,4,37772.2,20
6463,97,126,2,37261.62,25
6464,96,119,1,49797.71,15
6465,705,110,3,3885.53,20
6466,632,12,-2,17948.0,25
6467,1617,117,3,15006.57,10
6468,1899,114,4,35320.63,20
6469,1015,115,5,9130.38,0
6470,1448,127,4,36087.27,10
6471,2538,90,1,32147.95,0
6472,349,32,1,17201.53,0
6473,577,117,5,7231.61,30
6474,2897,69,4,10977.33,5
6475,2389,87,1,28041.98,0
6476,1579,52,1,15879.13,0
6477,2481,116,5,15023.49,0
6478,274,19,-5,24348.38,20
6479,717,61,4,15537.95,25
6480,474,86,3,47829.74,25
6481,2078,78,-1,41418.72,15
6482,374,43,-3,21184.5,20
6483,1550,26,5,19095.3,15
6484,2118,52,4,40264.12,10
6485,103,50,1,9571.81,15
6486,2368,105,3,4570.45,25
6487,1513,123,5,22905.86,0
6488,2496,51,3,7766.38,30
6489,1468,88,3,43515.29,0
6490,1945,91,5,5002.42,0
6491,2126,5,5,5032.32,0
6492,2208,108,1,10042.52,0
6493,1406,36,4,40336.88,15
6494,154,131,5,47630.16,10
6495,1576,36,5,29961.91,10
6496,1594,8,3,8442.14,0
6497,811,147,3,44417.76,15
6498,2483,60,2,13403.49,15
6499,2274,103,2,46145.49,25
6500,2535,144,3,42928.37,20
6501,1861,52,4,30670.45,20
6502,134,133,3,49491.5,20
6503,486,98,2,15240.51,25
6504,1551,69,-5,46384.24,0
6505,569,97,0,7363.64,0
6506,981,83,5,23851.89,30
6507,2850,137,2,8694.15,25
6508,2721,138,2,860.76,25
6509,595,94,1,33524.1,0
6510,404,25,5,47280.16,15
6511,2880,16,4,36251.47,5
6512,795,111,4,34816.33,10
6513,196,21,5,6010.11,0
6514,93,37,4,12141.55,0
6515,2740,25,5,27408.56,0
6516,994,58,3,35608.66,30
6517,1312,75,4,7010.74,20
6518,624,149,5,48889.22,20
6519,2421,5,4,21185.39,5
6520,2572,22,2,1398.99,0
6521,2632,121,1,33949.67,20
6522,2808,51,1,12301.32,5
6523,656,60,5,27421.86,10
6524,2588,72,5,4105.93,15
6525,2171,88,5,1101.71,20
6526,311,58,2,11046.5,0
6527,976,27,2,14615.47,5
6528,2878,22,3,28925.7,15
6529,775,35,4,702.04,0
6530,290,130,3,11138.08,20
6531,2461,16,2,38249.69,20
6532,2357,18,2,2020.62,0
6533,1621,17,2,42086.35,25
6534,1691,125,2,49076.62,30
6535,2937,113,4,16955.37,5
6536,1596,141,5,49325.56,5
6537,1227,33,1,36377.36,30
6538,837,28,4,6782.5,5
6539,2362,96,2,34009.69,0
6540,1664,129,1,17953.47,0
6541,1300,100,3,47074.53,30
6542,1533,63,1,499.42,0
6543,2568,112,1,158.26,0
6544,2310,88,1,27905.17,25
6545,1112,108,2,22805.81,0
6546,1480,147,2,41903.57,15
6547,321,95,4,24820.3,0
6548,1898,73,2,4841.15,15
6549,2015,80,4,26658.94,20
6550,1534,97,2,19826.38,5
6551,2297,142,5,26765.65,25
6552,2506,78,1,6363.32,5
6553,1460,35,5,25132.29,30
6554,880,25,3,35779.74,0
6555,163,3,2,34579.55,30
6556,1188,42,4,27136.05,30
6557,1295,61,3,29348.11,25
6558,2066,85,1,3415.25,0
6559,497,118,5,26762.82,30
6560,2568,23,4,46863.9,30
6561,574,42,2,46001.15,30
6562,1177,78,3,28417.34,15
6563,2978,95,4,41173.23,25
6564,1207,66,3,46621.24,20
6565,1056,86,1,45679.73,30
6566,895,19,2,26356.76,20
6567,163,78,5,41764.15,0
6568,1994,33,4,25649.28,15
6569,1193,15,4,2621.66,30
6570,2925,74,3,6758.83,0
6571,574,67,2,3815.45,20
6572,1772,73,5,26263.09,5
6573,1293,83,4,31111.04,5
6574,2046,91,5,12819.34,30
6575,849,141,5,19895.32,10
6576,1799,89,4,33410.07,0
6577,2574,47,3,25981.68,25
6578,1921,147,4,9528.11,15
6579,1714,49,4,7600.59,5
6580,51,111,2,29525.61,10
6581,751,128,2,24345.74,30
6582,2046,81,1,29626.53,5
6583,2940,57,4,30869.3,20
6584,275,80,3,34271.59,25
6585,309,148,3,31155.32,20
6586,159,117,4,25437.57,0
6587,584,98,3,44638.37,15
6588,2450,57,2,29370.31,25
6589,2693,16,3,25529.06,10
6590,2781,57,2,20133.1,0
6591,1056,147,5,13933.36,0
6592,2906,26,5,39312.75,25
6593,2899,107,5,40140.68,0
6594,2305,107,-2,20454.17,5
6595,1602,67,1,7373.96,30
6596,1816,22,2,8854.24,20
6597,81,146,4,8662.11,10
6598,2019,65,5,36143.51,0
6599,1702,130,2,8208.03,30
6600,1892,125,2,23218.38,0
6601,2196,68,2,23547.45,10
6602,1431,129,1,16417.38,0
6603,2237,3,5,21409.64,10
6604,1532,68,5,23336.74,5
6605,148,124,2,17277.64,30
6606,2351,61,2,3308.33,25
6607,145,141,2,27294.93,10
6608,832,66,5,49327.68,5
6609,1814,139,2,14138.42,10
6610,2756,140,4,4762.81,30
6611,577,60,1,30625.02,25
6612,1628,72,4,42935.79,5
6613,1459,97,4,44979.45,0
6614,678,47,-4,33945.59,25
6615,1990,61,1,9056.19,30
6616,248,116,4,21651.29,0
6617,2950,67,4,12259.7,0
6618,1411,77,4,36579.66,0
6619,2621,47,5,33854.81,5
6620,2417,67,1,43659.33,0
6621,2994,82,1,47035.79,30
6622,726,2,2,31561.72,0
6623,2876,140,1,7849.17,0
6624,460,141,3,36007.08,25
6625,50,134,1,24160.93,5
6626,424,107,3,20953.24,0
6627,1418,74,1,87.89,15
6628,411,83,3,26053.26,15
6629,396,116,4,21860.89,0
6630,930,73,4,13644.55,0
6631,777,36,4,22227.85,20
6632,2678,65,1,25978.57,10
6633,2739,110,4,18315.19,15
6634,97,114,1,45571.92,0
6635,1030,122,4,1495.94,15
6636,756,77,4,48559.62,30
6637,289,75,2,14364.47,15
6638,767,98,1,43770.55,0
6639,1292,15,4,16837.81,0
6640,304,117,-5,22222.32,10
6641,288,131,5,31335.08,20
6642,2741,111,5,43510.06,20
6643,989,55,4,4778.23,5
6644,2442,112,3,27522.21,30
6645,2969,130,3,42775.05,20
6646,2763,61,5,38123.31,0
6647,2435,75,4,33930.26,0
6648,1668,72,1,21027.62,10
6649,2758,148,5,45437.82,20
6650,595,38,-5,8407.37,25
6651,2092,2,1,7586.4,0
6652,1778,126,2,19396.99,15
6653,1766,96,2,22894.32,0
6654,2557,45,4,4336.66,5
6655,971,114,3,11013.66,30
6656,787,55,4,1897.25,0
6657,2007,29,3,27015.57,30
6658,2904,48,4,41647.89,10
6659,2508,17,2,9803.93,10
6660,1840,102,4,12401.89,10
6661,349,147,2,39325.41,10
6662,644,126,4,41483.23,0
6663,1902,14,1,32671.52,25
6664,1289,124,5,23752.68,0
6665,1308,31,4,45478.18,20
6666,2164,29,4,49839.84,20
6667,1341,42,3,21429.15,10
6668,2875,140,3,31794.36,25
6669,1115,113,3,41822.53,30
6670,2653,150,2,44438.44,30
6671,2507,43,2,41519.4,0
6672,2346,98,5,465.7,20
6673,351,103,3,19969.42,0
6674,120,61,3,40085.95,30
6675,2760,14,4,21198.8,25
6676,761,27,2,26901.05,10
6677,876,139,1,21281.54,5
6678,2469,60,4,42713.96,20
6679,468,4,5,24999.37,30
6680,266,148,1,381.41,0
6681,375,108,5,24099.57,0
6682,1354,121,-1,25454.46,0
6683,241,48,1,46931.67,15
6684,445,140,4,45381.61,0
6685,767,68,2,33209.42,5
6686,1056,44,2,46135.92,10
6687,30,37,3,10181.13,0
6688,2577,19,2,44689.94,0
6689,2660,124,3,43441.67,0
6690,2954,132,1,37114.67,30
6691,2983,143,4,26406.6,15
6692,812,75,2,38823.77,30
6693,1867,11,1,47455.1,0
6694,1634,22,2,49746.58,0
6695,1282,16,2,18733.03,0
6696,2979,123,5,49024.41,15
6697,1848,61,4,44392.45,5
6698,1096,33,0,22052.52,5
6699,526,103,5,22541.99,30
6700,533,48,5,29393.19,25
6701,286,1,2,42433.95,10
6702,2355,148,4,41971.87,15
6703,1125,91,5,32983.59,25
6704,155,57,2,28062.31,10
6705,683,28,2,10917.47,0
6706,944,10,1,45953.43,15
6707,778,8,2,29087.86,30
6708,749,7,-2,7702.15,0
6709,706,84,3,25596.53,20
6710,2894,42,2,13320.48,30
6711,1236,60,4,11437.21,15
6712,542,125,4,29355.6,25
6713,940,48,3,30380.59,20
6714,1060,141,5,4775.92,0
6715,947,128,3,15538.76,10
6716,1218,8,1,23610.13,30
6717,2508,95,2,46001.52,0
6718,2401,66,2,39615.13,30
6719,2075,94,4,9193.39,30
6720,609,18,2,14377.78,0
6721,2271,93,1,28393.07,20
6722,1954,9,2,6097.39,25
6723,2514,94,1,43376.3,30
6724,675,60,3,36699.97,0
6725,2215,12,4,31409.89,5
6726,1574,38,2,38542.19,20
6727,1686,32,3,6458.98,5
6728,1411,22,4,34448.31,10
6729,2438,48,4,29958.94,10
6730,1843,58,3,35333.22,10
6731,2042,1,4,287.01,0
6732,1580,8,2,31902.96,0
6733,1833,17,-1,25458.33,0
6734,594,92,5,31374.23,30
6735,254,139,5,14267.51,10
6736,2475,80,4,13144.16,0
6737,2935,45,2,3003.31,0
6738,2279,47,1,38679.69,15
6739,2817,20,5,42509.65,5
6740,2702,149,4,22733.34,15
6741,2806,143,4,41194.11,30
6742,2416,114,1,38513.39,25
6743,1157,133,1,46401.63,5
6744,2579,138,4,35441.79,25
6745,673,99,5,16870.14,5
6746,195,124,4,31515.77,0
6747,2207,40,1,29382.83,15
6748,1674,47,3,39049.41,10
6749,445,34,2,33034.97,0
6750,336,90,5,12798.76,15
6751,2807,31,3,46680.78,15
6752,2160,98,5,48894.72,15
6753,792,65,1,49989.56,0
6754,2226,49,3,12383.4,0
6755,1718,3,4,3762.08,25
6756,585,60,4,44206.61,0
6757,540,80,2,49472.56,25
6758,2926,39,1,3015.9,15
6759,1288,101,1,37649.53,0
6760,156,145,5,22266.91,0
6761,2356,70,2,5900.8,25
6762,2142,107,2,20135.71,0
6763,987,109,5,49385.91,20
6764,1385,5,3,19388.02,20
6765,656,133,3,37849.58,25
6766,2477,44,5,49908.7,25
6767,302,52,4,9596.37,0
6768,482,24,2,2647.8,10
6769,1967,136,2,32800.12,0
6770,2371,122,5,2046.11,5
6771,1945,30,4,35818.17,0
6772,1634,113,1,42354.27,5
6773,2876,82,4,32447.59,10
6774,1570,150,2,14246.31,30
6775,1424,126,3,43072.1,15
6776,1259,68,3,49229.35,30
6777,532,81,5,38800.05,15
6778,1608,59,4,2999.95,20
6779,2029,123,5,14157.65,5
6780,355,14,1,15789.16,15
6781,1651,32,-3,21478.23,25
6782,2704,112,5,12109.29,5
6783,438,15,5,5424.43,10
6784,2153,36,1,44023.93,30
6785,1145,119,5,32073.68,20
6786,1053,101,-5,31735.31,0
6787,146,57,2,38688.35,0
6788,859,142,2,22943.98,15
6789,557,120,1,31908.56,0
6790,2227,138,4,20101.49,25
6791,1995,120,5,6185.14,0
6792,1042,129,2,45814.36,20
6793,872,34,5,27064.75,20
6794,1271,129,5,20065.3,0
6795,269,146,4,10923.11,0
6796,1224,15,3,172.02,15
6797,288,91,-1,26667.01,15
6798,1239,139,3,39316.57,15
6799,282,71,1,26057.16,5
6800,1849,100,1,48778.95,0
6801,1958,147,5,19250.84,15
6802,948,94,2,38035.45,5
6803,1752,14,3,28657.9,0
6804,2789,2,1,28689.06,15
6805,2295,148,5,36401.11,5
6806,1145,79,3,11744.56,0
6807,1454,20,2,37945.61,15
6808,2914,57,5,21790.06,30
6809,1419,35,1,22883.08,15
6810,313,52,2,42444.08,25
6811,1247,74,1,7469.62,5
6812,75,47,3,27922.19,15
6813,856,57,5,49233.4,0
6814,1454,12,2,38057.31,15
6815,2404,29,3,41528.19,15
6816,2342,93,5,42030.51,25
6817,60,121,1,30933.75,30
6818,834,122,2,2448.5,15
6819,751,121,4,35893.64,0
6820,1233,71,5,892.49,0
6821,2223,73,3,42511.93,0
6822,1317,133,4,23202.42,0
6823,92,46,2,11616.37,5
6824,1418,78,1,11677.66,10
6825,1,25,4,49282.51,25
6826,1480,16,4,36034.52,5
6827,2542,138,4,3593.88,0
6828,2849,18,3,44666.75,5
6829,684,6,4,8571.17,15
6830,327,21,4,35625.61,15
6831,1225,120,-1,9213.19,15
6832,181,20,4,3929.89,10
6833,2642,10,5,28168.22,5
6834,71,79,3,36340.31,0
6835,210,92,4,6443.34,5
6836,2284,64,1,42304.96,30
6837,571,22,5,39540.86,0
6838,639,75,3,30434.34,20
6839,2001,4,2,33474.87,25
6840,921,32,3,6987.23,25
6841,992,145,2,5836.25,0
6842,1557,91,3,27022.07,20
6843,2368,81,2,16751.12,20
6844,644,91,1,9541.68,5
6845,89,38,1,9325.63,0
6846,880,131,3,5617.0,10
6847,2108,82,4,42015.05,5
6848,1543,22,1,5988.99,20
6849,1309,12,2,3337.83,0
6850,2579,101,2,39442.02,20
6851,2510,128,-4,14615.98,20
6852,1459,92,3,7703.01,0
6853,422,150,3,28386.26,10
6854,2327,4,3,2502.16,15
6855,2036,135,2,32786.04,30
6856,1752,104,1,43319.18,25
6857,55,113,3,30380.04,0
6858,375,141,1,9521.8,15
6859,1904,119,3,20573.82,15
6860,645,66,3,45158.71,0
6861,1324,79,4,28891.86,15
6862,2554,62,5,47211.35,0
6863,547,82,-5,7294.64,0
6864,787,121,2,5352.94,15
6865,992,46,2,37940.67,0
6866,139,68,1,28654.93,5
6867,788,4,4,20553.56,0
6868,999,85,1,32725.45,5
6869,398,64,5,1829.53,15
6870,608,14,4,41883.61,20
6871,1690,45,2,26621.55,20
6872,108,25,4,9486.5,5
6873,2379,71,2,14166.94,15
6874,2020,92,3,33126.54,30
6875,642,48,5,40474.29,0
6876,2574,2,5,28200.9,0
6877,2858,8,1,9386.64,25
6878,474,117,5,16509.93,30
6879,1626,112,1,24488.66,10
6880,1058,80,1,22514.25,5
6881,1972,86,5,26669.71,5
6882,2207,30,5,48029.43,15
6883,1118,71,3,8342.69,10
6884,1832,28,3,4235.93,0
6885,1767,96,2,36436.88,15
6886,1315,72,2,2854.82,30
6887,1730,82,1,22571.95,0
6888,918,50,4,46489.51,15
6889,895,22,2,36005.35,20
6890,2266,66,2,45501.21,30
6891,1942,76,2,16451.33,5
6892,2862,56,2,1361.1,10
6893,118,114,1,4717.98,30
6894,938,103,2,32654.73,30
6895,2990,28,5,36254.0,15
6896,1963,111,3,12694.87,20
6897,509,40,4,33287.29,15
6898,1634,39,4,32893.13,0
6899,218,58,5,2122.87,30
6900,435,26,4,35582.08,25
6901,2696,121,2,18713.03,0
6902,1897,1,2,28276.83,25
6903,231,21,4,21175.94,15
6904,268,14,4,32845.39,25
6905,1050,17,4,20285.67,30
6906,2251,135,5,40068.81,10
6907,1176,88,1,37346.74,30
6908,1451,57,5,37393.51,15
6909,1708,85,2,47398.81,25
6910,973,28,3,13530.06,25
6911,872,47,1,26966.94,0
6912,2120,95,1,14946.03,30
6913,1707,126,4,32655.28,20
6914,2272,47,4,8870.09,10
6915,1473,48,5,628.03,0
6916,1431,22,2,48138.76,0
6917,1651,31,5,12887.55,30
6918,2979,129,4,17380.81,10
6919,698,18,4,22765.44,5
6920,2905,48,-1,43272.04,5
6921,2498,89,2,23506.16,10
6922,2211,3,2,31768.04,15
6923,1307,133,3,11817.12,30
6924,2728,133,3,29181.47,0
6925,2502,134,1,5141.21,20
6926,211,80,4,5866.36,0
6927,1101,36,3,18745.32,5
6928,1388,123,1,39151.2,15
6929,1111,70,1,37070.59,25
6930,1921,116,2,6985.94,25
6931,302,77,1,34197.71,20
6932,216,136,4,23746.17,20
6933,2151,87,4,44303.3,0
6934,1600,75,2,48392.47,0
6935,207,135,2,30233.07,10
6936,2659,82,2,4132.32,0
6937,2842,94,5,12341.94,5
6938,1938,146,5,21035.18,0
6939,1914,7,4,39945.28,5
6940,1915,16,1,11404.38,30
6941,2832,105,3,32040.63,5
6942,1761,48,5,2826.0,10
6943,738,20,5,19808.12,0
6944,1307,138,-3,20766.23,0
6945,2693,64,1,13992.85,0
6946,1999,149,4,42977.88,25
6947,1791,133,3,41842.87,0
6948,1392,148,2,25217.21,15
6949,2239,16,1,33283.79,25
6950,1598,93,2,44943.0,15
6951,2525,87,5,31517.65,10
6952,886,60,3,42176.69,30
6953,1178,61,-4,9387.56,20
6954,1957,92,2,32159.9,0
6955,1077,98,5,6420.96,20
6956,362,97,2,5248.99,0
6957,610,87,1,15280.39,0
6958,856,46,3,18879.72,5
6959,442,135,1,8637.53,120
6960,2500,102,1,28657.38,10
6961,879,87,1,22684.2,5
6962,549,9,4,15032.28,20
6963,1847,108,5,3077.3,0
6964,406,125,2,15992.97,15
6965,1263,54,1,24451.38,0
6966,2532,74,1,27460.62,10
6967,2392,96,5,11249.07,0
6968,1689,60,3,45061.85,0
6969,150,12,3,18713.43,0
6970,2316,30,5,6210.39,25
6971,562,149,4,34859.97,0
6972,1366,79,5,40868.68,5
6973,638,26,3,33584.04,0
6974,2031,79,4,47383.75,0
6975,351,142,3,23381.8,5
6976,2911,149,4,43364.58,30
6977,67,144,4,5051.12,30
6978,1931,58,5,29825.0,10
6979,2437,85,4,10336.57,15
6980,254,78,5,41559.58,10
6981,2167,23,2,39817.5,5
6982,867,135,4,49380.84,0
6983,1326,35,3,40203.7,0
6984,408,119,4,45918.8,0
6985,1024,2,1,36963.79,0
6986,2514,120,4,45456.49,0
6987,152,71,2,4041.85,10
6988,603,18,5,8521.91,20
6989,1040,74,1,3505.0,20
6990,2997,75,1,30281.97,15
6991,1353,99,5,11471.53,5
6992,914,48,5,29263.67,0
6993,2119,40,2,42501.34,5
6994,2913,123,2,36531.01,25
6995,2434,60,5,48122.43,25
6996,1812,51,1,33785.84,0
6997,1175,135,-1,33245.35,15
6998,2711,74,1,43651.68,20
6999,1857,109,3,24232.36,25
7000,1284,57,2,10198.62,20
7001,1361,112,3,9848.35,0
7002,1508,1,2,47459.98,5
7003,673,36,5,19339.73,10
7004,1740,52,1,32518.43,20
7005,1282,141,1,30615.46,0
7006,1666,78,3,16604.72,0
7007,2366,39,2,6898.62,30
7008,1138,148,2,14870.93,15
7009,170,122,3,40898.41,30
7010,2232,6,2,34230.64,10
7011,215,3,-1,21698.23,25
7012,207,58,4,30481.94,10
7013,2743,40,1,41526.85,30
7014,696,129,4,22718.15,5
7015,2049,82,5,42668.94,25
7016,2728,52,1,33617.91,0
7017,1875,74,5,26526.9,0
7018,1512,79,3,13092.91,15
7019,1953,146,5,35214.26,0
7020,2800,58,2,42589.93,0
7021,2140,148,4,36218.66,5
7022,2716,35,3,5256.33,15
7023,1478,116,2,9253.1,0
7024,152,24,4,19696.36,30
7025,845,43,1,41274.29,0
7026,611,54,3,32429.24,0
7027,323,133,3,35178.06,0
7028,1435,123,-2,35800.52,10
7029,1967,114,1,10334.95,0
7030,501,63,4,41327.22,25
7031,794,30,4,36865.99,10
7032,352,138,5,18053.15,25
7033,2767,96,1,4883.22,20
7034,1396,144,2,18279.02,25
7035,1008,131,4,1403.95,15
7036,33,58,1,11135.24,15
7037,2473,93,2,38476.74,15
7038,65,1,4,42501.82,0
7039,583,93,5,40788.88,25
7040,1826,23,1,46841.25,0
7041,2586,2,2,33320.3,5
7042,1249,58,2,13009.26,5
7043,2875,86,4,23804.84,10
7044,706,21,4,12582.41,20
7045,687,59,5,34521.19,30
7046,893,147,4,2518.95,20
7047,1879,150,2,17525.86,0
7048,127,118,1,48278.01,0
7049,1518,52,3,18134.94,0
7050,2636,52,2,27943.26,15
7051,618,71,5,15996.06,0
7052,2797,137,1,13188.36,30
7053,501,81,4,29116.98,0
7054,2904,103,3,26187.46,20
7055,2164,145,5,9278.45,20
7056,2957,50,1,20171.15,0
7057,2532,70,3,42025.31,0
7058,786,40,3,18805.07,0
7059,2199,47,4,9302.51,5
7060,2830,6,5,49363.36,20
7061,1682,92,1,41441.93,10
7062,41,54,3,24025.83,0
7063,2527,125,1,24042.83,5
7064,1220,6,3,41215.98,0
7065,2227,109,4,26581.01,5
7066,2432,69,-2,39791.73,0
7067,1233,31,3,40639.02,0
7068,53,89,1,45268.49,0
7069,569,96,5,9081.83,0
7070,2133,76,1,28731.19,30
7071,328,105,2,7318.15,0
7072,1132,79,1,9873.9,0
7073,1733,6,2,6201.23,0
7074,1683,84,5,46954.46,30
7075,1359,17,2,20206.14,5
7076,2117,8,3,42465.2,25
7077,119,76,4,24922.2,5
7078,448,141,5,43031.92,25
7079,894,90,5,2273.97,15
7080,2681,63,2,33984.51,5
7081,808,84,1,38669.07,10
7082,2996,133,-5,13325.35,0
7083,722,122,-5,18914.4,10
7084,2631,105,4,18873.06,0
7085,2050,92,3,44080.63,0
7086,2932,53,4,48222.63,25
7087,2863,83,3,16873.18,15
7088,366,72,2,26928.14,0
7089,1291,6,5,32634.6,0
7090,1454,132,1,31814.0,0
7091,2364,7,3,15433.48,0
7092,417,108,3,35971.78,0
7093,2162,28,1,11362.31,15
7094,2372,126,2,13673.66,15
7095,2260,41,3,34529.7,15
7096,1038,92,5,18558.09,0
7097,1571,6,1,15122.61,20
7098,2025,111,1,28973.05,25
7099,1801,115,3,38939.12,10
7100,425,49,4,4653.38,20
7101,1468,52,3,41062.56,30
7102,2353,21,5,44172.2,25
7103,1023,117,2,10872.12,15
7104,1554,37,1,42701.68,10
7105,1909,142,3,22226.62,10
7106,1009,55,3,10954.61,20
7107,1666,47,5,19983.45,0
7108,26,102,3,17058.49,0
7109,1293,4,1,53.49,15
7110,178,72,4,3197.61,0
7111,2990,46,5,24474.86,30
7112,1038,39,5,39305.66,0
7113,1163,121,1,12730.43,0
7114,1731,125,3,30994.73,0
7115,1378,27,-4,12772.57,5
7116,2195,59,3,144.15,20
7117,1930,9,4,45166.94,10
7118,1501,57,1,22931.23,5
7119,1474,40,4,37033.25,0
7120,1007,52,1,39495.01,30
7121,2248,15,5,17622.02,5
7122,1218,28,2,46427.28,20
7123,1800,69,3,3727.15,30
7124,2703,66,2,43197.89,10
7125,1872,129,2,41974.66,30
7126,799,110,3,1137.11,5
7127,1176,135,1,17671.93,15
7128,474,101,1,20535.3,0
7129,62,74,3,1910.6,0
7130,318,54,5,33512.85,0
7131,1011,93,3,26815.88,30
7132,2271,83,3,20483.13,0
7133,2324,60,3,46725.83,5
7134,2783,48,1,39765.34,25
7135,821,36,4,24058.53,0
7136,492,75,3,16443.27,0
7137,2398,150,5,544.57,0
7138,1551,63,5,46137.47,0
7139,124,115,2,37843.62,5
7140,871,10,4,23774.45,0
7141,1892,46,5,15754.67,15
7142,2580,129,2,12645.21,20
7143,2415,73,2,37990.08,10
7144,1329,126,4,11099.72,10
7145,537,27,3,46420.6,5
7146,372,56,1,27476.48,20
7147,2608,132,2,8693.89,15
7148,262,74,2,40692.06,20
7149,1834,143,5,47234.63,5
7150,2179,66,3,19543.44,0
7151,2153,52,3,24459.05,20
7152,2159,15,1,4349.94,30
7153,2434,101,3,46337.13,0
7154,1516,104,3,1735.02,25
7155,1034,37,1,15408.44,15
7156,352,49,4,13084.45,25
7157,2348,39,2,44452.31,0
7158,2220,96,5,30499.51,0
7159,714,132,5,39052.78,25
7160,2407,110,1,26586.34,5
7161,2152,111,2,4240.93,20
7162,2670,14,1,694.54,15
7163,2995,4,4,47605.78,0
7164,1045,6,4,15095.24,25
7165,2073,34,4,15042.64,20
7166,1537,39,2,32101.45,10
7167,688,24,5,12189.03,30
7168,2816,82,5,25376.2,10
7169,252,114,1,24194.42,0
7170,318,65,3,9658.69,0
7171,1869,82,4,5708.36,0
7172,512,120,4,9155.28,0
7173,1698,20,3,25686.28,15
7174,340,2,2,27995.97,0
7175,784,80,3,5577.3,25
7176,532,37,1,25074.98,0
7177,1954,145,1,33749.97,30
7178,1400,64,4,3021.77,5
7179,1566,140,2,40569.64,0
7180,426,56,1,25779.84,0
7181,2207,75,2,43092.24,0
7182,389,140,2,8459.71,0
7183,1273,120,1,47777.84,5
7184,383,40,3,40573.66,10
7185,2852,71,3,9215.74,0
7186,2108,29,1,41936.26,30
7187,2446,70,1,4177.08,25
7188,877,103,5,47079.7,25
7189,1532,17,3,31442.35,15
7190,2427,74,1,352.26,10
7191,1821,71,3,24460.47,0
7192,1985,25,3,483.06,20
7193,146,108,1,29382.89,0
7194,610,59,4,18321.67,25
7195,1177,34,2,15851.11,25
7196,2893,8,3,9893.76,0
7197,854,81,1,28476.25,0
7198,477,42,3,31516.46,15
7199,619,36,1,37667.02,15
7200,179,142,0,30229.09,15
7201,1589,105,3,11366.09,20
7202,2912,70,-1,15099.75,15
7203,2632,142,-4,7849.09,0
7204,1258,68,4,12612.46,15
7205,1216,68,5,19980.26,5
7206,1550,8,1,4166.93,20
7207,2286,119,1,6344.86,15
7208,1711,63,3,49696.17,20
7209,2584,86,-2,19415.15,15
7210,2102,17,5,12227.24,0
7211,2949,54,2,46474.25,15
7212,472,33,4,32545.71,0
7213,1723,136,3,17019.92,20
7214,2843,148,5,7356.76,0
7215,1116,103,3,31564.16,0
7216,2454,12,2,19707.68,25
7217,1693,138,1,43230.79,0
7218,2651,11,5,8801.56,30
7219,953,108,3,36838.66,5
7220,87,137,3,27822.82,15
7221,577,48,1,17811.2,0
7222,1200,134,4,20369.47,5
7223,2083,24,1,19431.22,0
7224,1794,39,4,18572.87,25
7225,2415,122,3,42822.64,30
7226,739,135,4,6313.97,0
7227,27,97,3,38408.24,20
7228,2144,46,3,36703.22,25
7229,1649,130,1,24524.01,0
7230,2336,135,4,34693.63,0
7231,1465,74,1,23783.77,0
7232,1559,119,2,6895.43,25
7233,1426,86,3,45613.1,30
7234,1101,52,1,17302.15,0
7235,2362,61,1,49931.23,5
7236,2723,131,4,27217.03,5
7237,2301,12,4,24668.05,0
7238,338,132,4,33343.14,20
7239,1943,26,4,6304.24,0
7240,2866,90,5,12364.12,5
7241,1928,67,5,49408.29,10
7242,263,139,3,37836.95,0
7243,2043,133,3,42006.14,30
7244,1321,110,3,30130.25,5
7245,127,66,5,12441.43,10
7246,1945,5,4,43231.12,5
7247,359,72,1,19409.03,0
7248,178,100,5,4088.56,25
7249,1120,103,-4,43908.58,10
7250,1,89,1,44099.8,0
7251,2679,39,4,9294.82,0
7252,2472,3,4,44151.42,0
7253,1262,42,2,31913.63,20
7254,1150,90,4,31283.76,0
7255,2425,76,2,7111.28,0
7256,933,84,-2,45079.81,5
7257,886,39,3,32238.01,5
7258,1925,11,1,40627.0,10
7259,2618,108,4,16313.56,30
7260,2684,133,3,32045.1,5
7261,2985,26,4,49320.77,20
7262,263,67,1,1524.79,0
7263,1374,117,-1,43026.5,25
7264,2626,59,4,5205.27,0
7265,1724,20,2,25816.22,15
7266,147,24,-4,33049.37,15
7267,1218,44,3,6903.57,15
7268,57,77,-2,17907.06,15
7269,1149,71,1,29295.02,15
7270,638,133,2,39865.57,20
7271,48,130,2,49915.8,0
7272,1389,30,5,28055.73,15
7273,2402,21,1,29888.54,20
7274,898,95,3,24295.53,25
7275,1307,75,3,8557.27,5
7276,1113,8,5,25143.62,15
7277,1988,79,2,24880.8,0
7278,1806,91,5,18849.89,0
7279,2271,18,1,11590.3,10
7280,647,149,5,25054.98,5
7281,2066,125,2,32707.51,0
7282,2898,129,3,27263.93,0
7283,1057,96,4,11209.61,30
7284,2236,135,1,15112.43,0
7285,730,76,4,37048.16,0
7286,77,10,0,2661.57,15
7287,2700,122,3,8680.29,20
7288,1145,79,5,25256.36,5
7289,154,11,2,32216.49,15
7290,2230,48,5,31471.44,25
7291,687,121,1,10521.27,30
7292,513,30,4,12303.91,0
7293,1557,109,5,13702.47,10
7294,2400,74,5,9925.31,0
7295,1671,45,3,23207.61,0
7296,1165,56,3,19260.18,5
7297,523,129,4,47785.38,5
7298,1187,36,1,8184.08,0
7299,22,91,1,42681.27,10
7300,803,116,2,44204.36,20
7301,2328,45,3,42617.78,0
7302,1933,96,1,26180.92,30
7303,2912,46,5,3437.34,5
7304,2668,23,2,8550.53,0
7305,2403,130,4,48491.94,10
7306,658,38,4,182.02,25
7307,1717,110,1,20198.17,10
7308,521,1,4,11600.11,15
7309,2506,40,2,27381.45,30
7310,364,131,4,187.42,10
7311,309,26,2,38912.78,10
7312,2442,72,4,19348.41,15
7313,1487,116,3,11646.75,0
7314,2054,37,3,18255.21,0
7315,1255,147,3,18718.84,0
7316,1733,95,2,15049.85,0
7317,2053,144,1,21092.16,0
7318,2652,75,-5,29723.81,30
7319,810,54,3,27554.13,25
7320,369,22,1,41819.4,5
7321,670,133,4,41302.37,15
7322,2879,143,1,41370.83,15
7323,1904,28,4,20040.88,30
7324,965,143,3,5133.73,5
7325,1656,109,4,27065.87,0
7326,2720,2,5,38582.18,0
7327,2852,72,-4,6138.48,15
7328,1702,61,1,1366.32,30
7329,1517,88,4,9659.31,5
7330,2121,26,2,14338.37,20
7331,1632,71,5,16620.57,0
7332,1228,82,2,32825.12,0
7333,831,3,3,46472.16,0
7334,1824,83,1,31850.91,20
7335,430,124,2,45630.16,25
7336,1960,123,4,19139.17,10
7337,324,100,2,47956.27,15
7338,2507,122,2,1600.13,5
7339,1314,148,3,19616.74,30
7340,2303,52,4,15327.99,0
7341,189,44,-4,19887.32,10
7342,1444,122,4,2207.71,0
7343,709,49,4,9857.09,15
7344,1976,143,1,40891.46,0
7345,2185,99,5,25734.28,30
7346,1986,142,3,47062.97,20
7347,1323,147,1,899.89,5
7348,803,32,2,32154.35,0
7349,652,126,3,25294.42,0
7350,2464,98,3,27125.88,25
7351,1880,48,1,40304.8,5
7352,1093,43,3,46657.81,10
7353,242,3,-4,42828.9,25
7354,518,69,1,10789.16,5
7355,215,8,5,26049.68,0
7356,2462,46,3,35673.62,20
7357,647,18,5,42118.66,15
7358,952,32,4,11381.35,25
7359,1567,11,2,26346.78,10
7360,2963,105,5,25783.44,5
7361,1687,150,1,23824.07,5
7362,2836,50,1,12611.82,15
7363,1656,141,5,15347.21,0
7364,2238,117,3,10480.18,5
7365,399,140,2,37491.72,0
7366,2016,62,2,47764.28,20
7367,2949,97,2,14485.21,5
7368,263,4,5,43511.4,30
7369,1665,25,1,8669.96,30
7370,1513,123,1,44105.45,20
7371,2332,107,3,12037.31,0
7372,1665,108,5,6976.58,25
7373,857,145,5,8936.36,0
7374,833,117,3,39694.13,0
7375,1413,97,4,2358.03,30
7376,2842,3,3,38742.97,0
7377,535,68,5,14018.56,30
7378,724,72,1,32056.24,5
7379,1915,38,1,3200.4,0
7380,2905,124,2,7029.11,0
7381,710,13,5,34330.98,0
7382,1478,20,4,47910.44,30
7383,522,5,4,12268.97,10
7384,2189,69,1,17922.42,30
7385,750,16,2,2138.6,20
7386,1641,95,1,24626.25,0
7387,1153,54,4,21938.04,30
7388,2693,75,4,438.44,5
7389,1091,99,5,49827.11,0
7390,551,115,4,19678.94,5
7391,1482,129,3,49838.67,20
7392,542,45,5,13020.98,15
7393,1543,61,3,29106.1,25
7394,1003,106,2,30367.77,25
7395,2732,120,1,42130.08,30
7396,2625,21,5,20602.88,20
7397,2336,52,3,42631.1,15
7398,2774,43,3,13725.22,0
7399,2664,114,5,23141.07,25
7400,260,50,4,20019.87,10
7401,1715,113,1,13859.65,30
7402,947,97,1,46091.6,0
7403,2102,123,1,5431.36,30
7404,701,143,1,8401.52,15
7405,966,68,3,38649.09,0
7406,137,19,2,1291.06,0
7407,2161,49,-4,36551.24,25
7408,1715,63,2,48626.29,0
7409,50,40,2,8192.66,0
7410,168,100,2,47955.01,30
7411,89,103,3,25626.24,0
7412,2830,112,-5,8521.42,0
7413,717,119,4,1135.33,10
7414,192,143,-2,8536.94,20
7415,2546,34,4,30940.15,0
7416,1358,55,5,24512.99,15
7417,1092,14,1,13369.05,0
7418,2197,89,4,521.02,15
7419,929,31,2,38053.59,30
7420,725,116,5,15851.14,10
7421,975,68,5,10902.57,0
7422,1562,19,4,11205.66,30
7423,2741,119,2,35235.73,10
7424,1365,38,1,14047.88,0
7425,1694,126,2,30575.56,0
7426,1551,30,2,38524.46,20
7427,2720,87,3,49182.47,0
7428,36,41,4,27871.38,20
7429,421,41,4,42208.7,25
7430,655,124,2,49474.46,30
7431,241,14,1,641.98,0
7432,2291,13,1,27976.65,0
7433,16,51,5,25608.89,15
7434,1190,27,4,21301.56,10
7435,322,101,2,29751.01,15
7436,910,131,4,29078.16,15
7437,651,45,1,47291.36,30
7438,257,96,5,12761.36,20
7439,1088,39,3,2951.17,25
7440,1050,131,3,41883.05,0
7441,1196,58,1,21722.77,0
7442,2980,7,4,35970.13,0
7443,448,56,3,715.89,10
7444,840,57,3,6092.48,30
7445,504,61,3,31964.65,0
7446,2696,72,4,36780.01,0
7447,1902,149,5,32946.65,15
7448,613,142,4,41762.03,30
7449,1736,33,5,35244.13,20
7450,959,75,1,48613.54,5
7451,2351,82,5,43861.27,10
7452,116,86,3,11857.56,0
7453,747,114,-1,37569.95,0
7454,1727,25,1,15000.81,25
7455,156,126,4,48529.95,20
7456,645,134,4,11617.34,30
7457,2133,88,2,25612.87,10
7458,1632,42,3,16122.72,30
7459,1014,29,3,40147.1,0
7460,797,19,2,15167.9,30
7461,1982,87,1,40543.9,0
7462,760,106,2,22408.56,5
7463,1489,116,2,9355.24,30
7464,1609,1,1,46261.81,10
7465,2844,27,1,40779.93,25
7466,1380,41,3,46894.45,20
7467,1352,11,5,2497.38,30
7468,798,4,4,23947.64,0
7469,1897,138,4,31356.31,0
7470,455,23,5,49204.88,25
7471,251,51,4,45876.72,0
7472,623,143,4,38069.01,10
7473,2750,87,4,19745.16,15
7474,2661,146,1,13349.46,25
7475,2727,16,5,31913.72,15
7476,2564,101,3,3348.62,0
7477,107,64,-1,38812.51,0
7478,177,135,0,41540.24,20
7479,2099,141,2,20326.09,30
7480,1671,139,3,3342.08,0
7481,2439,18,4,43539.5,0
7482,2393,79,2,241.71,0
7483,2952,55,-5,5712.24,10
7484,2493,80,2,34927.97,0
7485,472,9,3,45024.57,0
7486,1070,72,2,411.13,0
7487,2007,61,2,22604.97,0
7488,765,14,5,41384.08,120
7489,1146,59,4,27034.05,20
7490,1146,141,1,20501.05,20
7491,816,6,1,12418.51,25
7492,1358,107,4,13332.77,30
7493,791,71,3,12593.75,0
7494,1988,35,1,9695.47,15
7495,401,75,5,49829.69,0
7496,2163,66,2,20600.86,0
7497,1618,45,2,37230.83,20
7498,367,50,4,49632.61,0
7499,1465,3,5,5422.08,5
7500,1269,105,5,22560.87,30
7501,4000,45,1,3048.03,10
7502,4001,104,3,418.4,0
7503,4002,120,3,2530.67,20
7504,4003,1,1,3227.62,0
7505,4004,104,3,2848.84,0
